timestamp,frequency_offset_hz,power_db
2026-08-25T19:22:52.747-04:00,-999.755859,-30.388956
2026-08-25T19:22:52.747-04:00,-999.298096,-30.626371
2026-08-25T19:22:52.747-04:00,-998.840332,-27.008461
2026-08-25T19:22:52.747-04:00,-998.382568,-24.969749
2026-08-25T19:22:52.747-04:00,-997.924805,-25.971582
2026-08-25T19:22:52.747-04:00,-997.467041,-29.897575
2026-08-25T19:22:52.747-04:00,-997.009277,-35.613708
2026-08-25T19:22:52.747-04:00,-996.551514,-29.078892
2026-08-25T19:22:52.747-04:00,-996.093750,-31.124847
2026-08-25T19:22:52.747-04:00,-995.635986,-32.497726
2026-08-25T19:22:52.747-04:00,-995.178223,-27.532785
2026-08-25T19:22:52.747-04:00,-994.720459,-26.492270
2026-08-25T19:22:52.747-04:00,-994.262695,-24.835285
2026-08-25T19:22:52.747-04:00,-993.804932,-22.883520
2026-08-25T19:22:52.747-04:00,-993.347168,-21.661108
2026-08-25T19:22:52.747-04:00,-992.889404,-22.149981
2026-08-25T19:22:52.747-04:00,-992.431641,-26.476723
2026-08-25T19:22:52.747-04:00,-991.973877,-34.552376
2026-08-25T19:22:52.747-04:00,-991.516113,-28.682606
2026-08-25T19:22:52.747-04:00,-991.058350,-26.833784
2026-08-25T19:22:52.747-04:00,-990.600586,-27.615032
2026-08-25T19:22:52.747-04:00,-990.142822,-28.581209
2026-08-25T19:22:52.747-04:00,-989.685059,-25.984182
2026-08-25T19:22:52.747-04:00,-989.227295,-22.289209
2026-08-25T19:22:52.747-04:00,-988.769531,-22.019459
2026-08-25T19:22:52.747-04:00,-988.311768,-23.460329
2026-08-25T19:22:52.747-04:00,-987.854004,-25.253353
2026-08-25T19:22:52.747-04:00,-987.396240,-30.351318
2026-08-25T19:22:52.747-04:00,-986.938477,-33.664299
2026-08-25T19:22:52.747-04:00,-986.480713,-26.929173
2026-08-25T19:22:52.747-04:00,-986.022949,-22.215389
2026-08-25T19:22:52.747-04:00,-985.565186,-22.216728
2026-08-25T19:22:52.747-04:00,-985.107422,-25.576439
2026-08-25T19:22:52.747-04:00,-984.649658,-26.856968
2026-08-25T19:22:52.747-04:00,-984.191895,-26.131361
2026-08-25T19:22:52.747-04:00,-983.734131,-29.790260
2026-08-25T19:22:52.747-04:00,-983.276367,-44.429203
2026-08-25T19:22:52.747-04:00,-982.818604,-36.071598
2026-08-25T19:22:52.747-04:00,-982.360840,-44.884876
2026-08-25T19:22:52.747-04:00,-981.903076,-35.806778
2026-08-25T19:22:52.747-04:00,-981.445312,-35.207726
2026-08-25T19:22:52.747-04:00,-980.987549,-51.305664
2026-08-25T19:22:52.747-04:00,-980.529785,-30.385859
2026-08-25T19:22:52.747-04:00,-980.072021,-25.475531
2026-08-25T19:22:52.747-04:00,-979.614258,-23.389690
2026-08-25T19:22:52.747-04:00,-979.156494,-21.964415
2026-08-25T19:22:52.747-04:00,-978.698730,-21.649382
2026-08-25T19:22:52.747-04:00,-978.240967,-22.384521
2026-08-25T19:22:52.747-04:00,-977.783203,-23.165882
2026-08-25T19:22:52.747-04:00,-977.325439,-23.502399
2026-08-25T19:22:52.747-04:00,-976.867676,-22.511881
2026-08-25T19:22:52.747-04:00,-976.409912,-21.268576
2026-08-25T19:22:52.747-04:00,-975.952148,-22.182329
2026-08-25T19:22:52.747-04:00,-975.494385,-23.990627
2026-08-25T19:22:52.747-04:00,-975.036621,-24.155964
2026-08-25T19:22:52.747-04:00,-974.578857,-24.145111
2026-08-25T19:22:52.747-04:00,-974.121094,-25.833794
2026-08-25T19:22:52.747-04:00,-973.663330,-30.952253
2026-08-25T19:22:52.747-04:00,-973.205566,-41.804691
2026-08-25T19:22:52.747-04:00,-972.747803,-26.185688
2026-08-25T19:22:52.747-04:00,-972.290039,-23.142803
2026-08-25T19:22:52.747-04:00,-971.832275,-23.903469
2026-08-25T19:22:52.747-04:00,-971.374512,-26.191151
2026-08-25T19:22:52.747-04:00,-970.916748,-29.921192
2026-08-25T19:22:52.747-04:00,-970.458984,-28.964203
2026-08-25T19:22:52.747-04:00,-970.001221,-23.866360
2026-08-25T19:22:52.747-04:00,-969.543457,-22.568718
2026-08-25T19:22:52.747-04:00,-969.085693,-22.092846
2026-08-25T19:22:52.747-04:00,-968.627930,-23.742010
2026-08-25T19:22:52.747-04:00,-968.170166,-27.324814
2026-08-25T19:22:52.747-04:00,-967.712402,-30.286234
2026-08-25T19:22:52.747-04:00,-967.254639,-29.314869
2026-08-25T19:22:52.747-04:00,-966.796875,-28.954325
2026-08-25T19:22:52.747-04:00,-966.339111,-30.879604
2026-08-25T19:22:52.747-04:00,-965.881348,-28.582087
2026-08-25T19:22:52.747-04:00,-965.423584,-28.627966
2026-08-25T19:22:52.747-04:00,-964.965820,-35.114033
2026-08-25T19:22:52.747-04:00,-964.508057,-36.163498
2026-08-25T19:22:52.747-04:00,-964.050293,-42.254391
2026-08-25T19:22:52.747-04:00,-963.592529,-32.747215
2026-08-25T19:22:52.747-04:00,-963.134766,-26.018890
2026-08-25T19:22:52.747-04:00,-962.677002,-22.832336
2026-08-25T19:22:52.747-04:00,-962.219238,-22.529469
2026-08-25T19:22:52.747-04:00,-961.761475,-24.236813
2026-08-25T19:22:52.747-04:00,-961.303711,-25.921551
2026-08-25T19:22:52.747-04:00,-960.845947,-23.191772
2026-08-25T19:22:52.747-04:00,-960.388184,-20.547579
2026-08-25T19:22:52.747-04:00,-959.930420,-18.543341
2026-08-25T19:22:52.747-04:00,-959.472656,-18.061239
2026-08-25T19:22:52.747-04:00,-959.014893,-20.800510
2026-08-25T19:22:52.747-04:00,-958.557129,-24.541922
2026-08-25T19:22:52.747-04:00,-958.099365,-22.771168
2026-08-25T19:22:52.747-04:00,-957.641602,-20.575218
2026-08-25T19:22:52.747-04:00,-957.183838,-21.670773
2026-08-25T19:22:52.747-04:00,-956.726074,-28.417608
2026-08-25T19:22:52.747-04:00,-956.268311,-37.456081
2026-08-25T19:22:52.747-04:00,-955.810547,-29.704676
2026-08-25T19:22:52.747-04:00,-955.352783,-41.601250
2026-08-25T19:22:52.747-04:00,-954.895020,-34.284569
2026-08-25T19:22:52.747-04:00,-954.437256,-46.946945
2026-08-25T19:22:52.747-04:00,-953.979492,-35.109421
2026-08-25T19:22:52.747-04:00,-953.521729,-42.962795
2026-08-25T19:22:52.747-04:00,-953.063965,-36.513634
2026-08-25T19:22:52.747-04:00,-952.606201,-36.161503
2026-08-25T19:22:52.747-04:00,-952.148438,-34.311806
2026-08-25T19:22:52.747-04:00,-951.690674,-27.980726
2026-08-25T19:22:52.747-04:00,-951.232910,-24.941650
2026-08-25T19:22:52.747-04:00,-950.775146,-24.275166
2026-08-25T19:22:52.747-04:00,-950.317383,-24.452118
2026-08-25T19:22:52.747-04:00,-949.859619,-23.772152
2026-08-25T19:22:52.747-04:00,-949.401855,-22.504326
2026-08-25T19:22:52.747-04:00,-948.944092,-23.909281
2026-08-25T19:22:52.747-04:00,-948.486328,-34.338104
2026-08-25T19:22:52.747-04:00,-948.028564,-39.426331
2026-08-25T19:22:52.747-04:00,-947.570801,-41.635780
2026-08-25T19:22:52.747-04:00,-947.113037,-33.506649
2026-08-25T19:22:52.747-04:00,-946.655273,-34.052719
2026-08-25T19:22:52.747-04:00,-946.197510,-27.937735
2026-08-25T19:22:52.747-04:00,-945.739746,-27.421467
2026-08-25T19:22:52.747-04:00,-945.281982,-34.209038
2026-08-25T19:22:52.747-04:00,-944.824219,-36.328094
2026-08-25T19:22:52.747-04:00,-944.366455,-29.323301
2026-08-25T19:22:52.747-04:00,-943.908691,-31.710888
2026-08-25T19:22:52.747-04:00,-943.450928,-37.132595
2026-08-25T19:22:52.747-04:00,-942.993164,-37.239071
2026-08-25T19:22:52.747-04:00,-942.535400,-36.735794
2026-08-25T19:22:52.747-04:00,-942.077637,-36.261703
2026-08-25T19:22:52.747-04:00,-941.619873,-34.735077
2026-08-25T19:22:52.747-04:00,-941.162109,-30.328983
2026-08-25T19:22:52.747-04:00,-940.704346,-27.636297
2026-08-25T19:22:52.747-04:00,-940.246582,-26.499815
2026-08-25T19:22:52.747-04:00,-939.788818,-25.554665
2026-08-25T19:22:52.747-04:00,-939.331055,-22.912945
2026-08-25T19:22:52.747-04:00,-938.873291,-23.259611
2026-08-25T19:22:52.747-04:00,-938.415527,-27.594231
2026-08-25T19:22:52.747-04:00,-937.957764,-27.830280
2026-08-25T19:22:52.747-04:00,-937.500000,-25.461359
2026-08-25T19:22:52.747-04:00,-937.042236,-24.133417
2026-08-25T19:22:52.747-04:00,-936.584473,-25.625893
2026-08-25T19:22:52.747-04:00,-936.126709,-30.232147
2026-08-25T19:22:52.747-04:00,-935.668945,-32.978592
2026-08-25T19:22:52.747-04:00,-935.211182,-29.057678
2026-08-25T19:22:52.747-04:00,-934.753418,-26.098228
2026-08-25T19:22:52.747-04:00,-934.295654,-28.760450
2026-08-25T19:22:52.747-04:00,-933.837891,-25.123770
2026-08-25T19:22:52.747-04:00,-933.380127,-24.637611
2026-08-25T19:22:52.747-04:00,-932.922363,-41.801113
2026-08-25T19:22:52.747-04:00,-932.464600,-26.639206
2026-08-25T19:22:52.747-04:00,-932.006836,-25.766487
2026-08-25T19:22:52.747-04:00,-931.549072,-25.467863
2026-08-25T19:22:52.747-04:00,-931.091309,-24.321976
2026-08-25T19:22:52.747-04:00,-930.633545,-25.161510
2026-08-25T19:22:52.747-04:00,-930.175781,-34.036606
2026-08-25T19:22:52.747-04:00,-929.718018,-32.578110
2026-08-25T19:22:52.747-04:00,-929.260254,-29.818008
2026-08-25T19:22:52.747-04:00,-928.802490,-28.856808
2026-08-25T19:22:52.747-04:00,-928.344727,-30.263815
2026-08-25T19:22:52.747-04:00,-927.886963,-37.630566
2026-08-25T19:22:52.747-04:00,-927.429199,-28.559303
2026-08-25T19:22:52.747-04:00,-926.971436,-23.266396
2026-08-25T19:22:52.747-04:00,-926.513672,-23.324699
2026-08-25T19:22:52.747-04:00,-926.055908,-27.967966
2026-08-25T19:22:52.747-04:00,-925.598145,-29.528706
2026-08-25T19:22:52.747-04:00,-925.140381,-28.356932
2026-08-25T19:22:52.747-04:00,-924.682617,-27.212496
2026-08-25T19:22:52.747-04:00,-924.224854,-25.278263
2026-08-25T19:22:52.747-04:00,-923.767090,-25.622322
2026-08-25T19:22:52.747-04:00,-923.309326,-26.839718
2026-08-25T19:22:52.747-04:00,-922.851562,-28.713570
2026-08-25T19:22:52.747-04:00,-922.393799,-31.733383
2026-08-25T19:22:52.747-04:00,-921.936035,-34.914696
2026-08-25T19:22:52.747-04:00,-921.478271,-32.971867
2026-08-25T19:22:52.747-04:00,-921.020508,-41.027199
2026-08-25T19:22:52.747-04:00,-920.562744,-39.439281
2026-08-25T19:22:52.747-04:00,-920.104980,-33.512043
2026-08-25T19:22:52.747-04:00,-919.647217,-33.156235
2026-08-25T19:22:52.747-04:00,-919.189453,-32.321564
2026-08-25T19:22:52.747-04:00,-918.731689,-27.123117
2026-08-25T19:22:52.747-04:00,-918.273926,-25.748108
2026-08-25T19:22:52.747-04:00,-917.816162,-27.880545
2026-08-25T19:22:52.747-04:00,-917.358398,-32.532204
2026-08-25T19:22:52.747-04:00,-916.900635,-33.532608
2026-08-25T19:22:52.747-04:00,-916.442871,-26.589630
2026-08-25T19:22:52.747-04:00,-915.985107,-26.032082
2026-08-25T19:22:52.747-04:00,-915.527344,-27.862799
2026-08-25T19:22:52.747-04:00,-915.069580,-28.494961
2026-08-25T19:22:52.747-04:00,-914.611816,-28.035679
2026-08-25T19:22:52.747-04:00,-914.154053,-24.817888
2026-08-25T19:22:52.747-04:00,-913.696289,-21.147480
2026-08-25T19:22:52.747-04:00,-913.238525,-21.034847
2026-08-25T19:22:52.747-04:00,-912.780762,-23.021542
2026-08-25T19:22:52.747-04:00,-912.322998,-24.389538
2026-08-25T19:22:52.747-04:00,-911.865234,-23.897270
2026-08-25T19:22:52.747-04:00,-911.407471,-23.403244
2026-08-25T19:22:52.747-04:00,-910.949707,-25.104353
2026-08-25T19:22:52.747-04:00,-910.491943,-32.173599
2026-08-25T19:22:52.747-04:00,-910.034180,-34.829849
2026-08-25T19:22:52.747-04:00,-909.576416,-36.578457
2026-08-25T19:22:52.747-04:00,-909.118652,-29.309557
2026-08-25T19:22:52.747-04:00,-908.660889,-25.196095
2026-08-25T19:22:52.747-04:00,-908.203125,-24.117222
2026-08-25T19:22:52.747-04:00,-907.745361,-26.905037
2026-08-25T19:22:52.747-04:00,-907.287598,-30.564545
2026-08-25T19:22:52.747-04:00,-906.829834,-26.075890
2026-08-25T19:22:52.747-04:00,-906.372070,-26.583853
2026-08-25T19:22:52.747-04:00,-905.914307,-33.785271
2026-08-25T19:22:52.747-04:00,-905.456543,-28.117538
2026-08-25T19:22:52.747-04:00,-904.998779,-24.799623
2026-08-25T19:22:52.747-04:00,-904.541016,-27.401857
2026-08-25T19:22:52.747-04:00,-904.083252,-24.163378
2026-08-25T19:22:52.747-04:00,-903.625488,-23.348734
2026-08-25T19:22:52.747-04:00,-903.167725,-24.784372
2026-08-25T19:22:52.747-04:00,-902.709961,-25.763121
2026-08-25T19:22:52.747-04:00,-902.252197,-25.812305
2026-08-25T19:22:52.747-04:00,-901.794434,-23.011734
2026-08-25T19:22:52.747-04:00,-901.336670,-21.533010
2026-08-25T19:22:52.747-04:00,-900.878906,-23.414928
2026-08-25T19:22:52.747-04:00,-900.421143,-23.328188
2026-08-25T19:22:52.747-04:00,-899.963379,-22.282286
2026-08-25T19:22:52.747-04:00,-899.505615,-23.431122
2026-08-25T19:22:52.747-04:00,-899.047852,-28.525833
2026-08-25T19:22:52.747-04:00,-898.590088,-30.518909
2026-08-25T19:22:52.747-04:00,-898.132324,-27.224400
2026-08-25T19:22:52.747-04:00,-897.674561,-31.232845
2026-08-25T19:22:52.747-04:00,-897.216797,-34.868519
2026-08-25T19:22:52.747-04:00,-896.759033,-44.097374
2026-08-25T19:22:52.747-04:00,-896.301270,-33.447212
2026-08-25T19:22:52.747-04:00,-895.843506,-25.568178
2026-08-25T19:22:52.747-04:00,-895.385742,-23.287413
2026-08-25T19:22:52.747-04:00,-894.927979,-25.903660
2026-08-25T19:22:52.747-04:00,-894.470215,-29.855833
2026-08-25T19:22:52.747-04:00,-894.012451,-31.230766
2026-08-25T19:22:52.747-04:00,-893.554688,-31.636007
2026-08-25T19:22:52.747-04:00,-893.096924,-34.006111
2026-08-25T19:22:52.747-04:00,-892.639160,-38.907734
2026-08-25T19:22:52.747-04:00,-892.181396,-40.623451
2026-08-25T19:22:52.747-04:00,-891.723633,-42.605701
2026-08-25T19:22:52.747-04:00,-891.265869,-35.391403
2026-08-25T19:22:52.747-04:00,-890.808105,-28.551361
2026-08-25T19:22:52.747-04:00,-890.350342,-25.504911
2026-08-25T19:22:52.747-04:00,-889.892578,-26.598349
2026-08-25T19:22:52.747-04:00,-889.434814,-26.925470
2026-08-25T19:22:52.747-04:00,-888.977051,-25.366800
2026-08-25T19:22:52.747-04:00,-888.519287,-24.798109
2026-08-25T19:22:52.747-04:00,-888.061523,-24.347698
2026-08-25T19:22:52.747-04:00,-887.603760,-24.473495
2026-08-25T19:22:52.747-04:00,-887.145996,-29.580145
2026-08-25T19:22:52.747-04:00,-886.688232,-37.409714
2026-08-25T19:22:52.747-04:00,-886.230469,-27.684265
2026-08-25T19:22:52.747-04:00,-885.772705,-26.504887
2026-08-25T19:22:52.747-04:00,-885.314941,-29.634293
2026-08-25T19:22:52.747-04:00,-884.857178,-39.313484
2026-08-25T19:22:52.747-04:00,-884.399414,-36.605820
2026-08-25T19:22:52.747-04:00,-883.941650,-28.890518
2026-08-25T19:22:52.747-04:00,-883.483887,-27.370029
2026-08-25T19:22:52.747-04:00,-883.026123,-31.511631
2026-08-25T19:22:52.747-04:00,-882.568359,-50.514565
2026-08-25T19:22:52.747-04:00,-882.110596,-34.241875
2026-08-25T19:22:52.747-04:00,-881.652832,-29.362122
2026-08-25T19:22:52.747-04:00,-881.195068,-25.014549
2026-08-25T19:22:52.747-04:00,-880.737305,-23.752203
2026-08-25T19:22:52.747-04:00,-880.279541,-26.744383
2026-08-25T19:22:52.747-04:00,-879.821777,-31.701183
2026-08-25T19:22:52.747-04:00,-879.364014,-33.180027
2026-08-25T19:22:52.747-04:00,-878.906250,-27.057854
2026-08-25T19:22:52.747-04:00,-878.448486,-26.766632
2026-08-25T19:22:52.747-04:00,-877.990723,-31.673613
2026-08-25T19:22:52.747-04:00,-877.532959,-30.571690
2026-08-25T19:22:52.747-04:00,-877.075195,-24.269449
2026-08-25T19:22:52.747-04:00,-876.617432,-21.795570
2026-08-25T19:22:52.747-04:00,-876.159668,-21.975685
2026-08-25T19:22:52.747-04:00,-875.701904,-23.793467
2026-08-25T19:22:52.747-04:00,-875.244141,-27.660950
2026-08-25T19:22:52.747-04:00,-874.786377,-29.734344
2026-08-25T19:22:52.747-04:00,-874.328613,-28.156910
2026-08-25T19:22:52.747-04:00,-873.870850,-27.763861
2026-08-25T19:22:52.747-04:00,-873.413086,-24.685951
2026-08-25T19:22:52.747-04:00,-872.955322,-21.849297
2026-08-25T19:22:52.747-04:00,-872.497559,-24.343615
2026-08-25T19:22:52.747-04:00,-872.039795,-35.635109
2026-08-25T19:22:52.747-04:00,-871.582031,-36.629585
2026-08-25T19:22:52.747-04:00,-871.124268,-31.570684
2026-08-25T19:22:52.747-04:00,-870.666504,-36.196407
2026-08-25T19:22:52.747-04:00,-870.208740,-28.227642
2026-08-25T19:22:52.747-04:00,-869.750977,-25.433594
2026-08-25T19:22:52.747-04:00,-869.293213,-28.180206
2026-08-25T19:22:52.747-04:00,-868.835449,-32.085781
2026-08-25T19:22:52.747-04:00,-868.377686,-34.332737
2026-08-25T19:22:52.747-04:00,-867.919922,-33.798149
2026-08-25T19:22:52.747-04:00,-867.462158,-29.894852
2026-08-25T19:22:52.747-04:00,-867.004395,-24.726681
2026-08-25T19:22:52.747-04:00,-866.546631,-24.204586
2026-08-25T19:22:52.747-04:00,-866.088867,-26.056118
2026-08-25T19:22:52.747-04:00,-865.631104,-29.772163
2026-08-25T19:22:52.747-04:00,-865.173340,-38.316761
2026-08-25T19:22:52.747-04:00,-864.715576,-27.419500
2026-08-25T19:22:52.747-04:00,-864.257812,-26.927231
2026-08-25T19:22:52.747-04:00,-863.800049,-28.114641
2026-08-25T19:22:52.747-04:00,-863.342285,-31.591642
2026-08-25T19:22:52.747-04:00,-862.884521,-31.386099
2026-08-25T19:22:52.747-04:00,-862.426758,-27.801943
2026-08-25T19:22:52.747-04:00,-861.968994,-25.995647
2026-08-25T19:22:52.747-04:00,-861.511230,-28.819004
2026-08-25T19:22:52.747-04:00,-861.053467,-35.196339
2026-08-25T19:22:52.747-04:00,-860.595703,-29.362888
2026-08-25T19:22:52.747-04:00,-860.137939,-26.235191
2026-08-25T19:22:52.747-04:00,-859.680176,-33.979618
2026-08-25T19:22:52.747-04:00,-859.222412,-28.949965
2026-08-25T19:22:52.747-04:00,-858.764648,-25.287880
2026-08-25T19:22:52.747-04:00,-858.306885,-31.508444
2026-08-25T19:22:52.747-04:00,-857.849121,-27.555984
2026-08-25T19:22:52.747-04:00,-857.391357,-29.407347
2026-08-25T19:22:52.747-04:00,-856.933594,-30.175190
2026-08-25T19:22:52.747-04:00,-856.475830,-31.974363
2026-08-25T19:22:52.747-04:00,-856.018066,-26.589596
2026-08-25T19:22:52.747-04:00,-855.560303,-21.475792
2026-08-25T19:22:52.747-04:00,-855.102539,-21.126232
2026-08-25T19:22:52.747-04:00,-854.644775,-24.219887
2026-08-25T19:22:52.747-04:00,-854.187012,-26.897736
2026-08-25T19:22:52.747-04:00,-853.729248,-23.823641
2026-08-25T19:22:52.747-04:00,-853.271484,-22.425060
2026-08-25T19:22:52.747-04:00,-852.813721,-23.385813
2026-08-25T19:22:52.747-04:00,-852.355957,-24.649267
2026-08-25T19:22:52.747-04:00,-851.898193,-24.957808
2026-08-25T19:22:52.747-04:00,-851.440430,-27.347307
2026-08-25T19:22:52.747-04:00,-850.982666,-32.205845
2026-08-25T19:22:52.747-04:00,-850.524902,-28.540400
2026-08-25T19:22:52.747-04:00,-850.067139,-26.550867
2026-08-25T19:22:52.747-04:00,-849.609375,-29.752571
2026-08-25T19:22:52.747-04:00,-849.151611,-32.738823
2026-08-25T19:22:52.747-04:00,-848.693848,-40.456848
2026-08-25T19:22:52.747-04:00,-848.236084,-34.808739
2026-08-25T19:22:52.747-04:00,-847.778320,-31.053947
2026-08-25T19:22:52.747-04:00,-847.320557,-36.779446
2026-08-25T19:22:52.747-04:00,-846.862793,-35.536785
2026-08-25T19:22:52.747-04:00,-846.405029,-27.785751
2026-08-25T19:22:52.747-04:00,-845.947266,-26.348190
2026-08-25T19:22:52.747-04:00,-845.489502,-26.458153
2026-08-25T19:22:52.747-04:00,-845.031738,-27.902119
2026-08-25T19:22:52.747-04:00,-844.573975,-29.677719
2026-08-25T19:22:52.747-04:00,-844.116211,-34.277950
2026-08-25T19:22:52.747-04:00,-843.658447,-47.493797
2026-08-25T19:22:52.747-04:00,-843.200684,-36.389915
2026-08-25T19:22:52.747-04:00,-842.742920,-28.415913
2026-08-25T19:22:52.747-04:00,-842.285156,-29.206825
2026-08-25T19:22:52.747-04:00,-841.827393,-36.103065
2026-08-25T19:22:52.747-04:00,-841.369629,-26.142981
2026-08-25T19:22:52.747-04:00,-840.911865,-24.138252
2026-08-25T19:22:52.747-04:00,-840.454102,-24.814369
2026-08-25T19:22:52.747-04:00,-839.996338,-26.869146
2026-08-25T19:22:52.747-04:00,-839.538574,-29.812925
2026-08-25T19:22:52.747-04:00,-839.080811,-27.525570
2026-08-25T19:22:52.747-04:00,-838.623047,-24.263924
2026-08-25T19:22:52.747-04:00,-838.165283,-21.979551
2026-08-25T19:22:52.747-04:00,-837.707520,-22.698736
2026-08-25T19:22:52.747-04:00,-837.249756,-25.611767
2026-08-25T19:22:52.747-04:00,-836.791992,-29.375746
2026-08-25T19:22:52.747-04:00,-836.334229,-30.366343
2026-08-25T19:22:52.747-04:00,-835.876465,-30.038330
2026-08-25T19:22:52.747-04:00,-835.418701,-33.660946
2026-08-25T19:22:52.747-04:00,-834.960938,-30.877193
2026-08-25T19:22:52.747-04:00,-834.503174,-29.211727
2026-08-25T19:22:52.747-04:00,-834.045410,-32.573311
2026-08-25T19:22:52.747-04:00,-833.587646,-42.379364
2026-08-25T19:22:52.747-04:00,-833.129883,-37.650879
2026-08-25T19:22:52.747-04:00,-832.672119,-38.553650
2026-08-25T19:22:52.747-04:00,-832.214355,-30.390324
2026-08-25T19:22:52.747-04:00,-831.756592,-27.916458
2026-08-25T19:22:52.747-04:00,-831.298828,-26.852034
2026-08-25T19:22:52.747-04:00,-830.841064,-24.783937
2026-08-25T19:22:52.747-04:00,-830.383301,-22.745827
2026-08-25T19:22:52.747-04:00,-829.925537,-20.604124
2026-08-25T19:22:52.747-04:00,-829.467773,-21.091221
2026-08-25T19:22:52.747-04:00,-829.010010,-25.141575
2026-08-25T19:22:52.747-04:00,-828.552246,-29.656788
2026-08-25T19:22:52.747-04:00,-828.094482,-30.082190
2026-08-25T19:22:52.747-04:00,-827.636719,-32.809795
2026-08-25T19:22:52.747-04:00,-827.178955,-32.227104
2026-08-25T19:22:52.747-04:00,-826.721191,-31.452602
2026-08-25T19:22:52.747-04:00,-826.263428,-29.727787
2026-08-25T19:22:52.747-04:00,-825.805664,-25.693815
2026-08-25T19:22:52.747-04:00,-825.347900,-23.590429
2026-08-25T19:22:52.747-04:00,-824.890137,-24.022137
2026-08-25T19:22:52.747-04:00,-824.432373,-25.203592
2026-08-25T19:22:52.747-04:00,-823.974609,-25.486586
2026-08-25T19:22:52.747-04:00,-823.516846,-26.094187
2026-08-25T19:22:52.747-04:00,-823.059082,-26.413342
2026-08-25T19:22:52.747-04:00,-822.601318,-27.969357
2026-08-25T19:22:52.747-04:00,-822.143555,-29.566082
2026-08-25T19:22:52.747-04:00,-821.685791,-24.504644
2026-08-25T19:22:52.747-04:00,-821.228027,-21.761770
2026-08-25T19:22:52.747-04:00,-820.770264,-21.631863
2026-08-25T19:22:52.747-04:00,-820.312500,-25.891399
2026-08-25T19:22:52.747-04:00,-819.854736,-37.676331
2026-08-25T19:22:52.747-04:00,-819.396973,-28.924120
2026-08-25T19:22:52.747-04:00,-818.939209,-33.566319
2026-08-25T19:22:52.747-04:00,-818.481445,-36.170448
2026-08-25T19:22:52.747-04:00,-818.023682,-30.062759
2026-08-25T19:22:52.747-04:00,-817.565918,-26.152660
2026-08-25T19:22:52.747-04:00,-817.108154,-25.565006
2026-08-25T19:22:52.747-04:00,-816.650391,-28.126480
2026-08-25T19:22:52.747-04:00,-816.192627,-33.482914
2026-08-25T19:22:52.747-04:00,-815.734863,-34.383667
2026-08-25T19:22:52.747-04:00,-815.277100,-29.220589
2026-08-25T19:22:52.747-04:00,-814.819336,-28.261246
2026-08-25T19:22:52.747-04:00,-814.361572,-33.312614
2026-08-25T19:22:52.747-04:00,-813.903809,-51.952675
2026-08-25T19:22:52.747-04:00,-813.446045,-43.250114
2026-08-25T19:22:52.747-04:00,-812.988281,-32.358898
2026-08-25T19:22:52.747-04:00,-812.530518,-24.966351
2026-08-25T19:22:52.747-04:00,-812.072754,-25.113714
2026-08-25T19:22:52.747-04:00,-811.614990,-29.832325
2026-08-25T19:22:52.747-04:00,-811.157227,-34.455761
2026-08-25T19:22:52.747-04:00,-810.699463,-28.003071
2026-08-25T19:22:52.747-04:00,-810.241699,-25.262032
2026-08-25T19:22:52.747-04:00,-809.783936,-25.181015
2026-08-25T19:22:52.747-04:00,-809.326172,-29.981426
2026-08-25T19:22:52.747-04:00,-808.868408,-41.426025
2026-08-25T19:22:52.747-04:00,-808.410645,-32.925468
2026-08-25T19:22:52.747-04:00,-807.952881,-34.224190
2026-08-25T19:22:52.747-04:00,-807.495117,-35.649647
2026-08-25T19:22:52.747-04:00,-807.037354,-40.496613
2026-08-25T19:22:52.747-04:00,-806.579590,-35.348351
2026-08-25T19:22:52.747-04:00,-806.121826,-28.626928
2026-08-25T19:22:52.747-04:00,-805.664062,-25.552860
2026-08-25T19:22:52.747-04:00,-805.206299,-23.764015
2026-08-25T19:22:52.747-04:00,-804.748535,-23.226002
2026-08-25T19:22:52.747-04:00,-804.290771,-26.849892
2026-08-25T19:22:52.747-04:00,-803.833008,-39.194458
2026-08-25T19:22:52.747-04:00,-803.375244,-40.775238
2026-08-25T19:22:52.747-04:00,-802.917480,-32.329842
2026-08-25T19:22:52.747-04:00,-802.459717,-26.190273
2026-08-25T19:22:52.747-04:00,-802.001953,-24.967350
2026-08-25T19:22:52.747-04:00,-801.544189,-25.682713
2026-08-25T19:22:52.747-04:00,-801.086426,-28.581665
2026-08-25T19:22:52.747-04:00,-800.628662,-33.407837
2026-08-25T19:22:52.747-04:00,-800.170898,-34.868530
2026-08-25T19:22:52.747-04:00,-799.713135,-34.724808
2026-08-25T19:22:52.747-04:00,-799.255371,-36.682251
2026-08-25T19:22:52.747-04:00,-798.797607,-35.873665
2026-08-25T19:22:52.747-04:00,-798.339844,-44.124916
2026-08-25T19:22:52.747-04:00,-797.882080,-30.897055
2026-08-25T19:22:52.747-04:00,-797.424316,-28.396378
2026-08-25T19:22:52.747-04:00,-796.966553,-25.193186
2026-08-25T19:22:52.747-04:00,-796.508789,-21.356680
2026-08-25T19:22:52.747-04:00,-796.051025,-22.087673
2026-08-25T19:22:52.747-04:00,-795.593262,-24.485121
2026-08-25T19:22:52.747-04:00,-795.135498,-25.478012
2026-08-25T19:22:52.747-04:00,-794.677734,-25.800396
2026-08-25T19:22:52.747-04:00,-794.219971,-27.824203
2026-08-25T19:22:52.747-04:00,-793.762207,-31.440676
2026-08-25T19:22:52.747-04:00,-793.304443,-40.160614
2026-08-25T19:22:52.747-04:00,-792.846680,-34.401100
2026-08-25T19:22:52.747-04:00,-792.388916,-29.480982
2026-08-25T19:22:52.747-04:00,-791.931152,-30.737366
2026-08-25T19:22:52.747-04:00,-791.473389,-30.592712
2026-08-25T19:22:52.747-04:00,-791.015625,-29.277239
2026-08-25T19:22:52.747-04:00,-790.557861,-30.522833
2026-08-25T19:22:52.747-04:00,-790.100098,-31.764259
2026-08-25T19:22:52.747-04:00,-789.642334,-29.214590
2026-08-25T19:22:52.747-04:00,-789.184570,-27.067024
2026-08-25T19:22:52.747-04:00,-788.726807,-25.923286
2026-08-25T19:22:52.747-04:00,-788.269043,-24.316101
2026-08-25T19:22:52.747-04:00,-787.811279,-24.923861
2026-08-25T19:22:52.747-04:00,-787.353516,-30.157091
2026-08-25T19:22:52.747-04:00,-786.895752,-33.991314
2026-08-25T19:22:52.747-04:00,-786.437988,-26.142529
2026-08-25T19:22:52.747-04:00,-785.980225,-26.567268
2026-08-25T19:22:52.747-04:00,-785.522461,-39.806168
2026-08-25T19:22:52.747-04:00,-785.064697,-33.592457
2026-08-25T19:22:52.747-04:00,-784.606934,-32.105465
2026-08-25T19:22:52.747-04:00,-784.149170,-28.319862
2026-08-25T19:22:52.747-04:00,-783.691406,-28.109676
2026-08-25T19:22:52.747-04:00,-783.233643,-28.945076
2026-08-25T19:22:52.747-04:00,-782.775879,-27.062700
2026-08-25T19:22:52.747-04:00,-782.318115,-24.908894
2026-08-25T19:22:52.747-04:00,-781.860352,-22.879827
2026-08-25T19:22:52.747-04:00,-781.402588,-21.504114
2026-08-25T19:22:52.747-04:00,-780.944824,-23.455635
2026-08-25T19:22:52.747-04:00,-780.487061,-24.343903
2026-08-25T19:22:52.747-04:00,-780.029297,-23.678902
2026-08-25T19:22:52.747-04:00,-779.571533,-26.303625
2026-08-25T19:22:52.747-04:00,-779.113770,-23.295824
2026-08-25T19:22:52.747-04:00,-778.656006,-19.557449
2026-08-25T19:22:52.747-04:00,-778.198242,-19.987423
2026-08-25T19:22:52.747-04:00,-777.740479,-23.769655
2026-08-25T19:22:52.747-04:00,-777.282715,-27.628090
2026-08-25T19:22:52.747-04:00,-776.824951,-25.980436
2026-08-25T19:22:52.747-04:00,-776.367188,-24.773258
2026-08-25T19:22:52.747-04:00,-775.909424,-25.245155
2026-08-25T19:22:52.747-04:00,-775.451660,-25.534781
2026-08-25T19:22:52.747-04:00,-774.993896,-28.447237
2026-08-25T19:22:52.747-04:00,-774.536133,-45.879257
2026-08-25T19:22:52.747-04:00,-774.078369,-26.569521
2026-08-25T19:22:52.747-04:00,-773.620605,-22.466137
2026-08-25T19:22:52.747-04:00,-773.162842,-20.008356
2026-08-25T19:22:52.747-04:00,-772.705078,-20.097921
2026-08-25T19:22:52.747-04:00,-772.247314,-22.477133
2026-08-25T19:22:52.747-04:00,-771.789551,-22.742649
2026-08-25T19:22:52.747-04:00,-771.331787,-23.611269
2026-08-25T19:22:52.747-04:00,-770.874023,-29.428322
2026-08-25T19:22:52.747-04:00,-770.416260,-64.685516
2026-08-25T19:22:52.747-04:00,-769.958496,-30.875900
2026-08-25T19:22:52.747-04:00,-769.500732,-24.583717
2026-08-25T19:22:52.747-04:00,-769.042969,-21.833836
2026-08-25T19:22:52.747-04:00,-768.585205,-21.758890
2026-08-25T19:22:52.747-04:00,-768.127441,-23.120064
2026-08-25T19:22:52.747-04:00,-767.669678,-23.384735
2026-08-25T19:22:52.747-04:00,-767.211914,-22.805958
2026-08-25T19:22:52.747-04:00,-766.754150,-22.500284
2026-08-25T19:22:52.747-04:00,-766.296387,-24.754095
2026-08-25T19:22:52.747-04:00,-765.838623,-35.588215
2026-08-25T19:22:52.747-04:00,-765.380859,-36.865685
2026-08-25T19:22:52.747-04:00,-764.923096,-30.353050
2026-08-25T19:22:52.747-04:00,-764.465332,-26.064760
2026-08-25T19:22:52.747-04:00,-764.007568,-28.374336
2026-08-25T19:22:52.747-04:00,-763.549805,-35.602760
2026-08-25T19:22:52.747-04:00,-763.092041,-27.383797
2026-08-25T19:22:52.747-04:00,-762.634277,-26.053923
2026-08-25T19:22:52.747-04:00,-762.176514,-32.881256
2026-08-25T19:22:52.747-04:00,-761.718750,-32.527493
2026-08-25T19:22:52.747-04:00,-761.260986,-34.188580
2026-08-25T19:22:52.747-04:00,-760.803223,-42.880955
2026-08-25T19:22:52.747-04:00,-760.345459,-37.884617
2026-08-25T19:22:52.747-04:00,-759.887695,-31.192034
2026-08-25T19:22:52.747-04:00,-759.429932,-29.314575
2026-08-25T19:22:52.747-04:00,-758.972168,-27.385578
2026-08-25T19:22:52.747-04:00,-758.514404,-25.637413
2026-08-25T19:22:52.747-04:00,-758.056641,-26.770050
2026-08-25T19:22:52.747-04:00,-757.598877,-26.327881
2026-08-25T19:22:52.747-04:00,-757.141113,-24.324951
2026-08-25T19:22:52.747-04:00,-756.683350,-22.194731
2026-08-25T19:22:52.747-04:00,-756.225586,-21.034697
2026-08-25T19:22:52.747-04:00,-755.767822,-21.536894
2026-08-25T19:22:52.747-04:00,-755.310059,-22.387514
2026-08-25T19:22:52.747-04:00,-754.852295,-24.176079
2026-08-25T19:22:52.747-04:00,-754.394531,-27.538273
2026-08-25T19:22:52.747-04:00,-753.936768,-26.517447
2026-08-25T19:22:52.747-04:00,-753.479004,-22.597006
2026-08-25T19:22:52.747-04:00,-753.021240,-21.627914
2026-08-25T19:22:52.747-04:00,-752.563477,-24.036787
2026-08-25T19:22:52.747-04:00,-752.105713,-28.543770
2026-08-25T19:22:52.747-04:00,-751.647949,-30.327190
2026-08-25T19:22:52.747-04:00,-751.190186,-25.664633
2026-08-25T19:22:52.747-04:00,-750.732422,-22.062649
2026-08-25T19:22:52.747-04:00,-750.274658,-22.389612
2026-08-25T19:22:52.747-04:00,-749.816895,-24.439363
2026-08-25T19:22:52.747-04:00,-749.359131,-26.061016
2026-08-25T19:22:52.747-04:00,-748.901367,-26.430416
2026-08-25T19:22:52.747-04:00,-748.443604,-25.723415
2026-08-25T19:22:52.747-04:00,-747.985840,-26.501799
2026-08-25T19:22:52.747-04:00,-747.528076,-30.211046
2026-08-25T19:22:52.747-04:00,-747.070312,-24.804792
2026-08-25T19:22:52.747-04:00,-746.612549,-22.237991
2026-08-25T19:22:52.747-04:00,-746.154785,-21.637150
2026-08-25T19:22:52.747-04:00,-745.697021,-22.401058
2026-08-25T19:22:52.747-04:00,-745.239258,-26.912846
2026-08-25T19:22:52.747-04:00,-744.781494,-30.666407
2026-08-25T19:22:52.747-04:00,-744.323730,-29.738188
2026-08-25T19:22:52.747-04:00,-743.865967,-26.914772
2026-08-25T19:22:52.747-04:00,-743.408203,-24.242634
2026-08-25T19:22:52.747-04:00,-742.950439,-23.679527
2026-08-25T19:22:52.747-04:00,-742.492676,-24.626810
2026-08-25T19:22:52.747-04:00,-742.034912,-25.845697
2026-08-25T19:22:52.747-04:00,-741.577148,-26.536385
2026-08-25T19:22:52.747-04:00,-741.119385,-26.266689
2026-08-25T19:22:52.747-04:00,-740.661621,-23.277187
2026-08-25T19:22:52.747-04:00,-740.203857,-23.611887
2026-08-25T19:22:52.747-04:00,-739.746094,-29.430916
2026-08-25T19:22:52.747-04:00,-739.288330,-40.047134
2026-08-25T19:22:52.747-04:00,-738.830566,-38.794220
2026-08-25T19:22:52.747-04:00,-738.372803,-32.483505
2026-08-25T19:22:52.747-04:00,-737.915039,-30.851795
2026-08-25T19:22:52.747-04:00,-737.457275,-34.923168
2026-08-25T19:22:52.747-04:00,-736.999512,-35.813049
2026-08-25T19:22:52.747-04:00,-736.541748,-28.205805
2026-08-25T19:22:52.747-04:00,-736.083984,-29.915163
2026-08-25T19:22:52.747-04:00,-735.626221,-39.847866
2026-08-25T19:22:52.747-04:00,-735.168457,-30.877777
2026-08-25T19:22:52.747-04:00,-734.710693,-36.377922
2026-08-25T19:22:52.747-04:00,-734.252930,-45.885487
2026-08-25T19:22:52.747-04:00,-733.795166,-37.233418
2026-08-25T19:22:52.747-04:00,-733.337402,-32.867649
2026-08-25T19:22:52.747-04:00,-732.879639,-28.520134
2026-08-25T19:22:52.747-04:00,-732.421875,-26.594807
2026-08-25T19:22:52.747-04:00,-731.964111,-25.509222
2026-08-25T19:22:52.747-04:00,-731.506348,-24.424046
2026-08-25T19:22:52.747-04:00,-731.048584,-25.712528
2026-08-25T19:22:52.747-04:00,-730.590820,-30.437529
2026-08-25T19:22:52.747-04:00,-730.133057,-44.682087
2026-08-25T19:22:52.747-04:00,-729.675293,-27.869368
2026-08-25T19:22:52.747-04:00,-729.217529,-25.281536
2026-08-25T19:22:52.747-04:00,-728.759766,-24.543211
2026-08-25T19:22:52.747-04:00,-728.302002,-24.381107
2026-08-25T19:22:52.747-04:00,-727.844238,-27.734295
2026-08-25T19:22:52.747-04:00,-727.386475,-35.461651
2026-08-25T19:22:52.747-04:00,-726.928711,-43.205700
2026-08-25T19:22:52.747-04:00,-726.470947,-37.437866
2026-08-25T19:22:52.747-04:00,-726.013184,-40.669304
2026-08-25T19:22:52.747-04:00,-725.555420,-32.366192
2026-08-25T19:22:52.747-04:00,-725.097656,-24.556711
2026-08-25T19:22:52.747-04:00,-724.639893,-23.020142
2026-08-25T19:22:52.747-04:00,-724.182129,-23.619911
2026-08-25T19:22:52.747-04:00,-723.724365,-23.422100
2026-08-25T19:22:52.747-04:00,-723.266602,-23.286999
2026-08-25T19:22:52.747-04:00,-722.808838,-23.580973
2026-08-25T19:22:52.747-04:00,-722.351074,-24.100475
2026-08-25T19:22:52.747-04:00,-721.893311,-28.166508
2026-08-25T19:22:52.747-04:00,-721.435547,-36.858150
2026-08-25T19:22:52.747-04:00,-720.977783,-38.008247
2026-08-25T19:22:52.747-04:00,-720.520020,-34.368336
2026-08-25T19:22:52.747-04:00,-720.062256,-28.871248
2026-08-25T19:22:52.747-04:00,-719.604492,-25.261570
2026-08-25T19:22:52.747-04:00,-719.146729,-25.716034
2026-08-25T19:22:52.747-04:00,-718.688965,-31.607382
2026-08-25T19:22:52.747-04:00,-718.231201,-30.222153
2026-08-25T19:22:52.747-04:00,-717.773438,-28.695259
2026-08-25T19:22:52.747-04:00,-717.315674,-32.383884
2026-08-25T19:22:52.747-04:00,-716.857910,-31.349791
2026-08-25T19:22:52.747-04:00,-716.400146,-32.863773
2026-08-25T19:22:52.747-04:00,-715.942383,-52.192703
2026-08-25T19:22:52.747-04:00,-715.484619,-30.310196
2026-08-25T19:22:52.747-04:00,-715.026855,-27.462673
2026-08-25T19:22:52.747-04:00,-714.569092,-29.550972
2026-08-25T19:22:52.747-04:00,-714.111328,-27.717575
2026-08-25T19:22:52.747-04:00,-713.653564,-25.301664
2026-08-25T19:22:52.747-04:00,-713.195801,-22.920975
2026-08-25T19:22:52.747-04:00,-712.738037,-19.875998
2026-08-25T19:22:52.747-04:00,-712.280273,-18.866982
2026-08-25T19:22:52.747-04:00,-711.822510,-20.461193
2026-08-25T19:22:52.747-04:00,-711.364746,-20.997160
2026-08-25T19:22:52.747-04:00,-710.906982,-20.212620
2026-08-25T19:22:52.747-04:00,-710.449219,-20.200630
2026-08-25T19:22:52.747-04:00,-709.991455,-21.464577
2026-08-25T19:22:52.747-04:00,-709.533691,-22.752697
2026-08-25T19:22:52.747-04:00,-709.075928,-23.607817
2026-08-25T19:22:52.747-04:00,-708.618164,-23.376942
2026-08-25T19:22:52.747-04:00,-708.160400,-24.929783
2026-08-25T19:22:52.747-04:00,-707.702637,-31.314518
2026-08-25T19:22:52.747-04:00,-707.244873,-33.901497
2026-08-25T19:22:52.747-04:00,-706.787109,-29.155329
2026-08-25T19:22:52.747-04:00,-706.329346,-37.607414
2026-08-25T19:22:52.747-04:00,-705.871582,-33.125317
2026-08-25T19:22:52.747-04:00,-705.413818,-34.345619
2026-08-25T19:22:52.747-04:00,-704.956055,-32.584816
2026-08-25T19:22:52.747-04:00,-704.498291,-33.340431
2026-08-25T19:22:52.747-04:00,-704.040527,-36.716213
2026-08-25T19:22:52.747-04:00,-703.582764,-30.241993
2026-08-25T19:22:52.747-04:00,-703.125000,-31.123125
2026-08-25T19:22:52.747-04:00,-702.667236,-34.528526
2026-08-25T19:22:52.747-04:00,-702.209473,-33.354031
2026-08-25T19:22:52.747-04:00,-701.751709,-26.658966
2026-08-25T19:22:52.747-04:00,-701.293945,-22.181101
2026-08-25T19:22:52.747-04:00,-700.836182,-20.482666
2026-08-25T19:22:52.747-04:00,-700.378418,-20.186543
2026-08-25T19:22:52.747-04:00,-699.920654,-19.303736
2026-08-25T19:22:52.747-04:00,-699.462891,-18.040880
2026-08-25T19:22:52.747-04:00,-699.005127,-17.409027
2026-08-25T19:22:52.747-04:00,-698.547363,-16.513134
2026-08-25T19:22:52.747-04:00,-698.089600,-16.133165
2026-08-25T19:22:52.747-04:00,-697.631836,-16.935541
2026-08-25T19:22:52.747-04:00,-697.174072,-17.682348
2026-08-25T19:22:52.747-04:00,-696.716309,-17.634447
2026-08-25T19:22:52.747-04:00,-696.258545,-17.535666
2026-08-25T19:22:52.747-04:00,-695.800781,-17.957483
2026-08-25T19:22:52.747-04:00,-695.343018,-19.274702
2026-08-25T19:22:52.747-04:00,-694.885254,-22.268126
2026-08-25T19:22:52.747-04:00,-694.427490,-26.247375
2026-08-25T19:22:52.747-04:00,-693.969727,-26.644257
2026-08-25T19:22:52.747-04:00,-693.511963,-26.703184
2026-08-25T19:22:52.747-04:00,-693.054199,-35.035454
2026-08-25T19:22:52.747-04:00,-692.596436,-32.364822
2026-08-25T19:22:52.747-04:00,-692.138672,-26.273386
2026-08-25T19:22:52.747-04:00,-691.680908,-24.697906
2026-08-25T19:22:52.747-04:00,-691.223145,-25.096989
2026-08-25T19:22:52.747-04:00,-690.765381,-26.032890
2026-08-25T19:22:52.747-04:00,-690.307617,-24.295015
2026-08-25T19:22:52.747-04:00,-689.849854,-22.207397
2026-08-25T19:22:52.747-04:00,-689.392090,-22.136906
2026-08-25T19:22:52.747-04:00,-688.934326,-26.044397
2026-08-25T19:22:52.747-04:00,-688.476562,-34.352898
2026-08-25T19:22:52.747-04:00,-688.018799,-34.788078
2026-08-25T19:22:52.747-04:00,-687.561035,-31.059792
2026-08-25T19:22:52.747-04:00,-687.103271,-31.953199
2026-08-25T19:22:52.747-04:00,-686.645508,-39.139206
2026-08-25T19:22:52.747-04:00,-686.187744,-31.532286
2026-08-25T19:22:52.747-04:00,-685.729980,-28.954723
2026-08-25T19:22:52.747-04:00,-685.272217,-31.144718
2026-08-25T19:22:52.747-04:00,-684.814453,-36.308205
2026-08-25T19:22:52.747-04:00,-684.356689,-29.279964
2026-08-25T19:22:52.747-04:00,-683.898926,-29.336647
2026-08-25T19:22:52.747-04:00,-683.441162,-35.165836
2026-08-25T19:22:52.747-04:00,-682.983398,-36.926949
2026-08-25T19:22:52.747-04:00,-682.525635,-35.835491
2026-08-25T19:22:52.747-04:00,-682.067871,-35.228840
2026-08-25T19:22:52.747-04:00,-681.610107,-32.814640
2026-08-25T19:22:52.747-04:00,-681.152344,-33.042336
2026-08-25T19:22:52.747-04:00,-680.694580,-32.033699
2026-08-25T19:22:52.747-04:00,-680.236816,-27.682085
2026-08-25T19:22:52.747-04:00,-679.779053,-27.965727
2026-08-25T19:22:52.747-04:00,-679.321289,-41.266285
2026-08-25T19:22:52.747-04:00,-678.863525,-33.299194
2026-08-25T19:22:52.747-04:00,-678.405762,-33.386726
2026-08-25T19:22:52.747-04:00,-677.947998,-24.561230
2026-08-25T19:22:52.747-04:00,-677.490234,-21.244072
2026-08-25T19:22:52.747-04:00,-677.032471,-23.709089
2026-08-25T19:22:52.747-04:00,-676.574707,-30.795774
2026-08-25T19:22:52.747-04:00,-676.116943,-32.133106
2026-08-25T19:22:52.747-04:00,-675.659180,-27.290419
2026-08-25T19:22:52.747-04:00,-675.201416,-25.187485
2026-08-25T19:22:52.747-04:00,-674.743652,-23.252733
2026-08-25T19:22:52.747-04:00,-674.285889,-20.818249
2026-08-25T19:22:52.747-04:00,-673.828125,-20.151165
2026-08-25T19:22:52.747-04:00,-673.370361,-21.677134
2026-08-25T19:22:52.747-04:00,-672.912598,-26.594116
2026-08-25T19:22:52.747-04:00,-672.454834,-41.227531
2026-08-25T19:22:52.747-04:00,-671.997070,-42.185623
2026-08-25T19:22:52.747-04:00,-671.539307,-33.196472
2026-08-25T19:22:52.747-04:00,-671.081543,-24.790188
2026-08-25T19:22:52.747-04:00,-670.623779,-23.157873
2026-08-25T19:22:52.747-04:00,-670.166016,-26.759634
2026-08-25T19:22:52.747-04:00,-669.708252,-28.921341
2026-08-25T19:22:52.747-04:00,-669.250488,-27.321398
2026-08-25T19:22:52.747-04:00,-668.792725,-27.062920
2026-08-25T19:22:52.747-04:00,-668.334961,-31.176556
2026-08-25T19:22:52.747-04:00,-667.877197,-39.484058
2026-08-25T19:22:52.747-04:00,-667.419434,-28.422054
2026-08-25T19:22:52.747-04:00,-666.961670,-26.021255
2026-08-25T19:22:52.747-04:00,-666.503906,-30.138256
2026-08-25T19:22:52.747-04:00,-666.046143,-27.793148
2026-08-25T19:22:52.747-04:00,-665.588379,-24.100866
2026-08-25T19:22:52.747-04:00,-665.130615,-26.455425
2026-08-25T19:22:52.747-04:00,-664.672852,-36.702637
2026-08-25T19:22:52.747-04:00,-664.215088,-31.633625
2026-08-25T19:22:52.747-04:00,-663.757324,-25.213226
2026-08-25T19:22:52.747-04:00,-663.299561,-24.171856
2026-08-25T19:22:52.747-04:00,-662.841797,-28.258717
2026-08-25T19:22:52.747-04:00,-662.384033,-38.148438
2026-08-25T19:22:52.747-04:00,-661.926270,-26.467735
2026-08-25T19:22:52.747-04:00,-661.468506,-24.300154
2026-08-25T19:22:52.747-04:00,-661.010742,-25.947544
2026-08-25T19:22:52.747-04:00,-660.552979,-28.501242
2026-08-25T19:22:52.747-04:00,-660.095215,-26.404593
2026-08-25T19:22:52.747-04:00,-659.637451,-22.390707
2026-08-25T19:22:52.747-04:00,-659.179688,-20.256290
2026-08-25T19:22:52.747-04:00,-658.721924,-21.018202
2026-08-25T19:22:52.747-04:00,-658.264160,-23.226162
2026-08-25T19:22:52.747-04:00,-657.806396,-22.525833
2026-08-25T19:22:52.747-04:00,-657.348633,-20.465523
2026-08-25T19:22:52.747-04:00,-656.890869,-21.846197
2026-08-25T19:22:52.747-04:00,-656.433105,-27.859285
2026-08-25T19:22:52.747-04:00,-655.975342,-34.865986
2026-08-25T19:22:52.747-04:00,-655.517578,-28.622875
2026-08-25T19:22:52.747-04:00,-655.059814,-26.733458
2026-08-25T19:22:52.747-04:00,-654.602051,-32.182079
2026-08-25T19:22:52.747-04:00,-654.144287,-42.951389
2026-08-25T19:22:52.747-04:00,-653.686523,-38.300575
2026-08-25T19:22:52.747-04:00,-653.228760,-37.210243
2026-08-25T19:22:52.747-04:00,-652.770996,-31.590439
2026-08-25T19:22:52.747-04:00,-652.313232,-32.769604
2026-08-25T19:22:52.747-04:00,-651.855469,-33.897469
2026-08-25T19:22:52.747-04:00,-651.397705,-28.850727
2026-08-25T19:22:52.747-04:00,-650.939941,-30.723640
2026-08-25T19:22:52.747-04:00,-650.482178,-29.272640
2026-08-25T19:22:52.747-04:00,-650.024414,-26.350777
2026-08-25T19:22:52.747-04:00,-649.566650,-28.307281
2026-08-25T19:22:52.747-04:00,-649.108887,-29.043964
2026-08-25T19:22:52.747-04:00,-648.651123,-27.695398
2026-08-25T19:22:52.747-04:00,-648.193359,-26.647598
2026-08-25T19:22:52.747-04:00,-647.735596,-25.649450
2026-08-25T19:22:52.747-04:00,-647.277832,-25.852180
2026-08-25T19:22:52.747-04:00,-646.820068,-29.200497
2026-08-25T19:22:52.747-04:00,-646.362305,-34.560776
2026-08-25T19:22:52.747-04:00,-645.904541,-30.085327
2026-08-25T19:22:52.747-04:00,-645.446777,-29.660172
2026-08-25T19:22:52.747-04:00,-644.989014,-30.997725
2026-08-25T19:22:52.747-04:00,-644.531250,-28.620737
2026-08-25T19:22:52.747-04:00,-644.073486,-23.307693
2026-08-25T19:22:52.747-04:00,-643.615723,-20.813101
2026-08-25T19:22:52.747-04:00,-643.157959,-21.559994
2026-08-25T19:22:52.747-04:00,-642.700195,-23.009872
2026-08-25T19:22:52.747-04:00,-642.242432,-22.322977
2026-08-25T19:22:52.747-04:00,-641.784668,-21.604185
2026-08-25T19:22:52.747-04:00,-641.326904,-23.844280
2026-08-25T19:22:52.747-04:00,-640.869141,-28.011913
2026-08-25T19:22:52.747-04:00,-640.411377,-31.799973
2026-08-25T19:22:52.747-04:00,-639.953613,-32.294342
2026-08-25T19:22:52.747-04:00,-639.495850,-33.165909
2026-08-25T19:22:52.747-04:00,-639.038086,-32.331501
2026-08-25T19:22:52.747-04:00,-638.580322,-27.380745
2026-08-25T19:22:52.747-04:00,-638.122559,-24.424944
2026-08-25T19:22:52.747-04:00,-637.664795,-26.952473
2026-08-25T19:22:52.747-04:00,-637.207031,-38.678040
2026-08-25T19:22:52.747-04:00,-636.749268,-28.106346
2026-08-25T19:22:52.747-04:00,-636.291504,-22.055805
2026-08-25T19:22:52.747-04:00,-635.833740,-21.838961
2026-08-25T19:22:52.747-04:00,-635.375977,-25.611637
2026-08-25T19:22:52.747-04:00,-634.918213,-32.410686
2026-08-25T19:22:52.747-04:00,-634.460449,-36.975639
2026-08-25T19:22:52.747-04:00,-634.002686,-34.408573
2026-08-25T19:22:52.747-04:00,-633.544922,-30.321907
2026-08-25T19:22:52.747-04:00,-633.087158,-31.528654
2026-08-25T19:22:52.747-04:00,-632.629395,-43.287270
2026-08-25T19:22:52.747-04:00,-632.171631,-37.726768
2026-08-25T19:22:52.747-04:00,-631.713867,-29.648335
2026-08-25T19:22:52.747-04:00,-631.256104,-30.692253
2026-08-25T19:22:52.747-04:00,-630.798340,-30.014416
2026-08-25T19:22:52.747-04:00,-630.340576,-24.267048
2026-08-25T19:22:52.747-04:00,-629.882812,-21.525156
2026-08-25T19:22:52.747-04:00,-629.425049,-21.044518
2026-08-25T19:22:52.747-04:00,-628.967285,-22.712685
2026-08-25T19:22:52.747-04:00,-628.509521,-28.035860
2026-08-25T19:22:52.747-04:00,-628.051758,-26.104116
2026-08-25T19:22:52.747-04:00,-627.593994,-24.381161
2026-08-25T19:22:52.747-04:00,-627.136230,-28.340189
2026-08-25T19:22:52.747-04:00,-626.678467,-36.049355
2026-08-25T19:22:52.747-04:00,-626.220703,-46.630714
2026-08-25T19:22:52.747-04:00,-625.762939,-32.970211
2026-08-25T19:22:52.747-04:00,-625.305176,-31.369383
2026-08-25T19:22:52.747-04:00,-624.847412,-24.949577
2026-08-25T19:22:52.747-04:00,-624.389648,-23.461117
2026-08-25T19:22:52.747-04:00,-623.931885,-21.962334
2026-08-25T19:22:52.747-04:00,-623.474121,-18.129826
2026-08-25T19:22:52.747-04:00,-623.016357,-16.806986
2026-08-25T19:22:52.747-04:00,-622.558594,-18.282391
2026-08-25T19:22:52.747-04:00,-622.100830,-20.938061
2026-08-25T19:22:52.747-04:00,-621.643066,-21.639030
2026-08-25T19:22:52.747-04:00,-621.185303,-20.581171
2026-08-25T19:22:52.747-04:00,-620.727539,-21.025341
2026-08-25T19:22:52.747-04:00,-620.269775,-25.071911
2026-08-25T19:22:52.747-04:00,-619.812012,-37.574776
2026-08-25T19:22:52.747-04:00,-619.354248,-27.108156
2026-08-25T19:22:52.747-04:00,-618.896484,-24.416533
2026-08-25T19:22:52.747-04:00,-618.438721,-26.390919
2026-08-25T19:22:52.747-04:00,-617.980957,-28.892153
2026-08-25T19:22:52.747-04:00,-617.523193,-29.624327
2026-08-25T19:22:52.747-04:00,-617.065430,-28.550240
2026-08-25T19:22:52.747-04:00,-616.607666,-27.302523
2026-08-25T19:22:52.747-04:00,-616.149902,-28.601397
2026-08-25T19:22:52.747-04:00,-615.692139,-28.857210
2026-08-25T19:22:52.747-04:00,-615.234375,-25.454910
2026-08-25T19:22:52.747-04:00,-614.776611,-23.092354
2026-08-25T19:22:52.747-04:00,-614.318848,-22.492369
2026-08-25T19:22:52.747-04:00,-613.861084,-22.319588
2026-08-25T19:22:52.747-04:00,-613.403320,-22.416039
2026-08-25T19:22:52.747-04:00,-612.945557,-22.811316
2026-08-25T19:22:52.747-04:00,-612.487793,-24.163910
2026-08-25T19:22:52.747-04:00,-612.030029,-25.123634
2026-08-25T19:22:52.747-04:00,-611.572266,-24.081532
2026-08-25T19:22:52.747-04:00,-611.114502,-24.829861
2026-08-25T19:22:52.747-04:00,-610.656738,-28.735083
2026-08-25T19:22:52.747-04:00,-610.198975,-30.408844
2026-08-25T19:22:52.747-04:00,-609.741211,-27.227018
2026-08-25T19:22:52.747-04:00,-609.283447,-24.402134
2026-08-25T19:22:52.747-04:00,-608.825684,-24.699926
2026-08-25T19:22:52.747-04:00,-608.367920,-26.876451
2026-08-25T19:22:52.747-04:00,-607.910156,-26.194122
2026-08-25T19:22:52.747-04:00,-607.452393,-23.212393
2026-08-25T19:22:52.747-04:00,-606.994629,-22.342913
2026-08-25T19:22:52.747-04:00,-606.536865,-25.278761
2026-08-25T19:22:52.747-04:00,-606.079102,-31.481686
2026-08-25T19:22:52.747-04:00,-605.621338,-38.519241
2026-08-25T19:22:52.747-04:00,-605.163574,-40.977573
2026-08-25T19:22:52.747-04:00,-604.705811,-36.684242
2026-08-25T19:22:52.747-04:00,-604.248047,-31.141167
2026-08-25T19:22:52.747-04:00,-603.790283,-28.050756
2026-08-25T19:22:52.747-04:00,-603.332520,-26.314453
2026-08-25T19:22:52.747-04:00,-602.874756,-24.669075
2026-08-25T19:22:52.747-04:00,-602.416992,-24.448257
2026-08-25T19:22:52.747-04:00,-601.959229,-25.856588
2026-08-25T19:22:52.747-04:00,-601.501465,-24.905741
2026-08-25T19:22:52.747-04:00,-601.043701,-25.358334
2026-08-25T19:22:52.747-04:00,-600.585938,-24.094372
2026-08-25T19:22:52.747-04:00,-600.128174,-22.381403
2026-08-25T19:22:52.747-04:00,-599.670410,-22.531353
2026-08-25T19:22:52.747-04:00,-599.212646,-24.839752
2026-08-25T19:22:52.747-04:00,-598.754883,-28.371422
2026-08-25T19:22:52.747-04:00,-598.297119,-27.924788
2026-08-25T19:22:52.747-04:00,-597.839355,-23.741295
2026-08-25T19:22:52.747-04:00,-597.381592,-21.910868
2026-08-25T19:22:52.747-04:00,-596.923828,-22.673912
2026-08-25T19:22:52.747-04:00,-596.466064,-25.853001
2026-08-25T19:22:52.747-04:00,-596.008301,-28.861145
2026-08-25T19:22:52.747-04:00,-595.550537,-25.835022
2026-08-25T19:22:52.747-04:00,-595.092773,-25.052643
2026-08-25T19:22:52.747-04:00,-594.635010,-27.110958
2026-08-25T19:22:52.747-04:00,-594.177246,-28.151102
2026-08-25T19:22:52.747-04:00,-593.719482,-25.352329
2026-08-25T19:22:52.747-04:00,-593.261719,-23.105118
2026-08-25T19:22:52.747-04:00,-592.803955,-20.608141
2026-08-25T19:22:52.747-04:00,-592.346191,-19.964746
2026-08-25T19:22:52.747-04:00,-591.888428,-22.513107
2026-08-25T19:22:52.747-04:00,-591.430664,-26.343157
2026-08-25T19:22:52.747-04:00,-590.972900,-26.006109
2026-08-25T19:22:52.747-04:00,-590.515137,-25.734491
2026-08-25T19:22:52.747-04:00,-590.057373,-29.450743
2026-08-25T19:22:52.747-04:00,-589.599609,-36.649040
2026-08-25T19:22:52.747-04:00,-589.141846,-28.083145
2026-08-25T19:22:52.747-04:00,-588.684082,-24.917395
2026-08-25T19:22:52.747-04:00,-588.226318,-26.655499
2026-08-25T19:22:52.747-04:00,-587.768555,-28.418732
2026-08-25T19:22:52.747-04:00,-587.310791,-27.283821
2026-08-25T19:22:52.747-04:00,-586.853027,-31.058264
2026-08-25T19:22:52.747-04:00,-586.395264,-32.304131
2026-08-25T19:22:52.747-04:00,-585.937500,-25.618320
2026-08-25T19:22:52.747-04:00,-585.479736,-27.006622
2026-08-25T19:22:52.747-04:00,-585.021973,-28.429905
2026-08-25T19:22:52.747-04:00,-584.564209,-27.951468
2026-08-25T19:22:52.747-04:00,-584.106445,-32.837025
2026-08-25T19:22:52.747-04:00,-583.648682,-25.903187
2026-08-25T19:22:52.747-04:00,-583.190918,-21.995565
2026-08-25T19:22:52.747-04:00,-582.733154,-21.312286
2026-08-25T19:22:52.747-04:00,-582.275391,-21.937691
2026-08-25T19:22:52.747-04:00,-581.817627,-22.033386
2026-08-25T19:22:52.747-04:00,-581.359863,-20.551157
2026-08-25T19:22:52.747-04:00,-580.902100,-20.797775
2026-08-25T19:22:52.747-04:00,-580.444336,-23.641529
2026-08-25T19:22:52.747-04:00,-579.986572,-24.613407
2026-08-25T19:22:52.747-04:00,-579.528809,-24.030037
2026-08-25T19:22:52.747-04:00,-579.071045,-22.855766
2026-08-25T19:22:52.747-04:00,-578.613281,-20.390274
2026-08-25T19:22:52.747-04:00,-578.155518,-19.411533
2026-08-25T19:22:52.747-04:00,-577.697754,-22.437965
2026-08-25T19:22:52.747-04:00,-577.239990,-29.716433
2026-08-25T19:22:52.747-04:00,-576.782227,-36.925674
2026-08-25T19:22:52.747-04:00,-576.324463,-46.311565
2026-08-25T19:22:52.747-04:00,-575.866699,-33.473576
2026-08-25T19:22:52.747-04:00,-575.408936,-28.444021
2026-08-25T19:22:52.747-04:00,-574.951172,-28.195869
2026-08-25T19:22:52.747-04:00,-574.493408,-30.150640
2026-08-25T19:22:52.747-04:00,-574.035645,-30.821526
2026-08-25T19:22:52.747-04:00,-573.577881,-27.124205
2026-08-25T19:22:52.747-04:00,-573.120117,-22.613325
2026-08-25T19:22:52.747-04:00,-572.662354,-21.357178
2026-08-25T19:22:52.747-04:00,-572.204590,-25.019268
2026-08-25T19:22:52.747-04:00,-571.746826,-35.830299
2026-08-25T19:22:52.747-04:00,-571.289062,-34.337543
2026-08-25T19:22:52.747-04:00,-570.831299,-27.194252
2026-08-25T19:22:52.747-04:00,-570.373535,-25.138685
2026-08-25T19:22:52.747-04:00,-569.915771,-25.132023
2026-08-25T19:22:52.747-04:00,-569.458008,-23.385830
2026-08-25T19:22:52.747-04:00,-569.000244,-20.384531
2026-08-25T19:22:52.747-04:00,-568.542480,-19.315975
2026-08-25T19:22:52.747-04:00,-568.084717,-21.147224
2026-08-25T19:22:52.747-04:00,-567.626953,-23.589859
2026-08-25T19:22:52.747-04:00,-567.169189,-23.200275
2026-08-25T19:22:52.747-04:00,-566.711426,-21.904285
2026-08-25T19:22:52.747-04:00,-566.253662,-22.048374
2026-08-25T19:22:52.747-04:00,-565.795898,-22.730780
2026-08-25T19:22:52.747-04:00,-565.338135,-23.665730
2026-08-25T19:22:52.747-04:00,-564.880371,-26.320042
2026-08-25T19:22:52.747-04:00,-564.422607,-28.568335
2026-08-25T19:22:52.747-04:00,-563.964844,-26.316128
2026-08-25T19:22:52.747-04:00,-563.507080,-26.657057
2026-08-25T19:22:52.747-04:00,-563.049316,-27.455988
2026-08-25T19:22:52.747-04:00,-562.591553,-26.693497
2026-08-25T19:22:52.747-04:00,-562.133789,-28.989489
2026-08-25T19:22:52.747-04:00,-561.676025,-32.057831
2026-08-25T19:22:52.747-04:00,-561.218262,-30.265915
2026-08-25T19:22:52.747-04:00,-560.760498,-30.802286
2026-08-25T19:22:52.747-04:00,-560.302734,-31.642389
2026-08-25T19:22:52.747-04:00,-559.844971,-30.318373
2026-08-25T19:22:52.747-04:00,-559.387207,-30.615955
2026-08-25T19:22:52.747-04:00,-558.929443,-28.291286
2026-08-25T19:22:52.747-04:00,-558.471680,-24.152613
2026-08-25T19:22:52.747-04:00,-558.013916,-23.835636
2026-08-25T19:22:52.747-04:00,-557.556152,-28.101065
2026-08-25T19:22:52.747-04:00,-557.098389,-30.349520
2026-08-25T19:22:52.747-04:00,-556.640625,-28.656149
2026-08-25T19:22:52.747-04:00,-556.182861,-26.991556
2026-08-25T19:22:52.747-04:00,-555.725098,-24.714722
2026-08-25T19:22:52.747-04:00,-555.267334,-26.672249
2026-08-25T19:22:52.747-04:00,-554.809570,-46.262619
2026-08-25T19:22:52.747-04:00,-554.351807,-28.511208
2026-08-25T19:22:52.747-04:00,-553.894043,-25.611969
2026-08-25T19:22:52.747-04:00,-553.436279,-27.642920
2026-08-25T19:22:52.747-04:00,-552.978516,-27.841692
2026-08-25T19:22:52.747-04:00,-552.520752,-27.871859
2026-08-25T19:22:52.747-04:00,-552.062988,-28.345945
2026-08-25T19:22:52.747-04:00,-551.605225,-28.331594
2026-08-25T19:22:52.747-04:00,-551.147461,-30.373508
2026-08-25T19:22:52.747-04:00,-550.689697,-37.503120
2026-08-25T19:22:52.747-04:00,-550.231934,-37.710655
2026-08-25T19:22:52.747-04:00,-549.774170,-30.134584
2026-08-25T19:22:52.747-04:00,-549.316406,-31.245043
2026-08-25T19:22:52.747-04:00,-548.858643,-31.900122
2026-08-25T19:22:52.747-04:00,-548.400879,-33.306362
2026-08-25T19:22:52.747-04:00,-547.943115,-29.986984
2026-08-25T19:22:52.747-04:00,-547.485352,-30.035236
2026-08-25T19:22:52.747-04:00,-547.027588,-26.041199
2026-08-25T19:22:52.747-04:00,-546.569824,-23.087576
2026-08-25T19:22:52.747-04:00,-546.112061,-23.516676
2026-08-25T19:22:52.747-04:00,-545.654297,-26.974739
2026-08-25T19:22:52.747-04:00,-545.196533,-33.481842
2026-08-25T19:22:52.747-04:00,-544.738770,-32.576260
2026-08-25T19:22:52.747-04:00,-544.281006,-32.317974
2026-08-25T19:22:52.747-04:00,-543.823242,-70.489334
2026-08-25T19:22:52.747-04:00,-543.365479,-37.025650
2026-08-25T19:22:52.747-04:00,-542.907715,-32.103355
2026-08-25T19:22:52.747-04:00,-542.449951,-27.128431
2026-08-25T19:22:52.747-04:00,-541.992188,-24.640253
2026-08-25T19:22:52.747-04:00,-541.534424,-23.500828
2026-08-25T19:22:52.747-04:00,-541.076660,-25.002029
2026-08-25T19:22:52.747-04:00,-540.618896,-26.851585
2026-08-25T19:22:52.747-04:00,-540.161133,-24.332850
2026-08-25T19:22:52.747-04:00,-539.703369,-22.494514
2026-08-25T19:22:52.747-04:00,-539.245605,-24.109858
2026-08-25T19:22:52.747-04:00,-538.787842,-28.485861
2026-08-25T19:22:52.747-04:00,-538.330078,-26.585487
2026-08-25T19:22:52.747-04:00,-537.872314,-26.553822
2026-08-25T19:22:52.747-04:00,-537.414551,-26.409470
2026-08-25T19:22:52.747-04:00,-536.956787,-30.788992
2026-08-25T19:22:52.747-04:00,-536.499023,-25.040981
2026-08-25T19:22:52.747-04:00,-536.041260,-22.713366
2026-08-25T19:22:52.747-04:00,-535.583496,-26.674147
2026-08-25T19:22:52.747-04:00,-535.125732,-28.877850
2026-08-25T19:22:52.747-04:00,-534.667969,-28.082277
2026-08-25T19:22:52.747-04:00,-534.210205,-40.177998
2026-08-25T19:22:52.747-04:00,-533.752441,-38.876747
2026-08-25T19:22:52.747-04:00,-533.294678,-39.440495
2026-08-25T19:22:52.747-04:00,-532.836914,-28.907270
2026-08-25T19:22:52.747-04:00,-532.379150,-28.681887
2026-08-25T19:22:52.747-04:00,-531.921387,-31.107964
2026-08-25T19:22:52.747-04:00,-531.463623,-35.083557
2026-08-25T19:22:52.747-04:00,-531.005859,-36.201115
2026-08-25T19:22:52.747-04:00,-530.548096,-25.101519
2026-08-25T19:22:52.747-04:00,-530.090332,-24.577562
2026-08-25T19:22:52.747-04:00,-529.632568,-25.325872
2026-08-25T19:22:52.747-04:00,-529.174805,-22.153484
2026-08-25T19:22:52.747-04:00,-528.717041,-20.973089
2026-08-25T19:22:52.747-04:00,-528.259277,-22.725910
2026-08-25T19:22:52.747-04:00,-527.801514,-25.720863
2026-08-25T19:22:52.747-04:00,-527.343750,-26.522190
2026-08-25T19:22:52.747-04:00,-526.885986,-24.703938
2026-08-25T19:22:52.747-04:00,-526.428223,-23.025185
2026-08-25T19:22:52.747-04:00,-525.970459,-23.562740
2026-08-25T19:22:52.747-04:00,-525.512695,-26.655563
2026-08-25T19:22:52.747-04:00,-525.054932,-27.515427
2026-08-25T19:22:52.747-04:00,-524.597168,-26.145067
2026-08-25T19:22:52.747-04:00,-524.139404,-25.053301
2026-08-25T19:22:52.747-04:00,-523.681641,-25.331310
2026-08-25T19:22:52.747-04:00,-523.223877,-26.904066
2026-08-25T19:22:52.747-04:00,-522.766113,-29.659025
2026-08-25T19:22:52.747-04:00,-522.308350,-33.118439
2026-08-25T19:22:52.747-04:00,-521.850586,-29.661007
2026-08-25T19:22:52.747-04:00,-521.392822,-29.532085
2026-08-25T19:22:52.747-04:00,-520.935059,-32.972301
2026-08-25T19:22:52.747-04:00,-520.477295,-29.232656
2026-08-25T19:22:52.747-04:00,-520.019531,-31.610397
2026-08-25T19:22:52.747-04:00,-519.561768,-35.148613
2026-08-25T19:22:52.747-04:00,-519.104004,-29.294529
2026-08-25T19:22:52.747-04:00,-518.646240,-29.179506
2026-08-25T19:22:52.747-04:00,-518.188477,-28.155735
2026-08-25T19:22:52.747-04:00,-517.730713,-25.787754
2026-08-25T19:22:52.747-04:00,-517.272949,-25.311676
2026-08-25T19:22:52.747-04:00,-516.815186,-30.986012
2026-08-25T19:22:52.747-04:00,-516.357422,-40.399357
2026-08-25T19:22:52.747-04:00,-515.899658,-31.702538
2026-08-25T19:22:52.747-04:00,-515.441895,-32.400257
2026-08-25T19:22:52.747-04:00,-514.984131,-34.851559
2026-08-25T19:22:52.747-04:00,-514.526367,-27.307318
2026-08-25T19:22:52.747-04:00,-514.068604,-26.025057
2026-08-25T19:22:52.747-04:00,-513.610840,-30.977934
2026-08-25T19:22:52.747-04:00,-513.153076,-31.966824
2026-08-25T19:22:52.747-04:00,-512.695312,-35.298260
2026-08-25T19:22:52.747-04:00,-512.237549,-38.030399
2026-08-25T19:22:52.747-04:00,-511.779785,-30.949507
2026-08-25T19:22:52.747-04:00,-511.322021,-30.349823
2026-08-25T19:22:52.747-04:00,-510.864258,-28.772583
2026-08-25T19:22:52.747-04:00,-510.406494,-28.010206
2026-08-25T19:22:52.747-04:00,-509.948730,-29.783413
2026-08-25T19:22:52.747-04:00,-509.490967,-33.896267
2026-08-25T19:22:52.747-04:00,-509.033203,-30.599001
2026-08-25T19:22:52.747-04:00,-508.575439,-23.459442
2026-08-25T19:22:52.747-04:00,-508.117676,-23.292450
2026-08-25T19:22:52.747-04:00,-507.659912,-28.573313
2026-08-25T19:22:52.747-04:00,-507.202148,-34.173370
2026-08-25T19:22:52.747-04:00,-506.744385,-35.523079
2026-08-25T19:22:52.747-04:00,-506.286621,-40.605808
2026-08-25T19:22:52.747-04:00,-505.828857,-29.187557
2026-08-25T19:22:52.747-04:00,-505.371094,-26.815088
2026-08-25T19:22:52.747-04:00,-504.913330,-29.922342
2026-08-25T19:22:52.747-04:00,-504.455566,-30.597794
2026-08-25T19:22:52.747-04:00,-503.997803,-29.231279
2026-08-25T19:22:52.747-04:00,-503.540039,-31.073606
2026-08-25T19:22:52.747-04:00,-503.082275,-25.544641
2026-08-25T19:22:52.747-04:00,-502.624512,-23.383541
2026-08-25T19:22:52.747-04:00,-502.166748,-25.140759
2026-08-25T19:22:52.747-04:00,-501.708984,-27.597401
2026-08-25T19:22:52.747-04:00,-501.251221,-30.948458
2026-08-25T19:22:52.747-04:00,-500.793457,-27.828558
2026-08-25T19:22:52.747-04:00,-500.335693,-26.700596
2026-08-25T19:22:52.747-04:00,-499.877930,-28.248203
2026-08-25T19:22:52.747-04:00,-499.420166,-31.752569
2026-08-25T19:22:52.747-04:00,-498.962402,-32.188828
2026-08-25T19:22:52.747-04:00,-498.504639,-25.889387
2026-08-25T19:22:52.747-04:00,-498.046875,-21.528870
2026-08-25T19:22:52.747-04:00,-497.589111,-21.934149
2026-08-25T19:22:52.747-04:00,-497.131348,-27.282696
2026-08-25T19:22:52.747-04:00,-496.673584,-31.084732
2026-08-25T19:22:52.747-04:00,-496.215820,-26.061161
2026-08-25T19:22:52.747-04:00,-495.758057,-24.194105
2026-08-25T19:22:52.747-04:00,-495.300293,-28.167805
2026-08-25T19:22:52.747-04:00,-494.842529,-37.495060
2026-08-25T19:22:52.747-04:00,-494.384766,-46.832901
2026-08-25T19:22:52.747-04:00,-493.927002,-36.367271
2026-08-25T19:22:52.747-04:00,-493.469238,-28.964840
2026-08-25T19:22:52.747-04:00,-493.011475,-24.772778
2026-08-25T19:22:52.747-04:00,-492.553711,-24.198196
2026-08-25T19:22:52.747-04:00,-492.095947,-25.091755
2026-08-25T19:22:52.747-04:00,-491.638184,-24.829323
2026-08-25T19:22:52.747-04:00,-491.180420,-27.335718
2026-08-25T19:22:52.747-04:00,-490.722656,-32.444962
2026-08-25T19:22:52.747-04:00,-490.264893,-31.825504
2026-08-25T19:22:52.747-04:00,-489.807129,-27.228905
2026-08-25T19:22:52.747-04:00,-489.349365,-27.708927
2026-08-25T19:22:52.747-04:00,-488.891602,-37.576080
2026-08-25T19:22:52.747-04:00,-488.433838,-30.580044
2026-08-25T19:22:52.747-04:00,-487.976074,-27.552078
2026-08-25T19:22:52.747-04:00,-487.518311,-26.630890
2026-08-25T19:22:52.747-04:00,-487.060547,-29.532099
2026-08-25T19:22:52.747-04:00,-486.602783,-31.819572
2026-08-25T19:22:52.747-04:00,-486.145020,-29.999805
2026-08-25T19:22:52.747-04:00,-485.687256,-27.701015
2026-08-25T19:22:52.747-04:00,-485.229492,-24.672709
2026-08-25T19:22:52.747-04:00,-484.771729,-23.394835
2026-08-25T19:22:52.747-04:00,-484.313965,-24.045336
2026-08-25T19:22:52.747-04:00,-483.856201,-24.065264
2026-08-25T19:22:52.747-04:00,-483.398438,-22.718292
2026-08-25T19:22:52.747-04:00,-482.940674,-24.015137
2026-08-25T19:22:52.747-04:00,-482.482910,-30.166061
2026-08-25T19:22:52.747-04:00,-482.025146,-31.873034
2026-08-25T19:22:52.747-04:00,-481.567383,-26.381052
2026-08-25T19:22:52.747-04:00,-481.109619,-25.403286
2026-08-25T19:22:52.747-04:00,-480.651855,-31.062296
2026-08-25T19:22:52.747-04:00,-480.194092,-35.960972
2026-08-25T19:22:52.747-04:00,-479.736328,-28.743151
2026-08-25T19:22:52.747-04:00,-479.278564,-28.762997
2026-08-25T19:22:52.747-04:00,-478.820801,-30.665052
2026-08-25T19:22:52.747-04:00,-478.363037,-30.572365
2026-08-25T19:22:52.747-04:00,-477.905273,-27.709902
2026-08-25T19:22:52.747-04:00,-477.447510,-33.594810
2026-08-25T19:22:52.747-04:00,-476.989746,-37.699589
2026-08-25T19:22:52.747-04:00,-476.531982,-35.940830
2026-08-25T19:22:52.747-04:00,-476.074219,-27.357939
2026-08-25T19:22:52.747-04:00,-475.616455,-21.958838
2026-08-25T19:22:52.747-04:00,-475.158691,-21.381090
2026-08-25T19:22:52.747-04:00,-474.700928,-23.496267
2026-08-25T19:22:52.747-04:00,-474.243164,-24.271357
2026-08-25T19:22:52.747-04:00,-473.785400,-21.717909
2026-08-25T19:22:52.747-04:00,-473.327637,-20.404057
2026-08-25T19:22:52.747-04:00,-472.869873,-22.231148
2026-08-25T19:22:52.747-04:00,-472.412109,-24.686398
2026-08-25T19:22:52.747-04:00,-471.954346,-23.226442
2026-08-25T19:22:52.747-04:00,-471.496582,-23.784807
2026-08-25T19:22:52.747-04:00,-471.038818,-26.178402
2026-08-25T19:22:52.747-04:00,-470.581055,-25.347702
2026-08-25T19:22:52.747-04:00,-470.123291,-22.048204
2026-08-25T19:22:52.747-04:00,-469.665527,-21.325375
2026-08-25T19:22:52.747-04:00,-469.207764,-22.078516
2026-08-25T19:22:52.747-04:00,-468.750000,-21.906132
2026-08-25T19:22:52.747-04:00,-468.292236,-22.303617
2026-08-25T19:22:52.747-04:00,-467.834473,-23.460463
2026-08-25T19:22:52.747-04:00,-467.376709,-24.883720
2026-08-25T19:22:52.747-04:00,-466.918945,-26.137495
2026-08-25T19:22:52.747-04:00,-466.461182,-26.328947
2026-08-25T19:22:52.747-04:00,-466.003418,-25.314823
2026-08-25T19:22:52.747-04:00,-465.545654,-26.103647
2026-08-25T19:22:52.747-04:00,-465.087891,-29.714325
2026-08-25T19:22:52.747-04:00,-464.630127,-35.849525
2026-08-25T19:22:52.747-04:00,-464.172363,-30.665524
2026-08-25T19:22:52.747-04:00,-463.714600,-26.600073
2026-08-25T19:22:52.747-04:00,-463.256836,-27.623219
2026-08-25T19:22:52.747-04:00,-462.799072,-27.875595
2026-08-25T19:22:52.747-04:00,-462.341309,-28.364178
2026-08-25T19:22:52.747-04:00,-461.883545,-31.473434
2026-08-25T19:22:52.747-04:00,-461.425781,-34.676937
2026-08-25T19:22:52.747-04:00,-460.968018,-35.956501
2026-08-25T19:22:52.747-04:00,-460.510254,-33.024517
2026-08-25T19:22:52.747-04:00,-460.052490,-38.545456
2026-08-25T19:22:52.747-04:00,-459.594727,-37.627796
2026-08-25T19:22:52.747-04:00,-459.136963,-34.337868
2026-08-25T19:22:52.747-04:00,-458.679199,-31.224604
2026-08-25T19:22:52.747-04:00,-458.221436,-28.873852
2026-08-25T19:22:52.747-04:00,-457.763672,-37.764793
2026-08-25T19:22:52.747-04:00,-457.305908,-30.807728
2026-08-25T19:22:52.747-04:00,-456.848145,-27.004110
2026-08-25T19:22:52.747-04:00,-456.390381,-27.671202
2026-08-25T19:22:52.747-04:00,-455.932617,-29.453333
2026-08-25T19:22:52.747-04:00,-455.474854,-37.259449
2026-08-25T19:22:52.747-04:00,-455.017090,-43.107376
2026-08-25T19:22:52.747-04:00,-454.559326,-35.951572
2026-08-25T19:22:52.747-04:00,-454.101562,-28.212698
2026-08-25T19:22:52.747-04:00,-453.643799,-22.001467
2026-08-25T19:22:52.747-04:00,-453.186035,-19.706430
2026-08-25T19:22:52.747-04:00,-452.728271,-19.759008
2026-08-25T19:22:52.747-04:00,-452.270508,-20.222675
2026-08-25T19:22:52.747-04:00,-451.812744,-19.530226
2026-08-25T19:22:52.747-04:00,-451.354980,-18.612583
2026-08-25T19:22:52.747-04:00,-450.897217,-18.252205
2026-08-25T19:22:52.747-04:00,-450.439453,-17.950665
2026-08-25T19:22:52.747-04:00,-449.981689,-18.747696
2026-08-25T19:22:52.747-04:00,-449.523926,-20.226501
2026-08-25T19:22:52.747-04:00,-449.066162,-20.208494
2026-08-25T19:22:52.747-04:00,-448.608398,-18.872240
2026-08-25T19:22:52.747-04:00,-448.150635,-18.226622
2026-08-25T19:22:52.747-04:00,-447.692871,-21.424900
2026-08-25T19:22:52.747-04:00,-447.235107,-28.832844
2026-08-25T19:22:52.747-04:00,-446.777344,-28.197012
2026-08-25T19:22:52.747-04:00,-446.319580,-33.873459
2026-08-25T19:22:52.747-04:00,-445.861816,-33.375885
2026-08-25T19:22:52.747-04:00,-445.404053,-33.012814
2026-08-25T19:22:52.747-04:00,-444.946289,-28.432587
2026-08-25T19:22:52.747-04:00,-444.488525,-27.492945
2026-08-25T19:22:52.747-04:00,-444.030762,-31.051855
2026-08-25T19:22:52.747-04:00,-443.572998,-28.274357
2026-08-25T19:22:52.747-04:00,-443.115234,-30.589857
2026-08-25T19:22:52.747-04:00,-442.657471,-31.970566
2026-08-25T19:22:52.747-04:00,-442.199707,-28.126377
2026-08-25T19:22:52.747-04:00,-441.741943,-32.084141
2026-08-25T19:22:52.747-04:00,-441.284180,-43.985218
2026-08-25T19:22:52.747-04:00,-440.826416,-32.315933
2026-08-25T19:22:52.747-04:00,-440.368652,-30.528013
2026-08-25T19:22:52.747-04:00,-439.910889,-34.649635
2026-08-25T19:22:52.747-04:00,-439.453125,-28.123592
2026-08-25T19:22:52.747-04:00,-438.995361,-27.136145
2026-08-25T19:22:52.747-04:00,-438.537598,-34.884106
2026-08-25T19:22:52.747-04:00,-438.079834,-37.105099
2026-08-25T19:22:52.747-04:00,-437.622070,-29.281502
2026-08-25T19:22:52.747-04:00,-437.164307,-29.125196
2026-08-25T19:22:52.747-04:00,-436.706543,-30.976448
2026-08-25T19:22:52.747-04:00,-436.248779,-32.566387
2026-08-25T19:22:52.747-04:00,-435.791016,-34.072853
2026-08-25T19:22:52.747-04:00,-435.333252,-36.237713
2026-08-25T19:22:52.747-04:00,-434.875488,-67.807281
2026-08-25T19:22:52.747-04:00,-434.417725,-42.726830
2026-08-25T19:22:52.747-04:00,-433.959961,-32.283459
2026-08-25T19:22:52.747-04:00,-433.502197,-29.478592
2026-08-25T19:22:52.747-04:00,-433.044434,-30.389866
2026-08-25T19:22:52.747-04:00,-432.586670,-37.722164
2026-08-25T19:22:52.747-04:00,-432.128906,-39.648949
2026-08-25T19:22:52.747-04:00,-431.671143,-40.918793
2026-08-25T19:22:52.747-04:00,-431.213379,-45.456356
2026-08-25T19:22:52.747-04:00,-430.755615,-33.189396
2026-08-25T19:22:52.747-04:00,-430.297852,-35.960091
2026-08-25T19:22:52.747-04:00,-429.840088,-33.890308
2026-08-25T19:22:52.747-04:00,-429.382324,-27.195030
2026-08-25T19:22:52.747-04:00,-428.924561,-26.101509
2026-08-25T19:22:52.747-04:00,-428.466797,-32.486374
2026-08-25T19:22:52.747-04:00,-428.009033,-33.113499
2026-08-25T19:22:52.747-04:00,-427.551270,-34.582592
2026-08-25T19:22:52.747-04:00,-427.093506,-31.195490
2026-08-25T19:22:52.747-04:00,-426.635742,-30.901310
2026-08-25T19:22:52.747-04:00,-426.177979,-39.600025
2026-08-25T19:22:52.747-04:00,-425.720215,-27.818106
2026-08-25T19:22:52.747-04:00,-425.262451,-22.531374
2026-08-25T19:22:52.747-04:00,-424.804688,-24.629799
2026-08-25T19:22:52.747-04:00,-424.346924,-27.175999
2026-08-25T19:22:52.747-04:00,-423.889160,-24.815176
2026-08-25T19:22:52.747-04:00,-423.431396,-26.882633
2026-08-25T19:22:52.747-04:00,-422.973633,-31.493723
2026-08-25T19:22:52.747-04:00,-422.515869,-33.018677
2026-08-25T19:22:52.747-04:00,-422.058105,-27.641228
2026-08-25T19:22:52.747-04:00,-421.600342,-24.297449
2026-08-25T19:22:52.747-04:00,-421.142578,-25.182398
2026-08-25T19:22:52.747-04:00,-420.684814,-27.002754
2026-08-25T19:22:52.747-04:00,-420.227051,-25.618010
2026-08-25T19:22:52.747-04:00,-419.769287,-24.657686
2026-08-25T19:22:52.747-04:00,-419.311523,-26.785973
2026-08-25T19:22:52.747-04:00,-418.853760,-34.021221
2026-08-25T19:22:52.747-04:00,-418.395996,-40.105816
2026-08-25T19:22:52.747-04:00,-417.938232,-30.516977
2026-08-25T19:22:52.747-04:00,-417.480469,-30.665884
2026-08-25T19:22:52.747-04:00,-417.022705,-37.088978
2026-08-25T19:22:52.747-04:00,-416.564941,-45.661278
2026-08-25T19:22:52.747-04:00,-416.107178,-36.161823
2026-08-25T19:22:52.747-04:00,-415.649414,-26.981937
2026-08-25T19:22:52.747-04:00,-415.191650,-24.645458
2026-08-25T19:22:52.747-04:00,-414.733887,-25.330896
2026-08-25T19:22:52.747-04:00,-414.276123,-24.876179
2026-08-25T19:22:52.747-04:00,-413.818359,-24.068295
2026-08-25T19:22:52.747-04:00,-413.360596,-26.832468
2026-08-25T19:22:52.747-04:00,-412.902832,-26.175888
2026-08-25T19:22:52.747-04:00,-412.445068,-26.072308
2026-08-25T19:22:52.747-04:00,-411.987305,-33.091003
2026-08-25T19:22:52.747-04:00,-411.529541,-40.667274
2026-08-25T19:22:52.747-04:00,-411.071777,-38.908096
2026-08-25T19:22:52.747-04:00,-410.614014,-32.398407
2026-08-25T19:22:52.747-04:00,-410.156250,-29.478977
2026-08-25T19:22:52.747-04:00,-409.698486,-38.235813
2026-08-25T19:22:52.747-04:00,-409.240723,-31.966248
2026-08-25T19:22:52.747-04:00,-408.782959,-33.554577
2026-08-25T19:22:52.747-04:00,-408.325195,-30.036861
2026-08-25T19:22:52.747-04:00,-407.867432,-26.196175
2026-08-25T19:22:52.747-04:00,-407.409668,-31.622692
2026-08-25T19:22:52.747-04:00,-406.951904,-30.103622
2026-08-25T19:22:52.747-04:00,-406.494141,-22.759287
2026-08-25T19:22:52.747-04:00,-406.036377,-21.336157
2026-08-25T19:22:52.747-04:00,-405.578613,-20.668159
2026-08-25T19:22:52.747-04:00,-405.120850,-19.831316
2026-08-25T19:22:52.747-04:00,-404.663086,-20.054153
2026-08-25T19:22:52.747-04:00,-404.205322,-24.374462
2026-08-25T19:22:52.747-04:00,-403.747559,-32.408958
2026-08-25T19:22:52.747-04:00,-403.289795,-29.266960
2026-08-25T19:22:52.747-04:00,-402.832031,-27.156357
2026-08-25T19:22:52.747-04:00,-402.374268,-33.201900
2026-08-25T19:22:52.747-04:00,-401.916504,-33.336975
2026-08-25T19:22:52.747-04:00,-401.458740,-23.980501
2026-08-25T19:22:52.747-04:00,-401.000977,-20.382776
2026-08-25T19:22:52.747-04:00,-400.543213,-20.479019
2026-08-25T19:22:52.747-04:00,-400.085449,-23.029202
2026-08-25T19:22:52.747-04:00,-399.627686,-23.627064
2026-08-25T19:22:52.747-04:00,-399.169922,-22.106541
2026-08-25T19:22:52.747-04:00,-398.712158,-24.300289
2026-08-25T19:22:52.747-04:00,-398.254395,-28.637106
2026-08-25T19:22:52.747-04:00,-397.796631,-29.517376
2026-08-25T19:22:52.747-04:00,-397.338867,-29.183170
2026-08-25T19:22:52.747-04:00,-396.881104,-31.133844
2026-08-25T19:22:52.747-04:00,-396.423340,-32.339218
2026-08-25T19:22:52.747-04:00,-395.965576,-25.026459
2026-08-25T19:22:52.747-04:00,-395.507812,-24.296610
2026-08-25T19:22:52.747-04:00,-395.050049,-31.127768
2026-08-25T19:22:52.747-04:00,-394.592285,-37.515366
2026-08-25T19:22:52.747-04:00,-394.134521,-33.198601
2026-08-25T19:22:52.747-04:00,-393.676758,-25.811249
2026-08-25T19:22:52.747-04:00,-393.218994,-22.706341
2026-08-25T19:22:52.747-04:00,-392.761230,-21.868420
2026-08-25T19:22:52.747-04:00,-392.303467,-22.229664
2026-08-25T19:22:52.747-04:00,-391.845703,-22.150831
2026-08-25T19:22:52.747-04:00,-391.387939,-20.855560
2026-08-25T19:22:52.747-04:00,-390.930176,-20.707531
2026-08-25T19:22:52.747-04:00,-390.472412,-21.933615
2026-08-25T19:22:52.747-04:00,-390.014648,-20.695858
2026-08-25T19:22:52.747-04:00,-389.556885,-20.630241
2026-08-25T19:22:52.747-04:00,-389.099121,-22.803638
2026-08-25T19:22:52.747-04:00,-388.641357,-22.941420
2026-08-25T19:22:52.747-04:00,-388.183594,-20.482845
2026-08-25T19:22:52.747-04:00,-387.725830,-19.579178
2026-08-25T19:22:52.747-04:00,-387.268066,-21.351271
2026-08-25T19:22:52.747-04:00,-386.810303,-24.771769
2026-08-25T19:22:52.747-04:00,-386.352539,-26.897083
2026-08-25T19:22:52.747-04:00,-385.894775,-26.249226
2026-08-25T19:22:52.747-04:00,-385.437012,-26.608927
2026-08-25T19:22:52.747-04:00,-384.979248,-28.057320
2026-08-25T19:22:52.747-04:00,-384.521484,-26.108803
2026-08-25T19:22:52.747-04:00,-384.063721,-27.803059
2026-08-25T19:22:52.747-04:00,-383.605957,-35.955795
2026-08-25T19:22:52.747-04:00,-383.148193,-42.134735
2026-08-25T19:22:52.747-04:00,-382.690430,-31.558502
2026-08-25T19:22:52.747-04:00,-382.232666,-26.470222
2026-08-25T19:22:52.747-04:00,-381.774902,-26.966480
2026-08-25T19:22:52.747-04:00,-381.317139,-29.191875
2026-08-25T19:22:52.747-04:00,-380.859375,-28.490179
2026-08-25T19:22:52.747-04:00,-380.401611,-28.363630
2026-08-25T19:22:52.747-04:00,-379.943848,-32.701725
2026-08-25T19:22:52.747-04:00,-379.486084,-34.484169
2026-08-25T19:22:52.747-04:00,-379.028320,-37.030701
2026-08-25T19:22:52.747-04:00,-378.570557,-29.166752
2026-08-25T19:22:52.747-04:00,-378.112793,-26.350613
2026-08-25T19:22:52.747-04:00,-377.655029,-24.059196
2026-08-25T19:22:52.747-04:00,-377.197266,-21.316463
2026-08-25T19:22:52.747-04:00,-376.739502,-19.857941
2026-08-25T19:22:52.747-04:00,-376.281738,-17.397686
2026-08-25T19:22:52.747-04:00,-375.823975,-18.058132
2026-08-25T19:22:52.747-04:00,-375.366211,-21.936275
2026-08-25T19:22:52.747-04:00,-374.908447,-22.235863
2026-08-25T19:22:52.747-04:00,-374.450684,-23.042133
2026-08-25T19:22:52.747-04:00,-373.992920,-20.449507
2026-08-25T19:22:52.747-04:00,-373.535156,-18.787062
2026-08-25T19:22:52.747-04:00,-373.077393,-21.197073
2026-08-25T19:22:52.747-04:00,-372.619629,-27.735821
2026-08-25T19:22:52.747-04:00,-372.161865,-30.700321
2026-08-25T19:22:52.747-04:00,-371.704102,-29.756630
2026-08-25T19:22:52.747-04:00,-371.246338,-31.265934
2026-08-25T19:22:52.747-04:00,-370.788574,-31.702826
2026-08-25T19:22:52.747-04:00,-370.330811,-25.867193
2026-08-25T19:22:52.747-04:00,-369.873047,-28.954262
2026-08-25T19:22:52.747-04:00,-369.415283,-41.009109
2026-08-25T19:22:52.747-04:00,-368.957520,-38.390415
2026-08-25T19:22:52.747-04:00,-368.499756,-29.255598
2026-08-25T19:22:52.747-04:00,-368.041992,-25.407120
2026-08-25T19:22:52.747-04:00,-367.584229,-27.996733
2026-08-25T19:22:52.747-04:00,-367.126465,-29.175261
2026-08-25T19:22:52.747-04:00,-366.668701,-24.398882
2026-08-25T19:22:52.747-04:00,-366.210938,-23.477152
2026-08-25T19:22:52.747-04:00,-365.753174,-28.308918
2026-08-25T19:22:52.747-04:00,-365.295410,-31.048338
2026-08-25T19:22:52.747-04:00,-364.837646,-30.708721
2026-08-25T19:22:52.747-04:00,-364.379883,-37.583431
2026-08-25T19:22:52.747-04:00,-363.922119,-41.219997
2026-08-25T19:22:52.747-04:00,-363.464355,-32.023182
2026-08-25T19:22:52.747-04:00,-363.006592,-28.757399
2026-08-25T19:22:52.747-04:00,-362.548828,-26.608438
2026-08-25T19:22:52.747-04:00,-362.091064,-24.895744
2026-08-25T19:22:52.747-04:00,-361.633301,-25.010391
2026-08-25T19:22:52.747-04:00,-361.175537,-25.349316
2026-08-25T19:22:52.747-04:00,-360.717773,-24.736502
2026-08-25T19:22:52.747-04:00,-360.260010,-25.503046
2026-08-25T19:22:52.747-04:00,-359.802246,-29.518154
2026-08-25T19:22:52.747-04:00,-359.344482,-39.664177
2026-08-25T19:22:52.747-04:00,-358.886719,-40.955067
2026-08-25T19:22:52.747-04:00,-358.428955,-39.043995
2026-08-25T19:22:52.747-04:00,-357.971191,-27.022543
2026-08-25T19:22:52.747-04:00,-357.513428,-25.489883
2026-08-25T19:22:52.747-04:00,-357.055664,-31.350143
2026-08-25T19:22:52.747-04:00,-356.597900,-41.614006
2026-08-25T19:22:52.747-04:00,-356.140137,-43.495277
2026-08-25T19:22:52.747-04:00,-355.682373,-40.270103
2026-08-25T19:22:52.747-04:00,-355.224609,-42.877495
2026-08-25T19:22:52.747-04:00,-354.766846,-31.804056
2026-08-25T19:22:52.747-04:00,-354.309082,-29.745228
2026-08-25T19:22:52.747-04:00,-353.851318,-30.501394
2026-08-25T19:22:52.747-04:00,-353.393555,-28.181313
2026-08-25T19:22:52.747-04:00,-352.935791,-24.675121
2026-08-25T19:22:52.747-04:00,-352.478027,-23.174061
2026-08-25T19:22:52.747-04:00,-352.020264,-22.618462
2026-08-25T19:22:52.747-04:00,-351.562500,-22.687801
2026-08-25T19:22:52.747-04:00,-351.104736,-26.030806
2026-08-25T19:22:52.747-04:00,-350.646973,-35.447678
2026-08-25T19:22:52.747-04:00,-350.189209,-36.316853
2026-08-25T19:22:52.747-04:00,-349.731445,-32.168163
2026-08-25T19:22:52.747-04:00,-349.273682,-40.156967
2026-08-25T19:22:52.747-04:00,-348.815918,-31.210983
2026-08-25T19:22:52.747-04:00,-348.358154,-30.758888
2026-08-25T19:22:52.747-04:00,-347.900391,-37.739407
2026-08-25T19:22:52.747-04:00,-347.442627,-28.834099
2026-08-25T19:22:52.747-04:00,-346.984863,-26.694084
2026-08-25T19:22:52.747-04:00,-346.527100,-26.222672
2026-08-25T19:22:52.747-04:00,-346.069336,-28.987753
2026-08-25T19:22:52.747-04:00,-345.611572,-35.053375
2026-08-25T19:22:52.747-04:00,-345.153809,-27.243975
2026-08-25T19:22:52.747-04:00,-344.696045,-28.851652
2026-08-25T19:22:52.747-04:00,-344.238281,-46.551132
2026-08-25T19:22:52.747-04:00,-343.780518,-27.435377
2026-08-25T19:22:52.747-04:00,-343.322754,-24.255234
2026-08-25T19:22:52.747-04:00,-342.864990,-23.261473
2026-08-25T19:22:52.747-04:00,-342.407227,-21.852417
2026-08-25T19:22:52.747-04:00,-341.949463,-21.095348
2026-08-25T19:22:52.747-04:00,-341.491699,-22.373089
2026-08-25T19:22:52.747-04:00,-341.033936,-24.662703
2026-08-25T19:22:52.747-04:00,-340.576172,-25.793667
2026-08-25T19:22:52.747-04:00,-340.118408,-24.123341
2026-08-25T19:22:52.747-04:00,-339.660645,-23.780960
2026-08-25T19:22:52.747-04:00,-339.202881,-27.619282
2026-08-25T19:22:52.747-04:00,-338.745117,-37.242413
2026-08-25T19:22:52.747-04:00,-338.287354,-27.518633
2026-08-25T19:22:52.747-04:00,-337.829590,-25.354820
2026-08-25T19:22:52.747-04:00,-337.371826,-25.020817
2026-08-25T19:22:52.747-04:00,-336.914062,-22.357800
2026-08-25T19:22:52.747-04:00,-336.456299,-21.070559
2026-08-25T19:22:52.747-04:00,-335.998535,-24.191101
2026-08-25T19:22:52.747-04:00,-335.540771,-30.496733
2026-08-25T19:22:52.747-04:00,-335.083008,-26.821293
2026-08-25T19:22:52.747-04:00,-334.625244,-28.607740
2026-08-25T19:22:52.747-04:00,-334.167480,-25.733824
2026-08-25T19:22:52.747-04:00,-333.709717,-26.033543
2026-08-25T19:22:52.747-04:00,-333.251953,-25.908333
2026-08-25T19:22:52.747-04:00,-332.794189,-23.847715
2026-08-25T19:22:52.747-04:00,-332.336426,-24.983028
2026-08-25T19:22:52.747-04:00,-331.878662,-28.024158
2026-08-25T19:22:52.747-04:00,-331.420898,-33.296574
2026-08-25T19:22:52.747-04:00,-330.963135,-38.775604
2026-08-25T19:22:52.747-04:00,-330.505371,-54.745964
2026-08-25T19:22:52.747-04:00,-330.047607,-33.267044
2026-08-25T19:22:52.747-04:00,-329.589844,-30.902918
2026-08-25T19:22:52.747-04:00,-329.132080,-34.302097
2026-08-25T19:22:52.747-04:00,-328.674316,-29.903566
2026-08-25T19:22:52.747-04:00,-328.216553,-28.599922
2026-08-25T19:22:52.747-04:00,-327.758789,-29.295574
2026-08-25T19:22:52.747-04:00,-327.301025,-31.507807
2026-08-25T19:22:52.747-04:00,-326.843262,-35.397507
2026-08-25T19:22:52.747-04:00,-326.385498,-37.836605
2026-08-25T19:22:52.747-04:00,-325.927734,-40.407043
2026-08-25T19:22:52.747-04:00,-325.469971,-30.635620
2026-08-25T19:22:52.747-04:00,-325.012207,-27.361357
2026-08-25T19:22:52.747-04:00,-324.554443,-27.141600
2026-08-25T19:22:52.747-04:00,-324.096680,-30.313011
2026-08-25T19:22:52.747-04:00,-323.638916,-31.296446
2026-08-25T19:22:52.747-04:00,-323.181152,-24.769228
2026-08-25T19:22:52.747-04:00,-322.723389,-24.892160
2026-08-25T19:22:52.747-04:00,-322.265625,-31.469208
2026-08-25T19:22:52.747-04:00,-321.807861,-33.888214
2026-08-25T19:22:52.747-04:00,-321.350098,-26.895107
2026-08-25T19:22:52.747-04:00,-320.892334,-22.737341
2026-08-25T19:22:52.747-04:00,-320.434570,-23.325642
2026-08-25T19:22:52.747-04:00,-319.976807,-24.493448
2026-08-25T19:22:52.747-04:00,-319.519043,-24.158018
2026-08-25T19:22:52.747-04:00,-319.061279,-24.447153
2026-08-25T19:22:52.747-04:00,-318.603516,-24.578129
2026-08-25T19:22:52.747-04:00,-318.145752,-32.049603
2026-08-25T19:22:52.747-04:00,-317.687988,-32.932632
2026-08-25T19:22:52.747-04:00,-317.230225,-32.832428
2026-08-25T19:22:52.747-04:00,-316.772461,-26.816528
2026-08-25T19:22:52.747-04:00,-316.314697,-20.579193
2026-08-25T19:22:52.747-04:00,-315.856934,-20.796192
2026-08-25T19:22:52.747-04:00,-315.399170,-25.874210
2026-08-25T19:22:52.747-04:00,-314.941406,-25.874947
2026-08-25T19:22:52.747-04:00,-314.483643,-21.650558
2026-08-25T19:22:52.747-04:00,-314.025879,-20.077526
2026-08-25T19:22:52.747-04:00,-313.568115,-21.607286
2026-08-25T19:22:52.747-04:00,-313.110352,-24.359150
2026-08-25T19:22:52.747-04:00,-312.652588,-23.849813
2026-08-25T19:22:52.747-04:00,-312.194824,-21.828310
2026-08-25T19:22:52.747-04:00,-311.737061,-24.009502
2026-08-25T19:22:52.747-04:00,-311.279297,-33.331181
2026-08-25T19:22:52.747-04:00,-310.821533,-31.833284
2026-08-25T19:22:52.747-04:00,-310.363770,-31.330379
2026-08-25T19:22:52.747-04:00,-309.906006,-26.697945
2026-08-25T19:22:52.747-04:00,-309.448242,-22.182196
2026-08-25T19:22:52.747-04:00,-308.990479,-20.950195
2026-08-25T19:22:52.747-04:00,-308.532715,-23.806126
2026-08-25T19:22:52.747-04:00,-308.074951,-28.603085
2026-08-25T19:22:52.747-04:00,-307.617188,-28.669117
2026-08-25T19:22:52.747-04:00,-307.159424,-27.657932
2026-08-25T19:22:52.747-04:00,-306.701660,-29.556259
2026-08-25T19:22:52.747-04:00,-306.243896,-30.464508
2026-08-25T19:22:52.747-04:00,-305.786133,-28.540020
2026-08-25T19:22:52.747-04:00,-305.328369,-25.665997
2026-08-25T19:22:52.747-04:00,-304.870605,-25.054543
2026-08-25T19:22:52.747-04:00,-304.412842,-26.614769
2026-08-25T19:22:52.747-04:00,-303.955078,-27.454042
2026-08-25T19:22:52.747-04:00,-303.497314,-26.122929
2026-08-25T19:22:52.747-04:00,-303.039551,-28.088230
2026-08-25T19:22:52.747-04:00,-302.581787,-33.874382
2026-08-25T19:22:52.747-04:00,-302.124023,-29.589748
2026-08-25T19:22:52.747-04:00,-301.666260,-26.595488
2026-08-25T19:22:52.747-04:00,-301.208496,-28.880821
2026-08-25T19:22:52.747-04:00,-300.750732,-32.544903
2026-08-25T19:22:52.747-04:00,-300.292969,-33.532440
2026-08-25T19:22:52.747-04:00,-299.835205,-36.198570
2026-08-25T19:22:52.747-04:00,-299.377441,-30.165655
2026-08-25T19:22:52.747-04:00,-298.919678,-23.587433
2026-08-25T19:22:52.747-04:00,-298.461914,-22.454926
2026-08-25T19:22:52.747-04:00,-298.004150,-26.581753
2026-08-25T19:22:52.747-04:00,-297.546387,-30.949997
2026-08-25T19:22:52.747-04:00,-297.088623,-26.910721
2026-08-25T19:22:52.747-04:00,-296.630859,-28.436775
2026-08-25T19:22:52.747-04:00,-296.173096,-27.452164
2026-08-25T19:22:52.747-04:00,-295.715332,-29.388254
2026-08-25T19:22:52.747-04:00,-295.257568,-32.590755
2026-08-25T19:22:52.747-04:00,-294.799805,-25.242847
2026-08-25T19:22:52.747-04:00,-294.342041,-23.243683
2026-08-25T19:22:52.747-04:00,-293.884277,-22.876877
2026-08-25T19:22:52.747-04:00,-293.426514,-24.168774
2026-08-25T19:22:52.747-04:00,-292.968750,-25.956463
2026-08-25T19:22:52.747-04:00,-292.510986,-25.748936
2026-08-25T19:22:52.747-04:00,-292.053223,-24.315708
2026-08-25T19:22:52.747-04:00,-291.595459,-24.408337
2026-08-25T19:22:52.747-04:00,-291.137695,-26.462488
2026-08-25T19:22:52.747-04:00,-290.679932,-29.227699
2026-08-25T19:22:52.747-04:00,-290.222168,-28.490927
2026-08-25T19:22:52.747-04:00,-289.764404,-26.494473
2026-08-25T19:22:52.747-04:00,-289.306641,-26.062201
2026-08-25T19:22:52.747-04:00,-288.848877,-28.451950
2026-08-25T19:22:52.747-04:00,-288.391113,-35.679337
2026-08-25T19:22:52.747-04:00,-287.933350,-38.205276
2026-08-25T19:22:52.747-04:00,-287.475586,-41.674904
2026-08-25T19:22:52.747-04:00,-287.017822,-31.035795
2026-08-25T19:22:52.747-04:00,-286.560059,-29.307735
2026-08-25T19:22:52.747-04:00,-286.102295,-28.230951
2026-08-25T19:22:52.747-04:00,-285.644531,-26.924168
2026-08-25T19:22:52.747-04:00,-285.186768,-24.756687
2026-08-25T19:22:52.747-04:00,-284.729004,-24.078491
2026-08-25T19:22:52.747-04:00,-284.271240,-28.810295
2026-08-25T19:22:52.747-04:00,-283.813477,-34.125145
2026-08-25T19:22:52.747-04:00,-283.355713,-34.833504
2026-08-25T19:22:52.747-04:00,-282.897949,-36.553238
2026-08-25T19:22:52.747-04:00,-282.440186,-23.320911
2026-08-25T19:22:52.747-04:00,-281.982422,-20.125921
2026-08-25T19:22:52.747-04:00,-281.524658,-22.049028
2026-08-25T19:22:52.747-04:00,-281.066895,-27.243290
2026-08-25T19:22:52.747-04:00,-280.609131,-33.080643
2026-08-25T19:22:52.747-04:00,-280.151367,-36.939465
2026-08-25T19:22:52.747-04:00,-279.693604,-34.269890
2026-08-25T19:22:52.747-04:00,-279.235840,-31.170862
2026-08-25T19:22:52.747-04:00,-278.778076,-29.141159
2026-08-25T19:22:52.747-04:00,-278.320312,-30.974627
2026-08-25T19:22:52.747-04:00,-277.862549,-37.622215
2026-08-25T19:22:52.747-04:00,-277.404785,-34.073128
2026-08-25T19:22:52.747-04:00,-276.947021,-28.604324
2026-08-25T19:22:52.747-04:00,-276.489258,-26.696831
2026-08-25T19:22:52.747-04:00,-276.031494,-28.820835
2026-08-25T19:22:52.747-04:00,-275.573730,-34.362648
2026-08-25T19:22:52.747-04:00,-275.115967,-41.980091
2026-08-25T19:22:52.747-04:00,-274.658203,-33.545799
2026-08-25T19:22:52.747-04:00,-274.200439,-32.016422
2026-08-25T19:22:52.747-04:00,-273.742676,-34.392208
2026-08-25T19:22:52.747-04:00,-273.284912,-31.149817
2026-08-25T19:22:52.747-04:00,-272.827148,-28.476164
2026-08-25T19:22:52.747-04:00,-272.369385,-30.567400
2026-08-25T19:22:52.747-04:00,-271.911621,-31.677198
2026-08-25T19:22:52.747-04:00,-271.453857,-30.242765
2026-08-25T19:22:52.747-04:00,-270.996094,-27.882013
2026-08-25T19:22:52.747-04:00,-270.538330,-27.331268
2026-08-25T19:22:52.747-04:00,-270.080566,-30.811592
2026-08-25T19:22:52.747-04:00,-269.622803,-33.136105
2026-08-25T19:22:52.747-04:00,-269.165039,-27.257002
2026-08-25T19:22:52.747-04:00,-268.707275,-23.731274
2026-08-25T19:22:52.747-04:00,-268.249512,-25.099003
2026-08-25T19:22:52.747-04:00,-267.791748,-29.293278
2026-08-25T19:22:52.747-04:00,-267.333984,-37.210037
2026-08-25T19:22:52.747-04:00,-266.876221,-37.259804
2026-08-25T19:22:52.747-04:00,-266.418457,-29.957884
2026-08-25T19:22:52.747-04:00,-265.960693,-27.420729
2026-08-25T19:22:52.747-04:00,-265.502930,-29.357437
2026-08-25T19:22:52.747-04:00,-265.045166,-31.509472
2026-08-25T19:22:52.747-04:00,-264.587402,-27.837849
2026-08-25T19:22:52.747-04:00,-264.129639,-28.961344
2026-08-25T19:22:52.747-04:00,-263.671875,-35.375671
2026-08-25T19:22:52.747-04:00,-263.214111,-31.027155
2026-08-25T19:22:52.747-04:00,-262.756348,-28.260756
2026-08-25T19:22:52.747-04:00,-262.298584,-20.200537
2026-08-25T19:22:52.747-04:00,-261.840820,-17.213156
2026-08-25T19:22:52.747-04:00,-261.383057,-17.889263
2026-08-25T19:22:52.747-04:00,-260.925293,-20.669300
2026-08-25T19:22:52.747-04:00,-260.467529,-22.166138
2026-08-25T19:22:52.747-04:00,-260.009766,-21.009970
2026-08-25T19:22:52.747-04:00,-259.552002,-19.791611
2026-08-25T19:22:52.747-04:00,-259.094238,-21.168442
2026-08-25T19:22:52.747-04:00,-258.636475,-25.240984
2026-08-25T19:22:52.747-04:00,-258.178711,-23.957235
2026-08-25T19:22:52.747-04:00,-257.720947,-22.782745
2026-08-25T19:22:52.747-04:00,-257.263184,-24.128838
2026-08-25T19:22:52.747-04:00,-256.805420,-21.442564
2026-08-25T19:22:52.747-04:00,-256.347656,-19.101768
2026-08-25T19:22:52.747-04:00,-255.889893,-19.202009
2026-08-25T19:22:52.747-04:00,-255.432129,-20.592388
2026-08-25T19:22:52.747-04:00,-254.974365,-21.910116
2026-08-25T19:22:52.747-04:00,-254.516602,-21.916782
2026-08-25T19:22:52.747-04:00,-254.058838,-21.352283
2026-08-25T19:22:52.747-04:00,-253.601074,-21.342407
2026-08-25T19:22:52.747-04:00,-253.143311,-21.944500
2026-08-25T19:22:52.747-04:00,-252.685547,-23.267176
2026-08-25T19:22:52.747-04:00,-252.227783,-24.125446
2026-08-25T19:22:52.747-04:00,-251.770020,-24.250925
2026-08-25T19:22:52.747-04:00,-251.312256,-25.446125
2026-08-25T19:22:52.747-04:00,-250.854492,-26.111706
2026-08-25T19:22:52.747-04:00,-250.396729,-24.596672
2026-08-25T19:22:52.747-04:00,-249.938965,-23.953218
2026-08-25T19:22:52.747-04:00,-249.481201,-26.142353
2026-08-25T19:22:52.747-04:00,-249.023438,-30.410889
2026-08-25T19:22:52.747-04:00,-248.565674,-31.577160
2026-08-25T19:22:52.747-04:00,-248.107910,-29.642056
2026-08-25T19:22:52.747-04:00,-247.650146,-28.039503
2026-08-25T19:22:52.747-04:00,-247.192383,-27.147621
2026-08-25T19:22:52.747-04:00,-246.734619,-28.430668
2026-08-25T19:22:52.747-04:00,-246.276855,-32.897148
2026-08-25T19:22:52.747-04:00,-245.819092,-46.937847
2026-08-25T19:22:52.747-04:00,-245.361328,-32.503891
2026-08-25T19:22:52.747-04:00,-244.903564,-31.710712
2026-08-25T19:22:52.747-04:00,-244.445801,-32.060883
2026-08-25T19:22:52.747-04:00,-243.988037,-28.684732
2026-08-25T19:22:52.747-04:00,-243.530273,-28.092484
2026-08-25T19:22:52.747-04:00,-243.072510,-29.461880
2026-08-25T19:22:52.747-04:00,-242.614746,-29.893135
2026-08-25T19:22:52.747-04:00,-242.156982,-29.793018
2026-08-25T19:22:52.747-04:00,-241.699219,-25.953499
2026-08-25T19:22:52.747-04:00,-241.241455,-21.660080
2026-08-25T19:22:52.747-04:00,-240.783691,-19.685093
2026-08-25T19:22:52.747-04:00,-240.325928,-20.437668
2026-08-25T19:22:52.747-04:00,-239.868164,-23.217854
2026-08-25T19:22:52.747-04:00,-239.410400,-26.849831
2026-08-25T19:22:52.747-04:00,-238.952637,-26.642284
2026-08-25T19:22:52.747-04:00,-238.494873,-23.087864
2026-08-25T19:22:52.747-04:00,-238.037109,-21.102406
2026-08-25T19:22:52.747-04:00,-237.579346,-22.845400
2026-08-25T19:22:52.747-04:00,-237.121582,-27.142532
2026-08-25T19:22:52.747-04:00,-236.663818,-29.314640
2026-08-25T19:22:52.747-04:00,-236.206055,-31.892792
2026-08-25T19:22:52.747-04:00,-235.748291,-34.757046
2026-08-25T19:22:52.747-04:00,-235.290527,-34.588074
2026-08-25T19:22:52.747-04:00,-234.832764,-32.981449
2026-08-25T19:22:52.747-04:00,-234.375000,-29.159880
2026-08-25T19:22:52.747-04:00,-233.917236,-31.792976
2026-08-25T19:22:52.747-04:00,-233.459473,-34.151691
2026-08-25T19:22:52.747-04:00,-233.001709,-30.542471
2026-08-25T19:22:52.747-04:00,-232.543945,-26.499861
2026-08-25T19:22:52.747-04:00,-232.086182,-24.894279
2026-08-25T19:22:52.747-04:00,-231.628418,-28.198620
2026-08-25T19:22:52.747-04:00,-231.170654,-33.442165
2026-08-25T19:22:52.747-04:00,-230.712891,-31.581402
2026-08-25T19:22:52.747-04:00,-230.255127,-30.330425
2026-08-25T19:22:52.747-04:00,-229.797363,-29.555374
2026-08-25T19:22:52.747-04:00,-229.339600,-29.071112
2026-08-25T19:22:52.747-04:00,-228.881836,-29.093801
2026-08-25T19:22:52.747-04:00,-228.424072,-30.173489
2026-08-25T19:22:52.747-04:00,-227.966309,-34.478573
2026-08-25T19:22:52.747-04:00,-227.508545,-34.106030
2026-08-25T19:22:52.747-04:00,-227.050781,-32.603634
2026-08-25T19:22:52.747-04:00,-226.593018,-51.688900
2026-08-25T19:22:52.747-04:00,-226.135254,-38.609863
2026-08-25T19:22:52.747-04:00,-225.677490,-32.183006
2026-08-25T19:22:52.747-04:00,-225.219727,-32.334389
2026-08-25T19:22:52.747-04:00,-224.761963,-40.449944
2026-08-25T19:22:52.747-04:00,-224.304199,-44.240944
2026-08-25T19:22:52.747-04:00,-223.846436,-48.264694
2026-08-25T19:22:52.747-04:00,-223.388672,-30.280561
2026-08-25T19:22:52.747-04:00,-222.930908,-27.117064
2026-08-25T19:22:52.747-04:00,-222.473145,-29.841770
2026-08-25T19:22:52.747-04:00,-222.015381,-33.311199
2026-08-25T19:22:52.747-04:00,-221.557617,-34.483635
2026-08-25T19:22:52.747-04:00,-221.099854,-30.212839
2026-08-25T19:22:52.747-04:00,-220.642090,-27.881754
2026-08-25T19:22:52.747-04:00,-220.184326,-26.143398
2026-08-25T19:22:52.747-04:00,-219.726562,-23.359688
2026-08-25T19:22:52.747-04:00,-219.268799,-23.146313
2026-08-25T19:22:52.747-04:00,-218.811035,-24.738850
2026-08-25T19:22:52.747-04:00,-218.353271,-27.543102
2026-08-25T19:22:52.747-04:00,-217.895508,-26.561735
2026-08-25T19:22:52.747-04:00,-217.437744,-21.414024
2026-08-25T19:22:52.747-04:00,-216.979980,-20.935791
2026-08-25T19:22:52.747-04:00,-216.522217,-28.142965
2026-08-25T19:22:52.747-04:00,-216.064453,-36.813526
2026-08-25T19:22:52.747-04:00,-215.606689,-35.738422
2026-08-25T19:22:52.747-04:00,-215.148926,-38.053707
2026-08-25T19:22:52.747-04:00,-214.691162,-31.008080
2026-08-25T19:22:52.747-04:00,-214.233398,-35.950420
2026-08-25T19:22:52.747-04:00,-213.775635,-30.703840
2026-08-25T19:22:52.747-04:00,-213.317871,-27.146263
2026-08-25T19:22:52.747-04:00,-212.860107,-27.136101
2026-08-25T19:22:52.747-04:00,-212.402344,-26.035294
2026-08-25T19:22:52.747-04:00,-211.944580,-24.239639
2026-08-25T19:22:52.747-04:00,-211.486816,-24.409042
2026-08-25T19:22:52.747-04:00,-211.029053,-27.986214
2026-08-25T19:22:52.747-04:00,-210.571289,-29.435467
2026-08-25T19:22:52.747-04:00,-210.113525,-27.025919
2026-08-25T19:22:52.747-04:00,-209.655762,-38.622803
2026-08-25T19:22:52.747-04:00,-209.197998,-28.518717
2026-08-25T19:22:52.747-04:00,-208.740234,-25.595209
2026-08-25T19:22:52.747-04:00,-208.282471,-26.449224
2026-08-25T19:22:52.747-04:00,-207.824707,-26.692831
2026-08-25T19:22:52.747-04:00,-207.366943,-30.506422
2026-08-25T19:22:52.747-04:00,-206.909180,-33.630138
2026-08-25T19:22:52.747-04:00,-206.451416,-30.188791
2026-08-25T19:22:52.747-04:00,-205.993652,-29.213055
2026-08-25T19:22:52.747-04:00,-205.535889,-32.152004
2026-08-25T19:22:52.747-04:00,-205.078125,-26.999102
2026-08-25T19:22:52.747-04:00,-204.620361,-22.280258
2026-08-25T19:22:52.747-04:00,-204.162598,-22.355822
2026-08-25T19:22:52.747-04:00,-203.704834,-24.575308
2026-08-25T19:22:52.747-04:00,-203.247070,-26.876385
2026-08-25T19:22:52.747-04:00,-202.789307,-29.554916
2026-08-25T19:22:52.747-04:00,-202.331543,-37.815468
2026-08-25T19:22:52.747-04:00,-201.873779,-35.134781
2026-08-25T19:22:52.747-04:00,-201.416016,-28.703915
2026-08-25T19:22:52.747-04:00,-200.958252,-29.898920
2026-08-25T19:22:52.747-04:00,-200.500488,-36.698116
2026-08-25T19:22:52.747-04:00,-200.042725,-31.068481
2026-08-25T19:22:52.747-04:00,-199.584961,-28.470238
2026-08-25T19:22:52.747-04:00,-199.127197,-31.437626
2026-08-25T19:22:52.747-04:00,-198.669434,-31.235464
2026-08-25T19:22:52.747-04:00,-198.211670,-31.210890
2026-08-25T19:22:52.747-04:00,-197.753906,-30.170437
2026-08-25T19:22:52.747-04:00,-197.296143,-28.091928
2026-08-25T19:22:52.747-04:00,-196.838379,-28.213043
2026-08-25T19:22:52.747-04:00,-196.380615,-32.982216
2026-08-25T19:22:52.747-04:00,-195.922852,-36.738953
2026-08-25T19:22:52.747-04:00,-195.465088,-31.427322
2026-08-25T19:22:52.747-04:00,-195.007324,-31.885050
2026-08-25T19:22:52.747-04:00,-194.549561,-40.208054
2026-08-25T19:22:52.747-04:00,-194.091797,-28.470596
2026-08-25T19:22:52.747-04:00,-193.634033,-26.042622
2026-08-25T19:22:52.747-04:00,-193.176270,-23.114098
2026-08-25T19:22:52.747-04:00,-192.718506,-23.528797
2026-08-25T19:22:52.747-04:00,-192.260742,-25.912210
2026-08-25T19:22:52.747-04:00,-191.802979,-27.905405
2026-08-25T19:22:52.747-04:00,-191.345215,-38.020142
2026-08-25T19:22:52.747-04:00,-190.887451,-29.833469
2026-08-25T19:22:52.747-04:00,-190.429688,-29.265099
2026-08-25T19:22:52.747-04:00,-189.971924,-32.460655
2026-08-25T19:22:52.747-04:00,-189.514160,-24.847910
2026-08-25T19:22:52.747-04:00,-189.056396,-23.522272
2026-08-25T19:22:52.747-04:00,-188.598633,-26.804335
2026-08-25T19:22:52.747-04:00,-188.140869,-37.280151
2026-08-25T19:22:52.747-04:00,-187.683105,-36.828983
2026-08-25T19:22:52.747-04:00,-187.225342,-30.744593
2026-08-25T19:22:52.747-04:00,-186.767578,-29.534760
2026-08-25T19:22:52.747-04:00,-186.309814,-31.201420
2026-08-25T19:22:52.747-04:00,-185.852051,-31.041588
2026-08-25T19:22:52.747-04:00,-185.394287,-33.787891
2026-08-25T19:22:52.747-04:00,-184.936523,-42.851009
2026-08-25T19:22:52.747-04:00,-184.478760,-34.183174
2026-08-25T19:22:52.747-04:00,-184.020996,-30.959198
2026-08-25T19:22:52.747-04:00,-183.563232,-35.898731
2026-08-25T19:22:52.747-04:00,-183.105469,-22.562353
2026-08-25T19:22:52.747-04:00,-182.647705,-20.617237
2026-08-25T19:22:52.747-04:00,-182.189941,-23.074032
2026-08-25T19:22:52.747-04:00,-181.732178,-27.906120
2026-08-25T19:22:52.747-04:00,-181.274414,-39.964939
2026-08-25T19:22:52.747-04:00,-180.816650,-32.668560
2026-08-25T19:22:52.747-04:00,-180.358887,-27.641354
2026-08-25T19:22:52.747-04:00,-179.901123,-28.586824
2026-08-25T19:22:52.747-04:00,-179.443359,-30.550919
2026-08-25T19:22:52.747-04:00,-178.985596,-27.253864
2026-08-25T19:22:52.747-04:00,-178.527832,-27.742313
2026-08-25T19:22:52.747-04:00,-178.070068,-40.691601
2026-08-25T19:22:52.747-04:00,-177.612305,-27.431574
2026-08-25T19:22:52.747-04:00,-177.154541,-28.158789
2026-08-25T19:22:52.747-04:00,-176.696777,-45.077072
2026-08-25T19:22:52.747-04:00,-176.239014,-34.315037
2026-08-25T19:22:52.747-04:00,-175.781250,-42.233696
2026-08-25T19:22:52.747-04:00,-175.323486,-32.655628
2026-08-25T19:22:52.747-04:00,-174.865723,-41.265717
2026-08-25T19:22:52.747-04:00,-174.407959,-27.332773
2026-08-25T19:22:52.747-04:00,-173.950195,-23.433052
2026-08-25T19:22:52.747-04:00,-173.492432,-21.351833
2026-08-25T19:22:52.747-04:00,-173.034668,-20.941141
2026-08-25T19:22:52.747-04:00,-172.576904,-22.260483
2026-08-25T19:22:52.747-04:00,-172.119141,-26.412790
2026-08-25T19:22:52.747-04:00,-171.661377,-32.934319
2026-08-25T19:22:52.747-04:00,-171.203613,-37.543129
2026-08-25T19:22:52.747-04:00,-170.745850,-32.101925
2026-08-25T19:22:52.747-04:00,-170.288086,-28.276232
2026-08-25T19:22:52.747-04:00,-169.830322,-26.543657
2026-08-25T19:22:52.747-04:00,-169.372559,-25.562016
2026-08-25T19:22:52.747-04:00,-168.914795,-26.051226
2026-08-25T19:22:52.747-04:00,-168.457031,-27.526974
2026-08-25T19:22:52.747-04:00,-167.999268,-26.455803
2026-08-25T19:22:52.747-04:00,-167.541504,-26.786522
2026-08-25T19:22:52.747-04:00,-167.083740,-31.718113
2026-08-25T19:22:52.747-04:00,-166.625977,-32.918999
2026-08-25T19:22:52.747-04:00,-166.168213,-25.808916
2026-08-25T19:22:52.747-04:00,-165.710449,-22.101896
2026-08-25T19:22:52.747-04:00,-165.252686,-21.004160
2026-08-25T19:22:52.747-04:00,-164.794922,-22.435162
2026-08-25T19:22:52.747-04:00,-164.337158,-25.893600
2026-08-25T19:22:52.747-04:00,-163.879395,-27.672007
2026-08-25T19:22:52.747-04:00,-163.421631,-28.816689
2026-08-25T19:22:52.747-04:00,-162.963867,-33.452137
2026-08-25T19:22:52.747-04:00,-162.506104,-35.791744
2026-08-25T19:22:52.747-04:00,-162.048340,-37.762970
2026-08-25T19:22:52.747-04:00,-161.590576,-30.930880
2026-08-25T19:22:52.747-04:00,-161.132812,-26.836117
2026-08-25T19:22:52.747-04:00,-160.675049,-25.951883
2026-08-25T19:22:52.747-04:00,-160.217285,-28.926502
2026-08-25T19:22:52.747-04:00,-159.759521,-32.429642
2026-08-25T19:22:52.747-04:00,-159.301758,-31.364611
2026-08-25T19:22:52.747-04:00,-158.843994,-28.783073
2026-08-25T19:22:52.747-04:00,-158.386230,-27.102894
2026-08-25T19:22:52.747-04:00,-157.928467,-29.551285
2026-08-25T19:22:52.747-04:00,-157.470703,-35.477158
2026-08-25T19:22:52.747-04:00,-157.012939,-33.118954
2026-08-25T19:22:52.747-04:00,-156.555176,-25.354368
2026-08-25T19:22:52.747-04:00,-156.097412,-27.766478
2026-08-25T19:22:52.747-04:00,-155.639648,-37.827583
2026-08-25T19:22:52.747-04:00,-155.181885,-24.169931
2026-08-25T19:22:52.747-04:00,-154.724121,-22.419468
2026-08-25T19:22:52.747-04:00,-154.266357,-24.938688
2026-08-25T19:22:52.747-04:00,-153.808594,-25.985811
2026-08-25T19:22:52.747-04:00,-153.350830,-23.336489
2026-08-25T19:22:52.747-04:00,-152.893066,-22.511452
2026-08-25T19:22:52.747-04:00,-152.435303,-22.976845
2026-08-25T19:22:52.747-04:00,-151.977539,-25.456743
2026-08-25T19:22:52.747-04:00,-151.519775,-28.654211
2026-08-25T19:22:52.747-04:00,-151.062012,-28.308794
2026-08-25T19:22:52.747-04:00,-150.604248,-26.671865
2026-08-25T19:22:52.747-04:00,-150.146484,-27.116863
2026-08-25T19:22:52.747-04:00,-149.688721,-26.637793
2026-08-25T19:22:52.747-04:00,-149.230957,-24.943508
2026-08-25T19:22:52.747-04:00,-148.773193,-27.828781
2026-08-25T19:22:52.747-04:00,-148.315430,-33.097443
2026-08-25T19:22:52.747-04:00,-147.857666,-30.861366
2026-08-25T19:22:52.747-04:00,-147.399902,-31.483604
2026-08-25T19:22:52.747-04:00,-146.942139,-34.661358
2026-08-25T19:22:52.747-04:00,-146.484375,-29.543682
2026-08-25T19:22:52.747-04:00,-146.026611,-34.334846
2026-08-25T19:22:52.747-04:00,-145.568848,-23.767900
2026-08-25T19:22:52.747-04:00,-145.111084,-22.172949
2026-08-25T19:22:52.747-04:00,-144.653320,-21.612736
2026-08-25T19:22:52.747-04:00,-144.195557,-20.730610
2026-08-25T19:22:52.747-04:00,-143.737793,-21.097931
2026-08-25T19:22:52.747-04:00,-143.280029,-23.146255
2026-08-25T19:22:52.747-04:00,-142.822266,-24.869196
2026-08-25T19:22:52.747-04:00,-142.364502,-26.732370
2026-08-25T19:22:52.747-04:00,-141.906738,-28.661591
2026-08-25T19:22:52.747-04:00,-141.448975,-27.632847
2026-08-25T19:22:52.747-04:00,-140.991211,-24.478092
2026-08-25T19:22:52.747-04:00,-140.533447,-25.283684
2026-08-25T19:22:52.747-04:00,-140.075684,-29.063204
2026-08-25T19:22:52.747-04:00,-139.617920,-34.021736
2026-08-25T19:22:52.747-04:00,-139.160156,-39.119881
2026-08-25T19:22:52.747-04:00,-138.702393,-38.916466
2026-08-25T19:22:52.747-04:00,-138.244629,-29.699299
2026-08-25T19:22:52.747-04:00,-137.786865,-26.089626
2026-08-25T19:22:52.747-04:00,-137.329102,-24.918463
2026-08-25T19:22:52.747-04:00,-136.871338,-25.651283
2026-08-25T19:22:52.747-04:00,-136.413574,-28.686609
2026-08-25T19:22:52.747-04:00,-135.955811,-30.325167
2026-08-25T19:22:52.747-04:00,-135.498047,-28.774891
2026-08-25T19:22:52.747-04:00,-135.040283,-28.264856
2026-08-25T19:22:52.747-04:00,-134.582520,-27.659149
2026-08-25T19:22:52.747-04:00,-134.124756,-30.373241
2026-08-25T19:22:52.747-04:00,-133.666992,-33.448349
2026-08-25T19:22:52.747-04:00,-133.209229,-32.699886
2026-08-25T19:22:52.747-04:00,-132.751465,-30.783625
2026-08-25T19:22:52.747-04:00,-132.293701,-29.728928
2026-08-25T19:22:52.747-04:00,-131.835938,-30.020222
2026-08-25T19:22:52.747-04:00,-131.378174,-30.412550
2026-08-25T19:22:52.747-04:00,-130.920410,-26.636656
2026-08-25T19:22:52.747-04:00,-130.462646,-22.415524
2026-08-25T19:22:52.747-04:00,-130.004883,-20.639977
2026-08-25T19:22:52.747-04:00,-129.547119,-21.947603
2026-08-25T19:22:52.747-04:00,-129.089355,-27.190125
2026-08-25T19:22:52.747-04:00,-128.631592,-35.200321
2026-08-25T19:22:52.747-04:00,-128.173828,-32.131199
2026-08-25T19:22:52.747-04:00,-127.716064,-32.290321
2026-08-25T19:22:52.747-04:00,-127.258301,-36.693806
2026-08-25T19:22:52.747-04:00,-126.800537,-35.871212
2026-08-25T19:22:52.747-04:00,-126.342773,-36.483978
2026-08-25T19:22:52.747-04:00,-125.885010,-32.262836
2026-08-25T19:22:52.747-04:00,-125.427246,-28.776674
2026-08-25T19:22:52.747-04:00,-124.969482,-29.427773
2026-08-25T19:22:52.747-04:00,-124.511719,-29.482925
2026-08-25T19:22:52.747-04:00,-124.053955,-30.585440
2026-08-25T19:22:52.747-04:00,-123.596191,-26.092251
2026-08-25T19:22:52.747-04:00,-123.138428,-27.030605
2026-08-25T19:22:52.747-04:00,-122.680664,-33.371330
2026-08-25T19:22:52.747-04:00,-122.222900,-34.247585
2026-08-25T19:22:52.747-04:00,-121.765137,-30.131905
2026-08-25T19:22:52.747-04:00,-121.307373,-25.585503
2026-08-25T19:22:52.747-04:00,-120.849609,-23.107296
2026-08-25T19:22:52.747-04:00,-120.391846,-24.345524
2026-08-25T19:22:52.747-04:00,-119.934082,-26.224459
2026-08-25T19:22:52.747-04:00,-119.476318,-28.653448
2026-08-25T19:22:52.747-04:00,-119.018555,-39.531788
2026-08-25T19:22:52.747-04:00,-118.560791,-34.646336
2026-08-25T19:22:52.747-04:00,-118.103027,-35.422642
2026-08-25T19:22:52.747-04:00,-117.645264,-31.897129
2026-08-25T19:22:52.747-04:00,-117.187500,-36.831841
2026-08-25T19:22:52.747-04:00,-116.729736,-31.277103
2026-08-25T19:22:52.747-04:00,-116.271973,-25.680494
2026-08-25T19:22:52.747-04:00,-115.814209,-25.479244
2026-08-25T19:22:52.747-04:00,-115.356445,-30.052917
2026-08-25T19:22:52.747-04:00,-114.898682,-34.977821
2026-08-25T19:22:52.747-04:00,-114.440918,-33.007370
2026-08-25T19:22:52.747-04:00,-113.983154,-25.521067
2026-08-25T19:22:52.747-04:00,-113.525391,-23.311893
2026-08-25T19:22:52.747-04:00,-113.067627,-25.891809
2026-08-25T19:22:52.747-04:00,-112.609863,-29.299639
2026-08-25T19:22:52.747-04:00,-112.152100,-28.114035
2026-08-25T19:22:52.747-04:00,-111.694336,-26.294628
2026-08-25T19:22:52.747-04:00,-111.236572,-26.967775
2026-08-25T19:22:52.747-04:00,-110.778809,-29.582159
2026-08-25T19:22:52.747-04:00,-110.321045,-38.266460
2026-08-25T19:22:52.747-04:00,-109.863281,-27.660196
2026-08-25T19:22:52.747-04:00,-109.405518,-22.662851
2026-08-25T19:22:52.747-04:00,-108.947754,-22.107090
2026-08-25T19:22:52.747-04:00,-108.489990,-23.358309
2026-08-25T19:22:52.747-04:00,-108.032227,-25.465363
2026-08-25T19:22:52.747-04:00,-107.574463,-28.171585
2026-08-25T19:22:52.747-04:00,-107.116699,-32.515835
2026-08-25T19:22:52.747-04:00,-106.658936,-32.172581
2026-08-25T19:22:52.747-04:00,-106.201172,-28.113794
2026-08-25T19:22:52.747-04:00,-105.743408,-29.834293
2026-08-25T19:22:52.747-04:00,-105.285645,-38.452190
2026-08-25T19:22:52.747-04:00,-104.827881,-44.455551
2026-08-25T19:22:52.747-04:00,-104.370117,-30.690945
2026-08-25T19:22:52.747-04:00,-103.912354,-26.168491
2026-08-25T19:22:52.747-04:00,-103.454590,-26.987976
2026-08-25T19:22:52.747-04:00,-102.996826,-26.846729
2026-08-25T19:22:52.747-04:00,-102.539062,-24.328922
2026-08-25T19:22:52.747-04:00,-102.081299,-24.220440
2026-08-25T19:22:52.747-04:00,-101.623535,-28.115747
2026-08-25T19:22:52.747-04:00,-101.165771,-38.993065
2026-08-25T19:22:52.747-04:00,-100.708008,-38.680138
2026-08-25T19:22:52.747-04:00,-100.250244,-32.004406
2026-08-25T19:22:52.747-04:00,-99.792480,-27.318581
2026-08-25T19:22:52.747-04:00,-99.334717,-27.083605
2026-08-25T19:22:52.747-04:00,-98.876953,-28.809977
2026-08-25T19:22:52.747-04:00,-98.419189,-26.492096
2026-08-25T19:22:52.747-04:00,-97.961426,-25.289286
2026-08-25T19:22:52.747-04:00,-97.503662,-26.657240
2026-08-25T19:22:52.747-04:00,-97.045898,-27.358078
2026-08-25T19:22:52.747-04:00,-96.588135,-28.327972
2026-08-25T19:22:52.747-04:00,-96.130371,-29.562183
2026-08-25T19:22:52.747-04:00,-95.672607,-24.574984
2026-08-25T19:22:52.747-04:00,-95.214844,-21.444311
2026-08-25T19:22:52.747-04:00,-94.757080,-23.109617
2026-08-25T19:22:52.747-04:00,-94.299316,-28.427431
2026-08-25T19:22:52.747-04:00,-93.841553,-31.374147
2026-08-25T19:22:52.747-04:00,-93.383789,-26.270935
2026-08-25T19:22:52.747-04:00,-92.926025,-24.089535
2026-08-25T19:22:52.747-04:00,-92.468262,-27.562366
2026-08-25T19:22:52.747-04:00,-92.010498,-34.442947
2026-08-25T19:22:52.747-04:00,-91.552734,-30.196682
2026-08-25T19:22:52.747-04:00,-91.094971,-34.959785
2026-08-25T19:22:52.747-04:00,-90.637207,-38.895386
2026-08-25T19:22:52.747-04:00,-90.179443,-30.674988
2026-08-25T19:22:52.747-04:00,-89.721680,-27.671642
2026-08-25T19:22:52.747-04:00,-89.263916,-29.364092
2026-08-25T19:22:52.747-04:00,-88.806152,-32.379753
2026-08-25T19:22:52.747-04:00,-88.348389,-31.783134
2026-08-25T19:22:52.747-04:00,-87.890625,-26.882994
2026-08-25T19:22:52.747-04:00,-87.432861,-25.716022
2026-08-25T19:22:52.747-04:00,-86.975098,-35.104118
2026-08-25T19:22:52.747-04:00,-86.517334,-26.567114
2026-08-25T19:22:52.747-04:00,-86.059570,-22.553160
2026-08-25T19:22:52.747-04:00,-85.601807,-25.321461
2026-08-25T19:22:52.747-04:00,-85.144043,-36.175293
2026-08-25T19:22:52.747-04:00,-84.686279,-46.011127
2026-08-25T19:22:52.747-04:00,-84.228516,-37.920151
2026-08-25T19:22:52.747-04:00,-83.770752,-36.576923
2026-08-25T19:22:52.747-04:00,-83.312988,-39.348404
2026-08-25T19:22:52.747-04:00,-82.855225,-32.535919
2026-08-25T19:22:52.747-04:00,-82.397461,-26.918173
2026-08-25T19:22:52.747-04:00,-81.939697,-24.463375
2026-08-25T19:22:52.747-04:00,-81.481934,-23.850029
2026-08-25T19:22:52.747-04:00,-81.024170,-24.299774
2026-08-25T19:22:52.747-04:00,-80.566406,-25.935232
2026-08-25T19:22:52.747-04:00,-80.108643,-28.952587
2026-08-25T19:22:52.747-04:00,-79.650879,-30.189808
2026-08-25T19:22:52.747-04:00,-79.193115,-30.941656
2026-08-25T19:22:52.747-04:00,-78.735352,-36.853127
2026-08-25T19:22:52.747-04:00,-78.277588,-30.223293
2026-08-25T19:22:52.747-04:00,-77.819824,-23.494648
2026-08-25T19:22:52.747-04:00,-77.362061,-20.198845
2026-08-25T19:22:52.747-04:00,-76.904297,-21.725170
2026-08-25T19:22:52.747-04:00,-76.446533,-31.475891
2026-08-25T19:22:52.747-04:00,-75.988770,-26.243296
2026-08-25T19:22:52.747-04:00,-75.531006,-22.904398
2026-08-25T19:22:52.747-04:00,-75.073242,-25.240011
2026-08-25T19:22:52.747-04:00,-74.615479,-34.559261
2026-08-25T19:22:52.747-04:00,-74.157715,-31.328773
2026-08-25T19:22:52.747-04:00,-73.699951,-24.600723
2026-08-25T19:22:52.747-04:00,-73.242188,-23.687000
2026-08-25T19:22:52.747-04:00,-72.784424,-26.313313
2026-08-25T19:22:52.747-04:00,-72.326660,-30.385738
2026-08-25T19:22:52.747-04:00,-71.868896,-34.049953
2026-08-25T19:22:52.747-04:00,-71.411133,-38.113113
2026-08-25T19:22:52.747-04:00,-70.953369,-34.521820
2026-08-25T19:22:52.747-04:00,-70.495605,-26.581554
2026-08-25T19:22:52.747-04:00,-70.037842,-22.281815
2026-08-25T19:22:52.747-04:00,-69.580078,-21.684570
2026-08-25T19:22:52.747-04:00,-69.122314,-21.900738
2026-08-25T19:22:52.747-04:00,-68.664551,-20.264547
2026-08-25T19:22:52.747-04:00,-68.206787,-19.404415
2026-08-25T19:22:52.747-04:00,-67.749023,-20.198763
2026-08-25T19:22:52.747-04:00,-67.291260,-21.462879
2026-08-25T19:22:52.747-04:00,-66.833496,-22.946394
2026-08-25T19:22:52.747-04:00,-66.375732,-24.686556
2026-08-25T19:22:52.747-04:00,-65.917969,-26.421030
2026-08-25T19:22:52.747-04:00,-65.460205,-28.504736
2026-08-25T19:22:52.747-04:00,-65.002441,-37.742493
2026-08-25T19:22:52.747-04:00,-64.544678,-35.301029
2026-08-25T19:22:52.747-04:00,-64.086914,-33.205536
2026-08-25T19:22:52.747-04:00,-63.629150,-26.757465
2026-08-25T19:22:52.747-04:00,-63.171387,-25.810129
2026-08-25T19:22:52.747-04:00,-62.713623,-24.449083
2026-08-25T19:22:52.747-04:00,-62.255859,-23.523874
2026-08-25T19:22:52.747-04:00,-61.798096,-25.886757
2026-08-25T19:22:52.747-04:00,-61.340332,-28.876247
2026-08-25T19:22:52.747-04:00,-60.882568,-32.078003
2026-08-25T19:22:52.747-04:00,-60.424805,-27.767067
2026-08-25T19:22:52.747-04:00,-59.967041,-23.214972
2026-08-25T19:22:52.747-04:00,-59.509277,-21.850956
2026-08-25T19:22:52.747-04:00,-59.051514,-24.082138
2026-08-25T19:22:52.747-04:00,-58.593750,-25.272930
2026-08-25T19:22:52.747-04:00,-58.135986,-27.458828
2026-08-25T19:22:52.747-04:00,-57.678223,-32.381336
2026-08-25T19:22:52.747-04:00,-57.220459,-29.197359
2026-08-25T19:22:52.747-04:00,-56.762695,-29.832436
2026-08-25T19:22:52.747-04:00,-56.304932,-27.894142
2026-08-25T19:22:52.747-04:00,-55.847168,-23.987255
2026-08-25T19:22:52.747-04:00,-55.389404,-22.913733
2026-08-25T19:22:52.747-04:00,-54.931641,-24.908312
2026-08-25T19:22:52.747-04:00,-54.473877,-27.379072
2026-08-25T19:22:52.747-04:00,-54.016113,-28.514160
2026-08-25T19:22:52.747-04:00,-53.558350,-28.803892
2026-08-25T19:22:52.747-04:00,-53.100586,-25.141695
2026-08-25T19:22:52.747-04:00,-52.642822,-26.692795
2026-08-25T19:22:52.747-04:00,-52.185059,-31.970388
2026-08-25T19:22:52.747-04:00,-51.727295,-29.471457
2026-08-25T19:22:52.747-04:00,-51.269531,-29.251537
2026-08-25T19:22:52.747-04:00,-50.811768,-35.921185
2026-08-25T19:22:52.747-04:00,-50.354004,-38.057716
2026-08-25T19:22:52.747-04:00,-49.896240,-28.773756
2026-08-25T19:22:52.747-04:00,-49.438477,-27.944681
2026-08-25T19:22:52.747-04:00,-48.980713,-29.335087
2026-08-25T19:22:52.747-04:00,-48.522949,-24.428341
2026-08-25T19:22:52.747-04:00,-48.065186,-25.131580
2026-08-25T19:22:52.747-04:00,-47.607422,-31.821909
2026-08-25T19:22:52.747-04:00,-47.149658,-53.574310
2026-08-25T19:22:52.747-04:00,-46.691895,-26.541252
2026-08-25T19:22:52.747-04:00,-46.234131,-21.794920
2026-08-25T19:22:52.747-04:00,-45.776367,-23.820761
2026-08-25T19:22:52.747-04:00,-45.318604,-30.789978
2026-08-25T19:22:52.747-04:00,-44.860840,-31.818302
2026-08-25T19:22:52.747-04:00,-44.403076,-29.029526
2026-08-25T19:22:52.747-04:00,-43.945312,-27.053135
2026-08-25T19:22:52.747-04:00,-43.487549,-27.392282
2026-08-25T19:22:52.747-04:00,-43.029785,-32.051785
2026-08-25T19:22:52.747-04:00,-42.572021,-29.458361
2026-08-25T19:22:52.747-04:00,-42.114258,-28.930801
2026-08-25T19:22:52.747-04:00,-41.656494,-28.053999
2026-08-25T19:22:52.747-04:00,-41.198730,-26.477434
2026-08-25T19:22:52.747-04:00,-40.740967,-22.819025
2026-08-25T19:22:52.747-04:00,-40.283203,-20.372839
2026-08-25T19:22:52.747-04:00,-39.825439,-22.023554
2026-08-25T19:22:52.747-04:00,-39.367676,-24.774464
2026-08-25T19:22:52.747-04:00,-38.909912,-25.593700
2026-08-25T19:22:52.747-04:00,-38.452148,-26.181395
2026-08-25T19:22:52.747-04:00,-37.994385,-27.421024
2026-08-25T19:22:52.747-04:00,-37.536621,-26.324594
2026-08-25T19:22:52.747-04:00,-37.078857,-23.098499
2026-08-25T19:22:52.747-04:00,-36.621094,-20.719946
2026-08-25T19:22:52.747-04:00,-36.163330,-20.498619
2026-08-25T19:22:52.747-04:00,-35.705566,-22.104088
2026-08-25T19:22:52.747-04:00,-35.247803,-23.051073
2026-08-25T19:22:52.747-04:00,-34.790039,-22.754059
2026-08-25T19:22:52.747-04:00,-34.332275,-20.979187
2026-08-25T19:22:52.747-04:00,-33.874512,-19.401663
2026-08-25T19:22:52.747-04:00,-33.416748,-20.288391
2026-08-25T19:22:52.747-04:00,-32.958984,-25.385815
2026-08-25T19:22:52.747-04:00,-32.501221,-43.071892
2026-08-25T19:22:52.747-04:00,-32.043457,-31.746443
2026-08-25T19:22:52.747-04:00,-31.585693,-30.921368
2026-08-25T19:22:52.747-04:00,-31.127930,-33.366161
2026-08-25T19:22:52.747-04:00,-30.670166,-31.138647
2026-08-25T19:22:52.747-04:00,-30.212402,-28.346109
2026-08-25T19:22:52.747-04:00,-29.754639,-28.463348
2026-08-25T19:22:52.747-04:00,-29.296875,-27.221251
2026-08-25T19:22:52.747-04:00,-28.839111,-24.570635
2026-08-25T19:22:52.747-04:00,-28.381348,-25.737690
2026-08-25T19:22:52.747-04:00,-27.923584,-29.099110
2026-08-25T19:22:52.747-04:00,-27.465820,-27.946293
2026-08-25T19:22:52.747-04:00,-27.008057,-24.967873
2026-08-25T19:22:52.747-04:00,-26.550293,-25.417210
2026-08-25T19:22:52.747-04:00,-26.092529,-32.667755
2026-08-25T19:22:52.747-04:00,-25.634766,-29.621267
2026-08-25T19:22:52.747-04:00,-25.177002,-27.469198
2026-08-25T19:22:52.747-04:00,-24.719238,-30.403502
2026-08-25T19:22:52.747-04:00,-24.261475,-26.678907
2026-08-25T19:22:52.747-04:00,-23.803711,-28.853264
2026-08-25T19:22:52.747-04:00,-23.345947,-29.613199
2026-08-25T19:22:52.747-04:00,-22.888184,-26.924500
2026-08-25T19:22:52.747-04:00,-22.430420,-27.108067
2026-08-25T19:22:52.747-04:00,-21.972656,-32.365406
2026-08-25T19:22:52.747-04:00,-21.514893,-25.029861
2026-08-25T19:22:52.747-04:00,-21.057129,-23.145584
2026-08-25T19:22:52.747-04:00,-20.599365,-29.451988
2026-08-25T19:22:52.747-04:00,-20.141602,-32.060837
2026-08-25T19:22:52.747-04:00,-19.683838,-26.322653
2026-08-25T19:22:52.747-04:00,-19.226074,-27.300526
2026-08-25T19:22:52.747-04:00,-18.768311,-25.764969
2026-08-25T19:22:52.747-04:00,-18.310547,-26.810465
2026-08-25T19:22:52.747-04:00,-17.852783,-28.891535
2026-08-25T19:22:52.747-04:00,-17.395020,-26.247561
2026-08-25T19:22:52.747-04:00,-16.937256,-28.062916
2026-08-25T19:22:52.747-04:00,-16.479492,-35.423798
2026-08-25T19:22:52.747-04:00,-16.021729,-40.725479
2026-08-25T19:22:52.747-04:00,-15.563965,-39.632374
2026-08-25T19:22:52.747-04:00,-15.106201,-29.004402
2026-08-25T19:22:52.747-04:00,-14.648438,-25.424385
2026-08-25T19:22:52.747-04:00,-14.190674,-24.636633
2026-08-25T19:22:52.747-04:00,-13.732910,-24.600847
2026-08-25T19:22:52.747-04:00,-13.275146,-25.543381
2026-08-25T19:22:52.747-04:00,-12.817383,-26.040657
2026-08-25T19:22:52.747-04:00,-12.359619,-29.104061
2026-08-25T19:22:52.747-04:00,-11.901855,-31.562767
2026-08-25T19:22:52.747-04:00,-11.444092,-26.744596
2026-08-25T19:22:52.747-04:00,-10.986328,-26.704174
2026-08-25T19:22:52.747-04:00,-10.528564,-28.204510
2026-08-25T19:22:52.747-04:00,-10.070801,-26.442535
2026-08-25T19:22:52.747-04:00,-9.613037,-24.160671
2026-08-25T19:22:52.747-04:00,-9.155273,-24.105635
2026-08-25T19:22:52.747-04:00,-8.697510,-28.425945
2026-08-25T19:22:52.747-04:00,-8.239746,-34.652142
2026-08-25T19:22:52.747-04:00,-7.781982,-22.099125
2026-08-25T19:22:52.747-04:00,-7.324219,-19.771572
2026-08-25T19:22:52.747-04:00,-6.866455,-21.006283
2026-08-25T19:22:52.747-04:00,-6.408691,-23.902847
2026-08-25T19:22:52.747-04:00,-5.950928,-22.577728
2026-08-25T19:22:52.747-04:00,-5.493164,-21.331795
2026-08-25T19:22:52.747-04:00,-5.035400,-24.058254
2026-08-25T19:22:52.747-04:00,-4.577637,-29.868299
2026-08-25T19:22:52.747-04:00,-4.119873,-33.657566
2026-08-25T19:22:52.747-04:00,-3.662109,-28.925358
2026-08-25T19:22:52.747-04:00,-3.204346,-29.879246
2026-08-25T19:22:52.747-04:00,-2.746582,-29.716682
2026-08-25T19:22:52.747-04:00,-2.288818,-30.346970
2026-08-25T19:22:52.747-04:00,-1.831055,-34.779812
2026-08-25T19:22:52.747-04:00,-1.373291,-33.395355
2026-08-25T19:22:52.747-04:00,-0.915527,-34.707626
2026-08-25T19:22:52.747-04:00,-0.457764,-32.770683
2026-08-25T19:22:52.747-04:00,0.000000,-27.641064
2026-08-25T19:22:52.747-04:00,0.457764,-29.657787
2026-08-25T19:22:52.747-04:00,0.915527,-39.715515
2026-08-25T19:22:52.747-04:00,1.373291,-30.714329
2026-08-25T19:22:52.747-04:00,1.831055,-34.267887
2026-08-25T19:22:52.747-04:00,2.288818,-26.012314
2026-08-25T19:22:52.747-04:00,2.746582,-23.792568
2026-08-25T19:22:52.747-04:00,3.204346,-26.907566
2026-08-25T19:22:52.747-04:00,3.662109,-31.721708
2026-08-25T19:22:52.747-04:00,4.119873,-32.276703
2026-08-25T19:22:52.747-04:00,4.577637,-40.519375
2026-08-25T19:22:52.747-04:00,5.035400,-30.785648
2026-08-25T19:22:52.747-04:00,5.493164,-41.051910
2026-08-25T19:22:52.747-04:00,5.950928,-41.889725
2026-08-25T19:22:52.747-04:00,6.408691,-35.199181
2026-08-25T19:22:52.747-04:00,6.866455,-31.227631
2026-08-25T19:22:52.747-04:00,7.324219,-36.945793
2026-08-25T19:22:52.747-04:00,7.781982,-25.197495
2026-08-25T19:22:52.747-04:00,8.239746,-21.704067
2026-08-25T19:22:52.747-04:00,8.697510,-21.704416
2026-08-25T19:22:52.747-04:00,9.155273,-23.965397
2026-08-25T19:22:52.747-04:00,9.613037,-26.780169
2026-08-25T19:22:52.747-04:00,10.070801,-31.310789
2026-08-25T19:22:52.747-04:00,10.528564,-36.342880
2026-08-25T19:22:52.747-04:00,10.986328,-31.338961
2026-08-25T19:22:52.747-04:00,11.444092,-32.026546
2026-08-25T19:22:52.747-04:00,11.901855,-30.052431
2026-08-25T19:22:52.747-04:00,12.359619,-26.713352
2026-08-25T19:22:52.747-04:00,12.817383,-26.722500
2026-08-25T19:22:52.747-04:00,13.275146,-31.359554
2026-08-25T19:22:52.747-04:00,13.732910,-33.547733
2026-08-25T19:22:52.747-04:00,14.190674,-28.075565
2026-08-25T19:22:52.747-04:00,14.648438,-24.766855
2026-08-25T19:22:52.747-04:00,15.106201,-25.477636
2026-08-25T19:22:52.747-04:00,15.563965,-25.562086
2026-08-25T19:22:52.747-04:00,16.021729,-28.000879
2026-08-25T19:22:52.747-04:00,16.479492,-38.963470
2026-08-25T19:22:52.747-04:00,16.937256,-30.991486
2026-08-25T19:22:52.747-04:00,17.395020,-30.930109
2026-08-25T19:22:52.747-04:00,17.852783,-31.506569
2026-08-25T19:22:52.747-04:00,18.310547,-28.542492
2026-08-25T19:22:52.747-04:00,18.768311,-24.452532
2026-08-25T19:22:52.747-04:00,19.226074,-22.886293
2026-08-25T19:22:52.747-04:00,19.683838,-25.132492
2026-08-25T19:22:52.747-04:00,20.141602,-30.269001
2026-08-25T19:22:52.747-04:00,20.599365,-29.760225
2026-08-25T19:22:52.747-04:00,21.057129,-26.510323
2026-08-25T19:22:52.747-04:00,21.514893,-27.204111
2026-08-25T19:22:52.747-04:00,21.972656,-31.285688
2026-08-25T19:22:52.747-04:00,22.430420,-27.823980
2026-08-25T19:22:52.747-04:00,22.888184,-25.922831
2026-08-25T19:22:52.747-04:00,23.345947,-40.750885
2026-08-25T19:22:52.747-04:00,23.803711,-30.001669
2026-08-25T19:22:52.747-04:00,24.261475,-31.788288
2026-08-25T19:22:52.747-04:00,24.719238,-30.175486
2026-08-25T19:22:52.747-04:00,25.177002,-31.609957
2026-08-25T19:22:52.747-04:00,25.634766,-26.491508
2026-08-25T19:22:52.747-04:00,26.092529,-25.079010
2026-08-25T19:22:52.747-04:00,26.550293,-27.668726
2026-08-25T19:22:52.747-04:00,27.008057,-27.767536
2026-08-25T19:22:52.747-04:00,27.465820,-28.662136
2026-08-25T19:22:52.747-04:00,27.923584,-30.144608
2026-08-25T19:22:52.747-04:00,28.381348,-29.974644
2026-08-25T19:22:52.747-04:00,28.839111,-35.872990
2026-08-25T19:22:52.747-04:00,29.296875,-27.567255
2026-08-25T19:22:52.747-04:00,29.754639,-23.554440
2026-08-25T19:22:52.747-04:00,30.212402,-23.450537
2026-08-25T19:22:52.747-04:00,30.670166,-25.536942
2026-08-25T19:22:52.747-04:00,31.127930,-27.157295
2026-08-25T19:22:52.747-04:00,31.585693,-23.467823
2026-08-25T19:22:52.747-04:00,32.043457,-21.742828
2026-08-25T19:22:52.747-04:00,32.501221,-23.689827
2026-08-25T19:22:52.747-04:00,32.958984,-29.077566
2026-08-25T19:22:52.747-04:00,33.416748,-34.386467
2026-08-25T19:22:52.747-04:00,33.874512,-33.436161
2026-08-25T19:22:52.747-04:00,34.332275,-30.168747
2026-08-25T19:22:52.747-04:00,34.790039,-28.309399
2026-08-25T19:22:52.747-04:00,35.247803,-29.459898
2026-08-25T19:22:52.747-04:00,35.705566,-27.645853
2026-08-25T19:22:52.747-04:00,36.163330,-27.541258
2026-08-25T19:22:52.747-04:00,36.621094,-22.271040
2026-08-25T19:22:52.747-04:00,37.078857,-20.973907
2026-08-25T19:22:52.747-04:00,37.536621,-22.970322
2026-08-25T19:22:52.747-04:00,37.994385,-25.117611
2026-08-25T19:22:52.747-04:00,38.452148,-23.094700
2026-08-25T19:22:52.747-04:00,38.909912,-20.158861
2026-08-25T19:22:52.747-04:00,39.367676,-21.430494
2026-08-25T19:22:52.747-04:00,39.825439,-26.930332
2026-08-25T19:22:52.747-04:00,40.283203,-32.829025
2026-08-25T19:22:52.747-04:00,40.740967,-37.113029
2026-08-25T19:22:52.747-04:00,41.198730,-34.407700
2026-08-25T19:22:52.747-04:00,41.656494,-34.004070
2026-08-25T19:22:52.747-04:00,42.114258,-40.588074
2026-08-25T19:22:52.747-04:00,42.572021,-27.813128
2026-08-25T19:22:52.747-04:00,43.029785,-27.330635
2026-08-25T19:22:52.747-04:00,43.487549,-36.338646
2026-08-25T19:22:52.747-04:00,43.945312,-27.301826
2026-08-25T19:22:52.747-04:00,44.403076,-31.253946
2026-08-25T19:22:52.747-04:00,44.860840,-38.431122
2026-08-25T19:22:52.747-04:00,45.318604,-29.237604
2026-08-25T19:22:52.747-04:00,45.776367,-30.936394
2026-08-25T19:22:52.747-04:00,46.234131,-30.441397
2026-08-25T19:22:52.747-04:00,46.691895,-26.663868
2026-08-25T19:22:52.747-04:00,47.149658,-27.947296
2026-08-25T19:22:52.747-04:00,47.607422,-34.897396
2026-08-25T19:22:52.747-04:00,48.065186,-39.578072
2026-08-25T19:22:52.747-04:00,48.522949,-39.499504
2026-08-25T19:22:52.747-04:00,48.980713,-29.225874
2026-08-25T19:22:52.747-04:00,49.438477,-29.190899
2026-08-25T19:22:52.747-04:00,49.896240,-30.917370
2026-08-25T19:22:52.747-04:00,50.354004,-31.596897
2026-08-25T19:22:52.747-04:00,50.811768,-25.830284
2026-08-25T19:22:52.747-04:00,51.269531,-22.562290
2026-08-25T19:22:52.747-04:00,51.727295,-23.145527
2026-08-25T19:22:52.747-04:00,52.185059,-25.677074
2026-08-25T19:22:52.747-04:00,52.642822,-26.803448
2026-08-25T19:22:52.747-04:00,53.100586,-25.800930
2026-08-25T19:22:52.747-04:00,53.558350,-26.100090
2026-08-25T19:22:52.747-04:00,54.016113,-28.825207
2026-08-25T19:22:52.747-04:00,54.473877,-31.969284
2026-08-25T19:22:52.747-04:00,54.931641,-30.950397
2026-08-25T19:22:52.747-04:00,55.389404,-29.046127
2026-08-25T19:22:52.747-04:00,55.847168,-32.718243
2026-08-25T19:22:52.747-04:00,56.304932,-47.729153
2026-08-25T19:22:52.747-04:00,56.762695,-27.453482
2026-08-25T19:22:52.747-04:00,57.220459,-23.357159
2026-08-25T19:22:52.747-04:00,57.678223,-26.793125
2026-08-25T19:22:52.747-04:00,58.135986,-33.974110
2026-08-25T19:22:52.747-04:00,58.593750,-30.968670
2026-08-25T19:22:52.747-04:00,59.051514,-30.447454
2026-08-25T19:22:52.747-04:00,59.509277,-26.454180
2026-08-25T19:22:52.747-04:00,59.967041,-27.706022
2026-08-25T19:22:52.747-04:00,60.424805,-39.564735
2026-08-25T19:22:52.747-04:00,60.882568,-38.302399
2026-08-25T19:22:52.747-04:00,61.340332,-42.671467
2026-08-25T19:22:52.747-04:00,61.798096,-35.865513
2026-08-25T19:22:52.747-04:00,62.255859,-31.149321
2026-08-25T19:22:52.747-04:00,62.713623,-28.560057
2026-08-25T19:22:52.747-04:00,63.171387,-28.468643
2026-08-25T19:22:52.747-04:00,63.629150,-30.910496
2026-08-25T19:22:52.747-04:00,64.086914,-50.652954
2026-08-25T19:22:52.747-04:00,64.544678,-35.021614
2026-08-25T19:22:52.747-04:00,65.002441,-40.079697
2026-08-25T19:22:52.747-04:00,65.460205,-37.740383
2026-08-25T19:22:52.747-04:00,65.917969,-41.065933
2026-08-25T19:22:52.747-04:00,66.375732,-33.023506
2026-08-25T19:22:52.747-04:00,66.833496,-29.324312
2026-08-25T19:22:52.747-04:00,67.291260,-28.373981
2026-08-25T19:22:52.747-04:00,67.749023,-24.731638
2026-08-25T19:22:52.747-04:00,68.206787,-23.677990
2026-08-25T19:22:52.747-04:00,68.664551,-23.342237
2026-08-25T19:22:52.747-04:00,69.122314,-23.179829
2026-08-25T19:22:52.747-04:00,69.580078,-23.461916
2026-08-25T19:22:52.747-04:00,70.037842,-24.108711
2026-08-25T19:22:52.747-04:00,70.495605,-24.168453
2026-08-25T19:22:52.747-04:00,70.953369,-28.317575
2026-08-25T19:22:52.747-04:00,71.411133,-34.798988
2026-08-25T19:22:52.747-04:00,71.868896,-31.843792
2026-08-25T19:22:52.747-04:00,72.326660,-32.000130
2026-08-25T19:22:52.747-04:00,72.784424,-30.745972
2026-08-25T19:22:52.747-04:00,73.242188,-31.098003
2026-08-25T19:22:52.747-04:00,73.699951,-33.054207
2026-08-25T19:22:52.747-04:00,74.157715,-37.110714
2026-08-25T19:22:52.747-04:00,74.615479,-31.775536
2026-08-25T19:22:52.747-04:00,75.073242,-28.152252
2026-08-25T19:22:52.747-04:00,75.531006,-27.670603
2026-08-25T19:22:52.747-04:00,75.988770,-27.773933
2026-08-25T19:22:52.747-04:00,76.446533,-28.044765
2026-08-25T19:22:52.747-04:00,76.904297,-27.311863
2026-08-25T19:22:52.747-04:00,77.362061,-27.992310
2026-08-25T19:22:52.747-04:00,77.819824,-33.320625
2026-08-25T19:22:52.747-04:00,78.277588,-46.900360
2026-08-25T19:22:52.747-04:00,78.735352,-29.151981
2026-08-25T19:22:52.747-04:00,79.193115,-26.060368
2026-08-25T19:22:52.747-04:00,79.650879,-27.604488
2026-08-25T19:22:52.747-04:00,80.108643,-29.014235
2026-08-25T19:22:52.747-04:00,80.566406,-25.852434
2026-08-25T19:22:52.747-04:00,81.024170,-24.954243
2026-08-25T19:22:52.747-04:00,81.481934,-26.512888
2026-08-25T19:22:52.747-04:00,81.939697,-26.576103
2026-08-25T19:22:52.747-04:00,82.397461,-24.824684
2026-08-25T19:22:52.747-04:00,82.855225,-24.950216
2026-08-25T19:22:52.747-04:00,83.312988,-27.957062
2026-08-25T19:22:52.747-04:00,83.770752,-33.342125
2026-08-25T19:22:52.747-04:00,84.228516,-46.783257
2026-08-25T19:22:52.747-04:00,84.686279,-39.713837
2026-08-25T19:22:52.747-04:00,85.144043,-31.835636
2026-08-25T19:22:52.747-04:00,85.601807,-28.503523
2026-08-25T19:22:52.747-04:00,86.059570,-28.056231
2026-08-25T19:22:52.747-04:00,86.517334,-30.165707
2026-08-25T19:22:52.747-04:00,86.975098,-33.143566
2026-08-25T19:22:52.747-04:00,87.432861,-29.445803
2026-08-25T19:22:52.747-04:00,87.890625,-23.364851
2026-08-25T19:22:52.747-04:00,88.348389,-24.004591
2026-08-25T19:22:52.747-04:00,88.806152,-26.760204
2026-08-25T19:22:52.747-04:00,89.263916,-26.901600
2026-08-25T19:22:52.747-04:00,89.721680,-23.457830
2026-08-25T19:22:52.747-04:00,90.179443,-22.661633
2026-08-25T19:22:52.747-04:00,90.637207,-26.130573
2026-08-25T19:22:52.747-04:00,91.094971,-35.645100
2026-08-25T19:22:52.747-04:00,91.552734,-41.672039
2026-08-25T19:22:52.747-04:00,92.010498,-42.367462
2026-08-25T19:22:52.747-04:00,92.468262,-33.931328
2026-08-25T19:22:52.747-04:00,92.926025,-30.248001
2026-08-25T19:22:52.747-04:00,93.383789,-41.742817
2026-08-25T19:22:52.747-04:00,93.841553,-28.599825
2026-08-25T19:22:52.747-04:00,94.299316,-25.333426
2026-08-25T19:22:52.747-04:00,94.757080,-25.383057
2026-08-25T19:22:52.747-04:00,95.214844,-24.094515
2026-08-25T19:22:52.747-04:00,95.672607,-23.093164
2026-08-25T19:22:52.747-04:00,96.130371,-24.568138
2026-08-25T19:22:52.747-04:00,96.588135,-24.732296
2026-08-25T19:22:52.747-04:00,97.045898,-23.498501
2026-08-25T19:22:52.747-04:00,97.503662,-24.009306
2026-08-25T19:22:52.747-04:00,97.961426,-25.808165
2026-08-25T19:22:52.747-04:00,98.419189,-29.033417
2026-08-25T19:22:52.747-04:00,98.876953,-26.452583
2026-08-25T19:22:52.747-04:00,99.334717,-22.467649
2026-08-25T19:22:52.747-04:00,99.792480,-23.106728
2026-08-25T19:22:52.747-04:00,100.250244,-32.523731
2026-08-25T19:22:52.747-04:00,100.708008,-28.595634
2026-08-25T19:22:52.747-04:00,101.165771,-29.747259
2026-08-25T19:22:52.747-04:00,101.623535,-44.784157
2026-08-25T19:22:52.747-04:00,102.081299,-33.796421
2026-08-25T19:22:52.747-04:00,102.539062,-35.384209
2026-08-25T19:22:52.747-04:00,102.996826,-29.826748
2026-08-25T19:22:52.747-04:00,103.454590,-27.685240
2026-08-25T19:22:52.747-04:00,103.912354,-31.367788
2026-08-25T19:22:52.747-04:00,104.370117,-36.135509
2026-08-25T19:22:52.747-04:00,104.827881,-32.259998
2026-08-25T19:22:52.747-04:00,105.285645,-36.531845
2026-08-25T19:22:52.747-04:00,105.743408,-45.111809
2026-08-25T19:22:52.747-04:00,106.201172,-35.951675
2026-08-25T19:22:52.747-04:00,106.658936,-31.299314
2026-08-25T19:22:52.747-04:00,107.116699,-25.296959
2026-08-25T19:22:52.747-04:00,107.574463,-23.130116
2026-08-25T19:22:52.747-04:00,108.032227,-24.231453
2026-08-25T19:22:52.747-04:00,108.489990,-27.871511
2026-08-25T19:22:52.747-04:00,108.947754,-29.267397
2026-08-25T19:22:52.747-04:00,109.405518,-29.689589
2026-08-25T19:22:52.747-04:00,109.863281,-29.236917
2026-08-25T19:22:52.747-04:00,110.321045,-24.973595
2026-08-25T19:22:52.747-04:00,110.778809,-26.394346
2026-08-25T19:22:52.747-04:00,111.236572,-33.249134
2026-08-25T19:22:52.747-04:00,111.694336,-42.553429
2026-08-25T19:22:52.747-04:00,112.152100,-30.979458
2026-08-25T19:22:52.747-04:00,112.609863,-26.557951
2026-08-25T19:22:52.747-04:00,113.067627,-27.034416
2026-08-25T19:22:52.747-04:00,113.525391,-25.808069
2026-08-25T19:22:52.747-04:00,113.983154,-22.655731
2026-08-25T19:22:52.747-04:00,114.440918,-19.724741
2026-08-25T19:22:52.747-04:00,114.898682,-19.406090
2026-08-25T19:22:52.747-04:00,115.356445,-20.405827
2026-08-25T19:22:52.747-04:00,115.814209,-23.637094
2026-08-25T19:22:52.747-04:00,116.271973,-31.849445
2026-08-25T19:22:52.747-04:00,116.729736,-27.272942
2026-08-25T19:22:52.747-04:00,117.187500,-25.020176
2026-08-25T19:22:52.747-04:00,117.645264,-25.863573
2026-08-25T19:22:52.747-04:00,118.103027,-28.875305
2026-08-25T19:22:52.747-04:00,118.560791,-29.282425
2026-08-25T19:22:52.747-04:00,119.018555,-23.962318
2026-08-25T19:22:52.747-04:00,119.476318,-21.121187
2026-08-25T19:22:52.747-04:00,119.934082,-21.996559
2026-08-25T19:22:52.747-04:00,120.391846,-25.443937
2026-08-25T19:22:52.747-04:00,120.849609,-28.735363
2026-08-25T19:22:52.747-04:00,121.307373,-32.374954
2026-08-25T19:22:52.747-04:00,121.765137,-32.550091
2026-08-25T19:22:52.747-04:00,122.222900,-33.990841
2026-08-25T19:22:52.747-04:00,122.680664,-42.248550
2026-08-25T19:22:52.747-04:00,123.138428,-33.622864
2026-08-25T19:22:52.747-04:00,123.596191,-31.959658
2026-08-25T19:22:52.747-04:00,124.053955,-29.114504
2026-08-25T19:22:52.747-04:00,124.511719,-26.213650
2026-08-25T19:22:52.747-04:00,124.969482,-26.475090
2026-08-25T19:22:52.747-04:00,125.427246,-24.443510
2026-08-25T19:22:52.747-04:00,125.885010,-21.472843
2026-08-25T19:22:52.747-04:00,126.342773,-23.497021
2026-08-25T19:22:52.747-04:00,126.800537,-30.511675
2026-08-25T19:22:52.747-04:00,127.258301,-33.449654
2026-08-25T19:22:52.747-04:00,127.716064,-28.186071
2026-08-25T19:22:52.747-04:00,128.173828,-26.855547
2026-08-25T19:22:52.747-04:00,128.631592,-29.047192
2026-08-25T19:22:52.747-04:00,129.089355,-30.186338
2026-08-25T19:22:52.747-04:00,129.547119,-30.619518
2026-08-25T19:22:52.747-04:00,130.004883,-32.471004
2026-08-25T19:22:52.747-04:00,130.462646,-36.380329
2026-08-25T19:22:52.747-04:00,130.920410,-31.187466
2026-08-25T19:22:52.747-04:00,131.378174,-27.734196
2026-08-25T19:22:52.747-04:00,131.835938,-29.753986
2026-08-25T19:22:52.747-04:00,132.293701,-33.576561
2026-08-25T19:22:52.747-04:00,132.751465,-43.379868
2026-08-25T19:22:52.747-04:00,133.209229,-36.509418
2026-08-25T19:22:52.747-04:00,133.666992,-28.558197
2026-08-25T19:22:52.747-04:00,134.124756,-25.027533
2026-08-25T19:22:52.747-04:00,134.582520,-23.272112
2026-08-25T19:22:52.747-04:00,135.040283,-22.897957
2026-08-25T19:22:52.747-04:00,135.498047,-22.672920
2026-08-25T19:22:52.747-04:00,135.955811,-23.171751
2026-08-25T19:22:52.747-04:00,136.413574,-26.805609
2026-08-25T19:22:52.747-04:00,136.871338,-34.062943
2026-08-25T19:22:52.747-04:00,137.329102,-36.418461
2026-08-25T19:22:52.747-04:00,137.786865,-27.699821
2026-08-25T19:22:52.747-04:00,138.244629,-23.750906
2026-08-25T19:22:52.747-04:00,138.702393,-23.149969
2026-08-25T19:22:52.747-04:00,139.160156,-23.203146
2026-08-25T19:22:52.747-04:00,139.617920,-24.442978
2026-08-25T19:22:52.747-04:00,140.075684,-28.554785
2026-08-25T19:22:52.747-04:00,140.533447,-28.381021
2026-08-25T19:22:52.747-04:00,140.991211,-22.779705
2026-08-25T19:22:52.747-04:00,141.448975,-20.539999
2026-08-25T19:22:52.747-04:00,141.906738,-21.706448
2026-08-25T19:22:52.747-04:00,142.364502,-25.828608
2026-08-25T19:22:52.747-04:00,142.822266,-29.196274
2026-08-25T19:22:52.747-04:00,143.280029,-29.045528
2026-08-25T19:22:52.747-04:00,143.737793,-27.299261
2026-08-25T19:22:52.747-04:00,144.195557,-23.926172
2026-08-25T19:22:52.747-04:00,144.653320,-23.450201
2026-08-25T19:22:52.747-04:00,145.111084,-25.693609
2026-08-25T19:22:52.747-04:00,145.568848,-29.091738
2026-08-25T19:22:52.747-04:00,146.026611,-32.113495
2026-08-25T19:22:52.747-04:00,146.484375,-28.874828
2026-08-25T19:22:52.747-04:00,146.942139,-30.100260
2026-08-25T19:22:52.747-04:00,147.399902,-32.693863
2026-08-25T19:22:52.747-04:00,147.857666,-29.437023
2026-08-25T19:22:52.747-04:00,148.315430,-26.747740
2026-08-25T19:22:52.747-04:00,148.773193,-26.115513
2026-08-25T19:22:52.747-04:00,149.230957,-24.265491
2026-08-25T19:22:52.747-04:00,149.688721,-22.895205
2026-08-25T19:22:52.747-04:00,150.146484,-22.835331
2026-08-25T19:22:52.747-04:00,150.604248,-22.860008
2026-08-25T19:22:52.747-04:00,151.062012,-24.156830
2026-08-25T19:22:52.747-04:00,151.519775,-28.554253
2026-08-25T19:22:52.747-04:00,151.977539,-33.876339
2026-08-25T19:22:52.747-04:00,152.435303,-29.386681
2026-08-25T19:22:52.747-04:00,152.893066,-31.263197
2026-08-25T19:22:52.747-04:00,153.350830,-42.507671
2026-08-25T19:22:52.747-04:00,153.808594,-29.638344
2026-08-25T19:22:52.747-04:00,154.266357,-30.547960
2026-08-25T19:22:52.747-04:00,154.724121,-32.207592
2026-08-25T19:22:52.747-04:00,155.181885,-33.976639
2026-08-25T19:22:52.747-04:00,155.639648,-32.562794
2026-08-25T19:22:52.747-04:00,156.097412,-25.488678
2026-08-25T19:22:52.747-04:00,156.555176,-26.395981
2026-08-25T19:22:52.747-04:00,157.012939,-30.168741
2026-08-25T19:22:52.747-04:00,157.470703,-34.329456
2026-08-25T19:22:52.747-04:00,157.928467,-38.558750
2026-08-25T19:22:52.747-04:00,158.386230,-34.439186
2026-08-25T19:22:52.747-04:00,158.843994,-29.752892
2026-08-25T19:22:52.747-04:00,159.301758,-31.430557
2026-08-25T19:22:52.747-04:00,159.759521,-37.628838
2026-08-25T19:22:52.747-04:00,160.217285,-34.660149
2026-08-25T19:22:52.747-04:00,160.675049,-30.528585
2026-08-25T19:22:52.747-04:00,161.132812,-28.444235
2026-08-25T19:22:52.747-04:00,161.590576,-28.953894
2026-08-25T19:22:52.747-04:00,162.048340,-28.645163
2026-08-25T19:22:52.747-04:00,162.506104,-25.874825
2026-08-25T19:22:52.747-04:00,162.963867,-25.587448
2026-08-25T19:22:52.747-04:00,163.421631,-29.996826
2026-08-25T19:22:52.747-04:00,163.879395,-38.798176
2026-08-25T19:22:52.747-04:00,164.337158,-33.507568
2026-08-25T19:22:52.747-04:00,164.794922,-27.728785
2026-08-25T19:22:52.747-04:00,165.252686,-25.424397
2026-08-25T19:22:52.747-04:00,165.710449,-24.967098
2026-08-25T19:22:52.747-04:00,166.168213,-25.704706
2026-08-25T19:22:52.747-04:00,166.625977,-25.482214
2026-08-25T19:22:52.747-04:00,167.083740,-22.768559
2026-08-25T19:22:52.747-04:00,167.541504,-21.256516
2026-08-25T19:22:52.747-04:00,167.999268,-20.749477
2026-08-25T19:22:52.747-04:00,168.457031,-21.666145
2026-08-25T19:22:52.747-04:00,168.914795,-24.434118
2026-08-25T19:22:52.747-04:00,169.372559,-24.909117
2026-08-25T19:22:52.747-04:00,169.830322,-24.186916
2026-08-25T19:22:52.747-04:00,170.288086,-24.146833
2026-08-25T19:22:52.747-04:00,170.745850,-21.689520
2026-08-25T19:22:52.747-04:00,171.203613,-19.090961
2026-08-25T19:22:52.747-04:00,171.661377,-19.290131
2026-08-25T19:22:52.747-04:00,172.119141,-20.105440
2026-08-25T19:22:52.747-04:00,172.576904,-19.960150
2026-08-25T19:22:52.747-04:00,173.034668,-20.474710
2026-08-25T19:22:52.747-04:00,173.492432,-20.754173
2026-08-25T19:22:52.747-04:00,173.950195,-20.351566
2026-08-25T19:22:52.747-04:00,174.407959,-21.841682
2026-08-25T19:22:52.747-04:00,174.865723,-28.275087
2026-08-25T19:22:52.747-04:00,175.323486,-43.217472
2026-08-25T19:22:52.747-04:00,175.781250,-30.212307
2026-08-25T19:22:52.747-04:00,176.239014,-32.167770
2026-08-25T19:22:52.747-04:00,176.696777,-39.371243
2026-08-25T19:22:52.747-04:00,177.154541,-35.122528
2026-08-25T19:22:52.747-04:00,177.612305,-33.451294
2026-08-25T19:22:52.747-04:00,178.070068,-41.623844
2026-08-25T19:22:52.747-04:00,178.527832,-31.026768
2026-08-25T19:22:52.747-04:00,178.985596,-25.168840
2026-08-25T19:22:52.747-04:00,179.443359,-26.317104
2026-08-25T19:22:52.747-04:00,179.901123,-31.768219
2026-08-25T19:22:52.747-04:00,180.358887,-28.342020
2026-08-25T19:22:52.747-04:00,180.816650,-24.070042
2026-08-25T19:22:52.747-04:00,181.274414,-23.576620
2026-08-25T19:22:52.747-04:00,181.732178,-24.484592
2026-08-25T19:22:52.747-04:00,182.189941,-24.002645
2026-08-25T19:22:52.747-04:00,182.647705,-22.188404
2026-08-25T19:22:52.747-04:00,183.105469,-23.625332
2026-08-25T19:22:52.747-04:00,183.563232,-29.875460
2026-08-25T19:22:52.747-04:00,184.020996,-34.875469
2026-08-25T19:22:52.747-04:00,184.478760,-42.289413
2026-08-25T19:22:52.747-04:00,184.936523,-29.854015
2026-08-25T19:22:52.747-04:00,185.394287,-26.492081
2026-08-25T19:22:52.747-04:00,185.852051,-23.379194
2026-08-25T19:22:52.747-04:00,186.309814,-22.310215
2026-08-25T19:22:52.747-04:00,186.767578,-23.387421
2026-08-25T19:22:52.747-04:00,187.225342,-25.654619
2026-08-25T19:22:52.747-04:00,187.683105,-27.573059
2026-08-25T19:22:52.747-04:00,188.140869,-31.341629
2026-08-25T19:22:52.747-04:00,188.598633,-35.940575
2026-08-25T19:22:52.747-04:00,189.056396,-28.085007
2026-08-25T19:22:52.747-04:00,189.514160,-23.072151
2026-08-25T19:22:52.747-04:00,189.971924,-22.949440
2026-08-25T19:22:52.747-04:00,190.429688,-24.312410
2026-08-25T19:22:52.747-04:00,190.887451,-24.187527
2026-08-25T19:22:52.747-04:00,191.345215,-24.521914
2026-08-25T19:22:52.747-04:00,191.802979,-24.957813
2026-08-25T19:22:52.747-04:00,192.260742,-26.007431
2026-08-25T19:22:52.747-04:00,192.718506,-28.074408
2026-08-25T19:22:52.747-04:00,193.176270,-27.905338
2026-08-25T19:22:52.747-04:00,193.634033,-25.465250
2026-08-25T19:22:52.747-04:00,194.091797,-24.779537
2026-08-25T19:22:52.747-04:00,194.549561,-25.670282
2026-08-25T19:22:52.747-04:00,195.007324,-25.876301
2026-08-25T19:22:52.747-04:00,195.465088,-25.707226
2026-08-25T19:22:52.747-04:00,195.922852,-25.357616
2026-08-25T19:22:52.747-04:00,196.380615,-25.891771
2026-08-25T19:22:52.747-04:00,196.838379,-28.417477
2026-08-25T19:22:52.747-04:00,197.296143,-28.085329
2026-08-25T19:22:52.747-04:00,197.753906,-26.830715
2026-08-25T19:22:52.747-04:00,198.211670,-30.542204
2026-08-25T19:22:52.747-04:00,198.669434,-48.488518
2026-08-25T19:22:52.747-04:00,199.127197,-31.463079
2026-08-25T19:22:52.747-04:00,199.584961,-38.157406
2026-08-25T19:22:52.747-04:00,200.042725,-32.992058
2026-08-25T19:22:52.747-04:00,200.500488,-30.060493
2026-08-25T19:22:52.747-04:00,200.958252,-31.447178
2026-08-25T19:22:52.747-04:00,201.416016,-25.754890
2026-08-25T19:22:52.747-04:00,201.873779,-25.419901
2026-08-25T19:22:52.747-04:00,202.331543,-25.979683
2026-08-25T19:22:52.747-04:00,202.789307,-24.274624
2026-08-25T19:22:52.747-04:00,203.247070,-27.984972
2026-08-25T19:22:52.747-04:00,203.704834,-32.955616
2026-08-25T19:22:52.747-04:00,204.162598,-34.572685
2026-08-25T19:22:52.747-04:00,204.620361,-37.746731
2026-08-25T19:22:52.747-04:00,205.078125,-36.266720
2026-08-25T19:22:52.747-04:00,205.535889,-33.896267
2026-08-25T19:22:52.747-04:00,205.993652,-33.432411
2026-08-25T19:22:52.747-04:00,206.451416,-32.548050
2026-08-25T19:22:52.747-04:00,206.909180,-26.490349
2026-08-25T19:22:52.747-04:00,207.366943,-24.938141
2026-08-25T19:22:52.747-04:00,207.824707,-26.074791
2026-08-25T19:22:52.747-04:00,208.282471,-28.830500
2026-08-25T19:22:52.747-04:00,208.740234,-28.065269
2026-08-25T19:22:52.747-04:00,209.197998,-24.196222
2026-08-25T19:22:52.747-04:00,209.655762,-22.640240
2026-08-25T19:22:52.747-04:00,210.113525,-22.327669
2026-08-25T19:22:52.747-04:00,210.571289,-21.267220
2026-08-25T19:22:52.747-04:00,211.029053,-21.919994
2026-08-25T19:22:52.747-04:00,211.486816,-25.886992
2026-08-25T19:22:52.747-04:00,211.944580,-26.469944
2026-08-25T19:22:52.747-04:00,212.402344,-25.365458
2026-08-25T19:22:52.747-04:00,212.860107,-27.835455
2026-08-25T19:22:52.747-04:00,213.317871,-32.430645
2026-08-25T19:22:52.747-04:00,213.775635,-32.200752
2026-08-25T19:22:52.747-04:00,214.233398,-27.617157
2026-08-25T19:22:52.747-04:00,214.691162,-24.092361
2026-08-25T19:22:52.747-04:00,215.148926,-24.497511
2026-08-25T19:22:52.747-04:00,215.606689,-28.922932
2026-08-25T19:22:52.747-04:00,216.064453,-35.150345
2026-08-25T19:22:52.747-04:00,216.522217,-45.214291
2026-08-25T19:22:52.747-04:00,216.979980,-33.710442
2026-08-25T19:22:52.747-04:00,217.437744,-28.132277
2026-08-25T19:22:52.747-04:00,217.895508,-29.253559
2026-08-25T19:22:52.747-04:00,218.353271,-34.523216
2026-08-25T19:22:52.747-04:00,218.811035,-33.251167
2026-08-25T19:22:52.747-04:00,219.268799,-28.474297
2026-08-25T19:22:52.747-04:00,219.726562,-29.651058
2026-08-25T19:22:52.747-04:00,220.184326,-48.774925
2026-08-25T19:22:52.747-04:00,220.642090,-40.287560
2026-08-25T19:22:52.747-04:00,221.099854,-33.422058
2026-08-25T19:22:52.747-04:00,221.557617,-29.364990
2026-08-25T19:22:52.747-04:00,222.015381,-31.477238
2026-08-25T19:22:52.747-04:00,222.473145,-28.433083
2026-08-25T19:22:52.747-04:00,222.930908,-26.390938
2026-08-25T19:22:52.747-04:00,223.388672,-29.276482
2026-08-25T19:22:52.747-04:00,223.846436,-31.358730
2026-08-25T19:22:52.747-04:00,224.304199,-26.838152
2026-08-25T19:22:52.747-04:00,224.761963,-25.021955
2026-08-25T19:22:52.747-04:00,225.219727,-24.763248
2026-08-25T19:22:52.747-04:00,225.677490,-25.962351
2026-08-25T19:22:52.747-04:00,226.135254,-31.776936
2026-08-25T19:22:52.747-04:00,226.593018,-39.676472
2026-08-25T19:22:52.747-04:00,227.050781,-39.697720
2026-08-25T19:22:52.747-04:00,227.508545,-32.992798
2026-08-25T19:22:52.747-04:00,227.966309,-33.679482
2026-08-25T19:22:52.747-04:00,228.424072,-35.328144
2026-08-25T19:22:52.747-04:00,228.881836,-30.769341
2026-08-25T19:22:52.747-04:00,229.339600,-26.335060
2026-08-25T19:22:52.747-04:00,229.797363,-21.721416
2026-08-25T19:22:52.747-04:00,230.255127,-22.166687
2026-08-25T19:22:52.747-04:00,230.712891,-26.326521
2026-08-25T19:22:52.747-04:00,231.170654,-28.186714
2026-08-25T19:22:52.747-04:00,231.628418,-28.925430
2026-08-25T19:22:52.747-04:00,232.086182,-28.982508
2026-08-25T19:22:52.747-04:00,232.543945,-32.247841
2026-08-25T19:22:52.747-04:00,233.001709,-30.615738
2026-08-25T19:22:52.747-04:00,233.459473,-28.596514
2026-08-25T19:22:52.747-04:00,233.917236,-26.946909
2026-08-25T19:22:52.747-04:00,234.375000,-25.876312
2026-08-25T19:22:52.747-04:00,234.832764,-26.862656
2026-08-25T19:22:52.747-04:00,235.290527,-28.147318
2026-08-25T19:22:52.747-04:00,235.748291,-26.012039
2026-08-25T19:22:52.747-04:00,236.206055,-23.773174
2026-08-25T19:22:52.747-04:00,236.663818,-25.624874
2026-08-25T19:22:52.747-04:00,237.121582,-29.560373
2026-08-25T19:22:52.747-04:00,237.579346,-29.103470
2026-08-25T19:22:52.747-04:00,238.037109,-29.238928
2026-08-25T19:22:52.747-04:00,238.494873,-29.415400
2026-08-25T19:22:52.747-04:00,238.952637,-28.253403
2026-08-25T19:22:52.747-04:00,239.410400,-28.442125
2026-08-25T19:22:52.747-04:00,239.868164,-24.269926
2026-08-25T19:22:52.747-04:00,240.325928,-21.178095
2026-08-25T19:22:52.747-04:00,240.783691,-20.348660
2026-08-25T19:22:52.747-04:00,241.241455,-20.510796
2026-08-25T19:22:52.747-04:00,241.699219,-19.894106
2026-08-25T19:22:52.747-04:00,242.156982,-18.389839
2026-08-25T19:22:52.747-04:00,242.614746,-18.376211
2026-08-25T19:22:52.747-04:00,243.072510,-21.032869
2026-08-25T19:22:52.747-04:00,243.530273,-26.019917
2026-08-25T19:22:52.747-04:00,243.988037,-27.099428
2026-08-25T19:22:52.747-04:00,244.445801,-26.476562
2026-08-25T19:22:52.747-04:00,244.903564,-29.445150
2026-08-25T19:22:52.747-04:00,245.361328,-37.618458
2026-08-25T19:22:52.747-04:00,245.819092,-35.082394
2026-08-25T19:22:52.747-04:00,246.276855,-42.408447
2026-08-25T19:22:52.747-04:00,246.734619,-32.363667
2026-08-25T19:22:52.747-04:00,247.192383,-34.685970
2026-08-25T19:22:52.747-04:00,247.650146,-35.764462
2026-08-25T19:22:52.747-04:00,248.107910,-30.941921
2026-08-25T19:22:52.747-04:00,248.565674,-45.997501
2026-08-25T19:22:52.747-04:00,249.023438,-27.843155
2026-08-25T19:22:52.747-04:00,249.481201,-26.732681
2026-08-25T19:22:52.747-04:00,249.938965,-29.587442
2026-08-25T19:22:52.747-04:00,250.396729,-40.726456
2026-08-25T19:22:52.747-04:00,250.854492,-34.644756
2026-08-25T19:22:52.747-04:00,251.312256,-29.102545
2026-08-25T19:22:52.747-04:00,251.770020,-26.343098
2026-08-25T19:22:52.747-04:00,252.227783,-23.351536
2026-08-25T19:22:52.747-04:00,252.685547,-21.280075
2026-08-25T19:22:52.747-04:00,253.143311,-20.874807
2026-08-25T19:22:52.747-04:00,253.601074,-23.361845
2026-08-25T19:22:52.747-04:00,254.058838,-27.129421
2026-08-25T19:22:52.747-04:00,254.516602,-28.102005
2026-08-25T19:22:52.747-04:00,254.974365,-24.846392
2026-08-25T19:22:52.747-04:00,255.432129,-24.310835
2026-08-25T19:22:52.747-04:00,255.889893,-29.040676
2026-08-25T19:22:52.747-04:00,256.347656,-36.015675
2026-08-25T19:22:52.747-04:00,256.805420,-36.084396
2026-08-25T19:22:52.747-04:00,257.263184,-34.369942
2026-08-25T19:22:52.747-04:00,257.720947,-31.549572
2026-08-25T19:22:52.747-04:00,258.178711,-42.524487
2026-08-25T19:22:52.747-04:00,258.636475,-33.816002
2026-08-25T19:22:52.747-04:00,259.094238,-31.905434
2026-08-25T19:22:52.747-04:00,259.552002,-30.741102
2026-08-25T19:22:52.747-04:00,260.009766,-25.907087
2026-08-25T19:22:52.747-04:00,260.467529,-24.301569
2026-08-25T19:22:52.747-04:00,260.925293,-26.671318
2026-08-25T19:22:52.747-04:00,261.383057,-29.521616
2026-08-25T19:22:52.747-04:00,261.840820,-28.093948
2026-08-25T19:22:52.747-04:00,262.298584,-26.879700
2026-08-25T19:22:52.747-04:00,262.756348,-26.923527
2026-08-25T19:22:52.747-04:00,263.214111,-27.401947
2026-08-25T19:22:52.747-04:00,263.671875,-26.251356
2026-08-25T19:22:52.747-04:00,264.129639,-28.768538
2026-08-25T19:22:52.747-04:00,264.587402,-33.456356
2026-08-25T19:22:52.747-04:00,265.045166,-27.947836
2026-08-25T19:22:52.747-04:00,265.502930,-24.448788
2026-08-25T19:22:52.747-04:00,265.960693,-22.664745
2026-08-25T19:22:52.747-04:00,266.418457,-22.468193
2026-08-25T19:22:52.747-04:00,266.876221,-22.033161
2026-08-25T19:22:52.747-04:00,267.333984,-21.541977
2026-08-25T19:22:52.747-04:00,267.791748,-21.620569
2026-08-25T19:22:52.747-04:00,268.249512,-22.456142
2026-08-25T19:22:52.747-04:00,268.707275,-24.079979
2026-08-25T19:22:52.747-04:00,269.165039,-26.636103
2026-08-25T19:22:52.747-04:00,269.622803,-27.024742
2026-08-25T19:22:52.747-04:00,270.080566,-24.773430
2026-08-25T19:22:52.747-04:00,270.538330,-26.918371
2026-08-25T19:22:52.747-04:00,270.996094,-29.301697
2026-08-25T19:22:52.747-04:00,271.453857,-27.197662
2026-08-25T19:22:52.747-04:00,271.911621,-23.144806
2026-08-25T19:22:52.747-04:00,272.369385,-21.066956
2026-08-25T19:22:52.747-04:00,272.827148,-21.830135
2026-08-25T19:22:52.747-04:00,273.284912,-23.224012
2026-08-25T19:22:52.747-04:00,273.742676,-23.970238
2026-08-25T19:22:52.747-04:00,274.200439,-24.681419
2026-08-25T19:22:52.747-04:00,274.658203,-25.191164
2026-08-25T19:22:52.747-04:00,275.115967,-26.172230
2026-08-25T19:22:52.747-04:00,275.573730,-26.016254
2026-08-25T19:22:52.747-04:00,276.031494,-28.310282
2026-08-25T19:22:52.747-04:00,276.489258,-29.091520
2026-08-25T19:22:52.747-04:00,276.947021,-26.411688
2026-08-25T19:22:52.747-04:00,277.404785,-23.412468
2026-08-25T19:22:52.747-04:00,277.862549,-24.176109
2026-08-25T19:22:52.747-04:00,278.320312,-27.322422
2026-08-25T19:22:52.747-04:00,278.778076,-26.354988
2026-08-25T19:22:52.747-04:00,279.235840,-22.774775
2026-08-25T19:22:52.747-04:00,279.693604,-22.408638
2026-08-25T19:22:52.747-04:00,280.151367,-24.950808
2026-08-25T19:22:52.747-04:00,280.609131,-25.654774
2026-08-25T19:22:52.747-04:00,281.066895,-25.852219
2026-08-25T19:22:52.747-04:00,281.524658,-26.784092
2026-08-25T19:22:52.747-04:00,281.982422,-28.001595
2026-08-25T19:22:52.747-04:00,282.440186,-27.340950
2026-08-25T19:22:52.747-04:00,282.897949,-31.485422
2026-08-25T19:22:52.747-04:00,283.355713,-39.717693
2026-08-25T19:22:52.747-04:00,283.813477,-44.036888
2026-08-25T19:22:52.747-04:00,284.271240,-35.786816
2026-08-25T19:22:52.747-04:00,284.729004,-31.490105
2026-08-25T19:22:52.747-04:00,285.186768,-31.139002
2026-08-25T19:22:52.747-04:00,285.644531,-27.999767
2026-08-25T19:22:52.747-04:00,286.102295,-27.175327
2026-08-25T19:22:52.747-04:00,286.560059,-27.524946
2026-08-25T19:22:52.747-04:00,287.017822,-27.695501
2026-08-25T19:22:52.747-04:00,287.475586,-25.514307
2026-08-25T19:22:52.747-04:00,287.933350,-24.901783
2026-08-25T19:22:52.747-04:00,288.391113,-25.166597
2026-08-25T19:22:52.747-04:00,288.848877,-25.028187
2026-08-25T19:22:52.747-04:00,289.306641,-28.581800
2026-08-25T19:22:52.747-04:00,289.764404,-30.138809
2026-08-25T19:22:52.747-04:00,290.222168,-27.742958
2026-08-25T19:22:52.747-04:00,290.679932,-27.760902
2026-08-25T19:22:52.747-04:00,291.137695,-31.542557
2026-08-25T19:22:52.747-04:00,291.595459,-35.572933
2026-08-25T19:22:52.747-04:00,292.053223,-42.593681
2026-08-25T19:22:52.747-04:00,292.510986,-37.992172
2026-08-25T19:22:52.747-04:00,292.968750,-41.163116
2026-08-25T19:22:52.747-04:00,293.426514,-31.547237
2026-08-25T19:22:52.747-04:00,293.884277,-29.202694
2026-08-25T19:22:52.747-04:00,294.342041,-28.593037
2026-08-25T19:22:52.747-04:00,294.799805,-29.368942
2026-08-25T19:22:52.747-04:00,295.257568,-28.331163
2026-08-25T19:22:52.747-04:00,295.715332,-28.658939
2026-08-25T19:22:52.747-04:00,296.173096,-29.387066
2026-08-25T19:22:52.747-04:00,296.630859,-30.724449
2026-08-25T19:22:52.747-04:00,297.088623,-35.936993
2026-08-25T19:22:52.747-04:00,297.546387,-30.508110
2026-08-25T19:22:52.747-04:00,298.004150,-29.600266
2026-08-25T19:22:52.747-04:00,298.461914,-38.982948
2026-08-25T19:22:52.747-04:00,298.919678,-35.931183
2026-08-25T19:22:52.747-04:00,299.377441,-30.650625
2026-08-25T19:22:52.747-04:00,299.835205,-26.741821
2026-08-25T19:22:52.747-04:00,300.292969,-24.396652
2026-08-25T19:22:52.747-04:00,300.750732,-24.331263
2026-08-25T19:22:52.747-04:00,301.208496,-26.632288
2026-08-25T19:22:52.747-04:00,301.666260,-28.159512
2026-08-25T19:22:52.747-04:00,302.124023,-25.842552
2026-08-25T19:22:52.747-04:00,302.581787,-26.420883
2026-08-25T19:22:52.747-04:00,303.039551,-32.242287
2026-08-25T19:22:52.747-04:00,303.497314,-32.967728
2026-08-25T19:22:52.747-04:00,303.955078,-28.896770
2026-08-25T19:22:52.747-04:00,304.412842,-35.462914
2026-08-25T19:22:52.747-04:00,304.870605,-34.580414
2026-08-25T19:22:52.747-04:00,305.328369,-32.964222
2026-08-25T19:22:52.747-04:00,305.786133,-50.180302
2026-08-25T19:22:52.747-04:00,306.243896,-35.379433
2026-08-25T19:22:52.747-04:00,306.701660,-37.659851
2026-08-25T19:22:52.747-04:00,307.159424,-25.822773
2026-08-25T19:22:52.747-04:00,307.617188,-22.218563
2026-08-25T19:22:52.747-04:00,308.074951,-23.943523
2026-08-25T19:22:52.747-04:00,308.532715,-30.574928
2026-08-25T19:22:52.747-04:00,308.990479,-38.468460
2026-08-25T19:22:52.747-04:00,309.448242,-45.999912
2026-08-25T19:22:52.747-04:00,309.906006,-37.023251
2026-08-25T19:22:52.747-04:00,310.363770,-30.907524
2026-08-25T19:22:52.747-04:00,310.821533,-26.651308
2026-08-25T19:22:52.747-04:00,311.279297,-24.064905
2026-08-25T19:22:52.747-04:00,311.737061,-22.593649
2026-08-25T19:22:52.747-04:00,312.194824,-20.916283
2026-08-25T19:22:52.747-04:00,312.652588,-19.762390
2026-08-25T19:22:52.747-04:00,313.110352,-19.912289
2026-08-25T19:22:52.747-04:00,313.568115,-21.297739
2026-08-25T19:22:52.747-04:00,314.025879,-23.714333
2026-08-25T19:22:52.747-04:00,314.483643,-25.200865
2026-08-25T19:22:52.747-04:00,314.941406,-24.670952
2026-08-25T19:22:52.747-04:00,315.399170,-25.629166
2026-08-25T19:22:52.747-04:00,315.856934,-38.479065
2026-08-25T19:22:52.747-04:00,316.314697,-28.476906
2026-08-25T19:22:52.747-04:00,316.772461,-26.689598
2026-08-25T19:22:52.747-04:00,317.230225,-26.626900
2026-08-25T19:22:52.747-04:00,317.687988,-24.672123
2026-08-25T19:22:52.747-04:00,318.145752,-26.275023
2026-08-25T19:22:52.747-04:00,318.603516,-29.651009
2026-08-25T19:22:52.747-04:00,319.061279,-34.935879
2026-08-25T19:22:52.747-04:00,319.519043,-31.286339
2026-08-25T19:22:52.747-04:00,319.976807,-24.848106
2026-08-25T19:22:52.747-04:00,320.434570,-21.969397
2026-08-25T19:22:52.747-04:00,320.892334,-20.459414
2026-08-25T19:22:52.747-04:00,321.350098,-20.371754
2026-08-25T19:22:52.747-04:00,321.807861,-20.986044
2026-08-25T19:22:52.747-04:00,322.265625,-21.638638
2026-08-25T19:22:52.747-04:00,322.723389,-24.219847
2026-08-25T19:22:52.747-04:00,323.181152,-31.385372
2026-08-25T19:22:52.747-04:00,323.638916,-37.042305
2026-08-25T19:22:52.747-04:00,324.096680,-31.147045
2026-08-25T19:22:52.747-04:00,324.554443,-27.293377
2026-08-25T19:22:52.747-04:00,325.012207,-28.510788
2026-08-25T19:22:52.747-04:00,325.469971,-29.999340
2026-08-25T19:22:52.747-04:00,325.927734,-31.567469
2026-08-25T19:22:52.747-04:00,326.385498,-43.901299
2026-08-25T19:22:52.747-04:00,326.843262,-30.749075
2026-08-25T19:22:52.747-04:00,327.301025,-26.696188
2026-08-25T19:22:52.747-04:00,327.758789,-24.919373
2026-08-25T19:22:52.747-04:00,328.216553,-25.541119
2026-08-25T19:22:52.747-04:00,328.674316,-26.933592
2026-08-25T19:22:52.747-04:00,329.132080,-30.466839
2026-08-25T19:22:52.747-04:00,329.589844,-27.252453
2026-08-25T19:22:52.747-04:00,330.047607,-23.933411
2026-08-25T19:22:52.747-04:00,330.505371,-23.767448
2026-08-25T19:22:52.747-04:00,330.963135,-23.332741
2026-08-25T19:22:52.747-04:00,331.420898,-25.345383
2026-08-25T19:22:52.747-04:00,331.878662,-32.089008
2026-08-25T19:22:52.747-04:00,332.336426,-38.187817
2026-08-25T19:22:52.747-04:00,332.794189,-27.675903
2026-08-25T19:22:52.747-04:00,333.251953,-23.754536
2026-08-25T19:22:52.747-04:00,333.709717,-26.779863
2026-08-25T19:22:52.747-04:00,334.167480,-33.198212
2026-08-25T19:22:52.747-04:00,334.625244,-29.798967
2026-08-25T19:22:52.747-04:00,335.083008,-28.157099
2026-08-25T19:22:52.747-04:00,335.540771,-29.454699
2026-08-25T19:22:52.747-04:00,335.998535,-29.955307
2026-08-25T19:22:52.747-04:00,336.456299,-29.720871
2026-08-25T19:22:52.747-04:00,336.914062,-31.314201
2026-08-25T19:22:52.747-04:00,337.371826,-40.054569
2026-08-25T19:22:52.747-04:00,337.829590,-27.679873
2026-08-25T19:22:52.747-04:00,338.287354,-25.206856
2026-08-25T19:22:52.747-04:00,338.745117,-26.277216
2026-08-25T19:22:52.747-04:00,339.202881,-30.429646
2026-08-25T19:22:52.747-04:00,339.660645,-37.872169
2026-08-25T19:22:52.747-04:00,340.118408,-37.398296
2026-08-25T19:22:52.747-04:00,340.576172,-27.783146
2026-08-25T19:22:52.747-04:00,341.033936,-24.390890
2026-08-25T19:22:52.747-04:00,341.491699,-25.474586
2026-08-25T19:22:52.747-04:00,341.949463,-27.565746
2026-08-25T19:22:52.747-04:00,342.407227,-29.487312
2026-08-25T19:22:52.747-04:00,342.864990,-23.897932
2026-08-25T19:22:52.747-04:00,343.322754,-23.441063
2026-08-25T19:22:52.747-04:00,343.780518,-26.356586
2026-08-25T19:22:52.747-04:00,344.238281,-27.608116
2026-08-25T19:22:52.747-04:00,344.696045,-31.228661
2026-08-25T19:22:52.747-04:00,345.153809,-38.921162
2026-08-25T19:22:52.747-04:00,345.611572,-40.567898
2026-08-25T19:22:52.747-04:00,346.069336,-28.398762
2026-08-25T19:22:52.747-04:00,346.527100,-23.975534
2026-08-25T19:22:52.747-04:00,346.984863,-22.465437
2026-08-25T19:22:52.747-04:00,347.442627,-23.495773
2026-08-25T19:22:52.747-04:00,347.900391,-26.303160
2026-08-25T19:22:52.747-04:00,348.358154,-28.701313
2026-08-25T19:22:52.747-04:00,348.815918,-28.511160
2026-08-25T19:22:52.747-04:00,349.273682,-28.141041
2026-08-25T19:22:52.747-04:00,349.731445,-28.896887
2026-08-25T19:22:52.747-04:00,350.189209,-24.110596
2026-08-25T19:22:52.747-04:00,350.646973,-22.361046
2026-08-25T19:22:52.747-04:00,351.104736,-23.334105
2026-08-25T19:22:52.747-04:00,351.562500,-25.851019
2026-08-25T19:22:52.747-04:00,352.020264,-27.900774
2026-08-25T19:22:52.747-04:00,352.478027,-27.841551
2026-08-25T19:22:52.747-04:00,352.935791,-27.277754
2026-08-25T19:22:52.747-04:00,353.393555,-30.058897
2026-08-25T19:22:52.747-04:00,353.851318,-34.437744
2026-08-25T19:22:52.747-04:00,354.309082,-33.759293
2026-08-25T19:22:52.747-04:00,354.766846,-29.960663
2026-08-25T19:22:52.747-04:00,355.224609,-28.877056
2026-08-25T19:22:52.747-04:00,355.682373,-30.503845
2026-08-25T19:22:52.747-04:00,356.140137,-23.046562
2026-08-25T19:22:52.747-04:00,356.597900,-22.412571
2026-08-25T19:22:52.747-04:00,357.055664,-29.037121
2026-08-25T19:22:52.747-04:00,357.513428,-28.243542
2026-08-25T19:22:52.747-04:00,357.971191,-26.306511
2026-08-25T19:22:52.747-04:00,358.428955,-32.667542
2026-08-25T19:22:52.747-04:00,358.886719,-27.620811
2026-08-25T19:22:52.747-04:00,359.344482,-25.771450
2026-08-25T19:22:52.747-04:00,359.802246,-27.354872
2026-08-25T19:22:52.747-04:00,360.260010,-30.000154
2026-08-25T19:22:52.747-04:00,360.717773,-29.513329
2026-08-25T19:22:52.747-04:00,361.175537,-26.731422
2026-08-25T19:22:52.747-04:00,361.633301,-24.149315
2026-08-25T19:22:52.747-04:00,362.091064,-22.519342
2026-08-25T19:22:52.747-04:00,362.548828,-21.897890
2026-08-25T19:22:52.747-04:00,363.006592,-22.218752
2026-08-25T19:22:52.747-04:00,363.464355,-23.065607
2026-08-25T19:22:52.747-04:00,363.922119,-25.647346
2026-08-25T19:22:52.747-04:00,364.379883,-31.808716
2026-08-25T19:22:52.747-04:00,364.837646,-44.782871
2026-08-25T19:22:52.747-04:00,365.295410,-35.320499
2026-08-25T19:22:52.747-04:00,365.753174,-27.607666
2026-08-25T19:22:52.747-04:00,366.210938,-24.600477
2026-08-25T19:22:52.747-04:00,366.668701,-25.440187
2026-08-25T19:22:52.747-04:00,367.126465,-28.812027
2026-08-25T19:22:52.747-04:00,367.584229,-36.319572
2026-08-25T19:22:52.747-04:00,368.041992,-45.025105
2026-08-25T19:22:52.747-04:00,368.499756,-31.575077
2026-08-25T19:22:52.747-04:00,368.957520,-24.435558
2026-08-25T19:22:52.747-04:00,369.415283,-21.784285
2026-08-25T19:22:52.747-04:00,369.873047,-23.002365
2026-08-25T19:22:52.747-04:00,370.330811,-29.622227
2026-08-25T19:22:52.747-04:00,370.788574,-31.921919
2026-08-25T19:22:52.747-04:00,371.246338,-37.833755
2026-08-25T19:22:52.747-04:00,371.704102,-36.736938
2026-08-25T19:22:52.747-04:00,372.161865,-32.103680
2026-08-25T19:22:52.747-04:00,372.619629,-37.033836
2026-08-25T19:22:52.747-04:00,373.077393,-46.632431
2026-08-25T19:22:52.747-04:00,373.535156,-33.543530
2026-08-25T19:22:52.747-04:00,373.992920,-30.505161
2026-08-25T19:22:52.747-04:00,374.450684,-30.645855
2026-08-25T19:22:52.747-04:00,374.908447,-28.345926
2026-08-25T19:22:52.747-04:00,375.366211,-22.648243
2026-08-25T19:22:52.747-04:00,375.823975,-19.576157
2026-08-25T19:22:52.747-04:00,376.281738,-20.102987
2026-08-25T19:22:52.747-04:00,376.739502,-21.985435
2026-08-25T19:22:52.747-04:00,377.197266,-22.799864
2026-08-25T19:22:52.747-04:00,377.655029,-24.276369
2026-08-25T19:22:52.747-04:00,378.112793,-28.002996
2026-08-25T19:22:52.747-04:00,378.570557,-30.375586
2026-08-25T19:22:52.747-04:00,379.028320,-31.816771
2026-08-25T19:22:52.747-04:00,379.486084,-34.983269
2026-08-25T19:22:52.747-04:00,379.943848,-32.475937
2026-08-25T19:22:52.747-04:00,380.401611,-28.500299
2026-08-25T19:22:52.747-04:00,380.859375,-28.991297
2026-08-25T19:22:52.747-04:00,381.317139,-29.346954
2026-08-25T19:22:52.747-04:00,381.774902,-26.330139
2026-08-25T19:22:52.747-04:00,382.232666,-23.709085
2026-08-25T19:22:52.747-04:00,382.690430,-20.437008
2026-08-25T19:22:52.747-04:00,383.148193,-19.680777
2026-08-25T19:22:52.747-04:00,383.605957,-23.166372
2026-08-25T19:22:52.747-04:00,384.063721,-30.934799
2026-08-25T19:22:52.747-04:00,384.521484,-31.384769
2026-08-25T19:22:52.747-04:00,384.979248,-25.991863
2026-08-25T19:22:52.747-04:00,385.437012,-23.859631
2026-08-25T19:22:52.747-04:00,385.894775,-25.525534
2026-08-25T19:22:52.747-04:00,386.352539,-30.224174
2026-08-25T19:22:52.747-04:00,386.810303,-33.635872
2026-08-25T19:22:52.747-04:00,387.268066,-34.866241
2026-08-25T19:22:52.747-04:00,387.725830,-35.841946
2026-08-25T19:22:52.747-04:00,388.183594,-27.945030
2026-08-25T19:22:52.747-04:00,388.641357,-23.180099
2026-08-25T19:22:52.747-04:00,389.099121,-22.651949
2026-08-25T19:22:52.747-04:00,389.556885,-23.961897
2026-08-25T19:22:52.747-04:00,390.014648,-24.041594
2026-08-25T19:22:52.747-04:00,390.472412,-22.511587
2026-08-25T19:22:52.747-04:00,390.930176,-22.200779
2026-08-25T19:22:52.747-04:00,391.387939,-22.486620
2026-08-25T19:22:52.747-04:00,391.845703,-21.220129
2026-08-25T19:22:52.747-04:00,392.303467,-20.203568
2026-08-25T19:22:52.747-04:00,392.761230,-20.740749
2026-08-25T19:22:52.747-04:00,393.218994,-21.239685
2026-08-25T19:22:52.747-04:00,393.676758,-21.390324
2026-08-25T19:22:52.747-04:00,394.134521,-23.593664
2026-08-25T19:22:52.747-04:00,394.592285,-26.351259
2026-08-25T19:22:52.747-04:00,395.050049,-25.211802
2026-08-25T19:22:52.747-04:00,395.507812,-24.811317
2026-08-25T19:22:52.747-04:00,395.965576,-27.506531
2026-08-25T19:22:52.747-04:00,396.423340,-29.624950
2026-08-25T19:22:52.747-04:00,396.881104,-27.906149
2026-08-25T19:22:52.747-04:00,397.338867,-25.622807
2026-08-25T19:22:52.747-04:00,397.796631,-24.746895
2026-08-25T19:22:52.747-04:00,398.254395,-26.968290
2026-08-25T19:22:52.747-04:00,398.712158,-29.305182
2026-08-25T19:22:52.747-04:00,399.169922,-24.493832
2026-08-25T19:22:52.747-04:00,399.627686,-25.179758
2026-08-25T19:22:52.747-04:00,400.085449,-29.689768
2026-08-25T19:22:52.747-04:00,400.543213,-32.304047
2026-08-25T19:22:52.747-04:00,401.000977,-31.489523
2026-08-25T19:22:52.747-04:00,401.458740,-34.420612
2026-08-25T19:22:52.747-04:00,401.916504,-41.087894
2026-08-25T19:22:52.747-04:00,402.374268,-35.622776
2026-08-25T19:22:52.747-04:00,402.832031,-30.147266
2026-08-25T19:22:52.747-04:00,403.289795,-37.871624
2026-08-25T19:22:52.747-04:00,403.747559,-30.084126
2026-08-25T19:22:52.747-04:00,404.205322,-32.677135
2026-08-25T19:22:52.747-04:00,404.663086,-25.636759
2026-08-25T19:22:52.747-04:00,405.120850,-22.771559
2026-08-25T19:22:52.747-04:00,405.578613,-23.345201
2026-08-25T19:22:52.747-04:00,406.036377,-24.127953
2026-08-25T19:22:52.747-04:00,406.494141,-27.815626
2026-08-25T19:22:52.747-04:00,406.951904,-33.214146
2026-08-25T19:22:52.747-04:00,407.409668,-29.101954
2026-08-25T19:22:52.747-04:00,407.867432,-23.962381
2026-08-25T19:22:52.747-04:00,408.325195,-22.836332
2026-08-25T19:22:52.747-04:00,408.782959,-25.468182
2026-08-25T19:22:52.747-04:00,409.240723,-33.896439
2026-08-25T19:22:52.747-04:00,409.698486,-35.233894
2026-08-25T19:22:52.747-04:00,410.156250,-33.171944
2026-08-25T19:22:52.747-04:00,410.614014,-26.768267
2026-08-25T19:22:52.747-04:00,411.071777,-24.821117
2026-08-25T19:22:52.747-04:00,411.529541,-26.277988
2026-08-25T19:22:52.747-04:00,411.987305,-25.851194
2026-08-25T19:22:52.747-04:00,412.445068,-24.041719
2026-08-25T19:22:52.747-04:00,412.902832,-23.677128
2026-08-25T19:22:52.747-04:00,413.360596,-27.687300
2026-08-25T19:22:52.747-04:00,413.818359,-45.930588
2026-08-25T19:22:52.747-04:00,414.276123,-34.595337
2026-08-25T19:22:52.747-04:00,414.733887,-25.165262
2026-08-25T19:22:52.747-04:00,415.191650,-21.860806
2026-08-25T19:22:52.747-04:00,415.649414,-21.602623
2026-08-25T19:22:52.747-04:00,416.107178,-22.539579
2026-08-25T19:22:52.747-04:00,416.564941,-22.033730
2026-08-25T19:22:52.747-04:00,417.022705,-19.603874
2026-08-25T19:22:52.747-04:00,417.480469,-18.756433
2026-08-25T19:22:52.747-04:00,417.938232,-20.473965
2026-08-25T19:22:52.747-04:00,418.395996,-23.214245
2026-08-25T19:22:52.747-04:00,418.853760,-27.686909
2026-08-25T19:22:52.747-04:00,419.311523,-33.239708
2026-08-25T19:22:52.747-04:00,419.769287,-36.110325
2026-08-25T19:22:52.747-04:00,420.227051,-29.954893
2026-08-25T19:22:52.747-04:00,420.684814,-26.222218
2026-08-25T19:22:52.747-04:00,421.142578,-31.619398
2026-08-25T19:22:52.747-04:00,421.600342,-36.895432
2026-08-25T19:22:52.747-04:00,422.058105,-37.400211
2026-08-25T19:22:52.747-04:00,422.515869,-50.954773
2026-08-25T19:22:52.747-04:00,422.973633,-38.993984
2026-08-25T19:22:52.747-04:00,423.431396,-36.606953
2026-08-25T19:22:52.747-04:00,423.889160,-36.461071
2026-08-25T19:22:52.747-04:00,424.346924,-28.683857
2026-08-25T19:22:52.747-04:00,424.804688,-28.464754
2026-08-25T19:22:52.747-04:00,425.262451,-28.114990
2026-08-25T19:22:52.747-04:00,425.720215,-24.656509
2026-08-25T19:22:52.747-04:00,426.177979,-26.771822
2026-08-25T19:22:52.747-04:00,426.635742,-30.670563
2026-08-25T19:22:52.747-04:00,427.093506,-29.821468
2026-08-25T19:22:52.747-04:00,427.551270,-30.091125
2026-08-25T19:22:52.747-04:00,428.009033,-36.183922
2026-08-25T19:22:52.747-04:00,428.466797,-38.462708
2026-08-25T19:22:52.747-04:00,428.924561,-33.488522
2026-08-25T19:22:52.747-04:00,429.382324,-29.779167
2026-08-25T19:22:52.747-04:00,429.840088,-22.925678
2026-08-25T19:22:52.747-04:00,430.297852,-20.895313
2026-08-25T19:22:52.747-04:00,430.755615,-23.239202
2026-08-25T19:22:52.747-04:00,431.213379,-28.777649
2026-08-25T19:22:52.747-04:00,431.671143,-29.318501
2026-08-25T19:22:52.747-04:00,432.128906,-29.592793
2026-08-25T19:22:52.747-04:00,432.586670,-30.336967
2026-08-25T19:22:52.747-04:00,433.044434,-28.496178
2026-08-25T19:22:52.747-04:00,433.502197,-27.813885
2026-08-25T19:22:52.747-04:00,433.959961,-33.797508
2026-08-25T19:22:52.747-04:00,434.417725,-31.469469
2026-08-25T19:22:52.747-04:00,434.875488,-27.280144
2026-08-25T19:22:52.747-04:00,435.333252,-24.936735
2026-08-25T19:22:52.747-04:00,435.791016,-21.275843
2026-08-25T19:22:52.747-04:00,436.248779,-22.533695
2026-08-25T19:22:52.747-04:00,436.706543,-28.001444
2026-08-25T19:22:52.747-04:00,437.164307,-24.430771
2026-08-25T19:22:52.747-04:00,437.622070,-25.980392
2026-08-25T19:22:52.747-04:00,438.079834,-27.376545
2026-08-25T19:22:52.747-04:00,438.537598,-28.135696
2026-08-25T19:22:52.747-04:00,438.995361,-29.407814
2026-08-25T19:22:52.747-04:00,439.453125,-28.843246
2026-08-25T19:22:52.747-04:00,439.910889,-23.162699
2026-08-25T19:22:52.747-04:00,440.368652,-20.389744
2026-08-25T19:22:52.747-04:00,440.826416,-21.777203
2026-08-25T19:22:52.747-04:00,441.284180,-27.784899
2026-08-25T19:22:52.747-04:00,441.741943,-29.471199
2026-08-25T19:22:52.747-04:00,442.199707,-24.756620
2026-08-25T19:22:52.747-04:00,442.657471,-24.392298
2026-08-25T19:22:52.747-04:00,443.115234,-25.190456
2026-08-25T19:22:52.747-04:00,443.572998,-29.317398
2026-08-25T19:22:52.747-04:00,444.030762,-29.662048
2026-08-25T19:22:52.747-04:00,444.488525,-28.226234
2026-08-25T19:22:52.747-04:00,444.946289,-35.173813
2026-08-25T19:22:52.747-04:00,445.404053,-31.723022
2026-08-25T19:22:52.747-04:00,445.861816,-24.886599
2026-08-25T19:22:52.747-04:00,446.319580,-25.012999
2026-08-25T19:22:52.747-04:00,446.777344,-30.881325
2026-08-25T19:22:52.747-04:00,447.235107,-39.879307
2026-08-25T19:22:52.747-04:00,447.692871,-30.563797
2026-08-25T19:22:52.747-04:00,448.150635,-29.541016
2026-08-25T19:22:52.747-04:00,448.608398,-28.450033
2026-08-25T19:22:52.747-04:00,449.066162,-25.968494
2026-08-25T19:22:52.747-04:00,449.523926,-27.468399
2026-08-25T19:22:52.747-04:00,449.981689,-23.431164
2026-08-25T19:22:52.747-04:00,450.439453,-24.099945
2026-08-25T19:22:52.747-04:00,450.897217,-35.643627
2026-08-25T19:22:52.747-04:00,451.354980,-33.910515
2026-08-25T19:22:52.747-04:00,451.812744,-29.452198
2026-08-25T19:22:52.747-04:00,452.270508,-27.794250
2026-08-25T19:22:52.747-04:00,452.728271,-36.580349
2026-08-25T19:22:52.747-04:00,453.186035,-33.336082
2026-08-25T19:22:52.747-04:00,453.643799,-30.545330
2026-08-25T19:22:52.747-04:00,454.101562,-31.938467
2026-08-25T19:22:52.747-04:00,454.559326,-32.314106
2026-08-25T19:22:52.747-04:00,455.017090,-33.634129
2026-08-25T19:22:52.747-04:00,455.474854,-29.056738
2026-08-25T19:22:52.747-04:00,455.932617,-23.779028
2026-08-25T19:22:52.747-04:00,456.390381,-25.466274
2026-08-25T19:22:52.747-04:00,456.848145,-31.757713
2026-08-25T19:22:52.747-04:00,457.305908,-46.533081
2026-08-25T19:22:52.747-04:00,457.763672,-34.407078
2026-08-25T19:22:52.747-04:00,458.221436,-28.960587
2026-08-25T19:22:52.747-04:00,458.679199,-30.424051
2026-08-25T19:22:52.747-04:00,459.136963,-27.938173
2026-08-25T19:22:52.747-04:00,459.594727,-24.338139
2026-08-25T19:22:52.747-04:00,460.052490,-27.525835
2026-08-25T19:22:52.747-04:00,460.510254,-27.330616
2026-08-25T19:22:52.747-04:00,460.968018,-24.477669
2026-08-25T19:22:52.747-04:00,461.425781,-23.354206
2026-08-25T19:22:52.747-04:00,461.883545,-18.856081
2026-08-25T19:22:52.747-04:00,462.341309,-19.393440
2026-08-25T19:22:52.747-04:00,462.799072,-23.981472
2026-08-25T19:22:52.747-04:00,463.256836,-27.738655
2026-08-25T19:22:52.747-04:00,463.714600,-27.350370
2026-08-25T19:22:52.747-04:00,464.172363,-24.323809
2026-08-25T19:22:52.747-04:00,464.630127,-22.127373
2026-08-25T19:22:52.747-04:00,465.087891,-21.399754
2026-08-25T19:22:52.747-04:00,465.545654,-22.238340
2026-08-25T19:22:52.747-04:00,466.003418,-24.482803
2026-08-25T19:22:52.747-04:00,466.461182,-27.777966
2026-08-25T19:22:52.747-04:00,466.918945,-25.506897
2026-08-25T19:22:52.747-04:00,467.376709,-20.029690
2026-08-25T19:22:52.747-04:00,467.834473,-18.578386
2026-08-25T19:22:52.747-04:00,468.292236,-21.001625
2026-08-25T19:22:52.747-04:00,468.750000,-23.252260
2026-08-25T19:22:52.747-04:00,469.207764,-24.441622
2026-08-25T19:22:52.747-04:00,469.665527,-27.365370
2026-08-25T19:22:52.747-04:00,470.123291,-30.693796
2026-08-25T19:22:52.747-04:00,470.581055,-34.603878
2026-08-25T19:22:52.747-04:00,471.038818,-42.200180
2026-08-25T19:22:52.747-04:00,471.496582,-30.313427
2026-08-25T19:22:52.747-04:00,471.954346,-27.177191
2026-08-25T19:22:52.747-04:00,472.412109,-25.175888
2026-08-25T19:22:52.747-04:00,472.869873,-23.610363
2026-08-25T19:22:52.747-04:00,473.327637,-21.299784
2026-08-25T19:22:52.747-04:00,473.785400,-19.263893
2026-08-25T19:22:52.747-04:00,474.243164,-19.153233
2026-08-25T19:22:52.747-04:00,474.700928,-20.526093
2026-08-25T19:22:52.747-04:00,475.158691,-23.215818
2026-08-25T19:22:52.747-04:00,475.616455,-29.054028
2026-08-25T19:22:52.747-04:00,476.074219,-41.329170
2026-08-25T19:22:52.747-04:00,476.531982,-31.057331
2026-08-25T19:22:52.747-04:00,476.989746,-29.104864
2026-08-25T19:22:52.747-04:00,477.447510,-26.413883
2026-08-25T19:22:52.747-04:00,477.905273,-24.502001
2026-08-25T19:22:52.747-04:00,478.363037,-24.859234
2026-08-25T19:22:52.747-04:00,478.820801,-26.606262
2026-08-25T19:22:52.747-04:00,479.278564,-28.720886
2026-08-25T19:22:52.747-04:00,479.736328,-25.349932
2026-08-25T19:22:52.747-04:00,480.194092,-22.196081
2026-08-25T19:22:52.747-04:00,480.651855,-23.109661
2026-08-25T19:22:52.747-04:00,481.109619,-25.820894
2026-08-25T19:22:52.747-04:00,481.567383,-28.457138
2026-08-25T19:22:52.747-04:00,482.025146,-32.713932
2026-08-25T19:22:52.747-04:00,482.482910,-32.546265
2026-08-25T19:22:52.747-04:00,482.940674,-32.700371
2026-08-25T19:22:52.747-04:00,483.398438,-44.296707
2026-08-25T19:22:52.747-04:00,483.856201,-36.020573
2026-08-25T19:22:52.747-04:00,484.313965,-33.042530
2026-08-25T19:22:52.747-04:00,484.771729,-33.458572
2026-08-25T19:22:52.747-04:00,485.229492,-37.511543
2026-08-25T19:22:52.747-04:00,485.687256,-42.166771
2026-08-25T19:22:52.747-04:00,486.145020,-35.630543
2026-08-25T19:22:52.747-04:00,486.602783,-39.232925
2026-08-25T19:22:52.747-04:00,487.060547,-33.027809
2026-08-25T19:22:52.747-04:00,487.518311,-30.210745
2026-08-25T19:22:52.747-04:00,487.976074,-33.164982
2026-08-25T19:22:52.747-04:00,488.433838,-38.302738
2026-08-25T19:22:52.747-04:00,488.891602,-30.465919
2026-08-25T19:22:52.747-04:00,489.349365,-25.012028
2026-08-25T19:22:52.747-04:00,489.807129,-20.750530
2026-08-25T19:22:52.747-04:00,490.264893,-18.827333
2026-08-25T19:22:52.747-04:00,490.722656,-19.805891
2026-08-25T19:22:52.747-04:00,491.180420,-23.276293
2026-08-25T19:22:52.747-04:00,491.638184,-27.556332
2026-08-25T19:22:52.747-04:00,492.095947,-26.566801
2026-08-25T19:22:52.747-04:00,492.553711,-23.328640
2026-08-25T19:22:52.747-04:00,493.011475,-23.466013
2026-08-25T19:22:52.747-04:00,493.469238,-25.961630
2026-08-25T19:22:52.747-04:00,493.927002,-27.506496
2026-08-25T19:22:52.747-04:00,494.384766,-32.131432
2026-08-25T19:22:52.747-04:00,494.842529,-39.277416
2026-08-25T19:22:52.747-04:00,495.300293,-33.093266
2026-08-25T19:22:52.747-04:00,495.758057,-26.224831
2026-08-25T19:22:52.747-04:00,496.215820,-26.223671
2026-08-25T19:22:52.747-04:00,496.673584,-27.318512
2026-08-25T19:22:52.747-04:00,497.131348,-31.545612
2026-08-25T19:22:52.747-04:00,497.589111,-38.582806
2026-08-25T19:22:52.747-04:00,498.046875,-37.274757
2026-08-25T19:22:52.747-04:00,498.504639,-31.353674
2026-08-25T19:22:52.747-04:00,498.962402,-44.563297
2026-08-25T19:22:52.747-04:00,499.420166,-33.322300
2026-08-25T19:22:52.747-04:00,499.877930,-29.988438
2026-08-25T19:22:52.747-04:00,500.335693,-31.155338
2026-08-25T19:22:52.747-04:00,500.793457,-40.029255
2026-08-25T19:22:52.747-04:00,501.251221,-27.466448
2026-08-25T19:22:52.747-04:00,501.708984,-27.356773
2026-08-25T19:22:52.747-04:00,502.166748,-31.856907
2026-08-25T19:22:52.747-04:00,502.624512,-29.085815
2026-08-25T19:22:52.747-04:00,503.082275,-27.569244
2026-08-25T19:22:52.747-04:00,503.540039,-32.285988
2026-08-25T19:22:52.747-04:00,503.997803,-37.816200
2026-08-25T19:22:52.747-04:00,504.455566,-31.605804
2026-08-25T19:22:52.747-04:00,504.913330,-27.595987
2026-08-25T19:22:52.747-04:00,505.371094,-27.493130
2026-08-25T19:22:52.747-04:00,505.828857,-36.958832
2026-08-25T19:22:52.747-04:00,506.286621,-38.155792
2026-08-25T19:22:52.747-04:00,506.744385,-33.171715
2026-08-25T19:22:52.747-04:00,507.202148,-31.654556
2026-08-25T19:22:52.747-04:00,507.659912,-28.198509
2026-08-25T19:22:52.747-04:00,508.117676,-26.243238
2026-08-25T19:22:52.747-04:00,508.575439,-27.283810
2026-08-25T19:22:52.747-04:00,509.033203,-28.909847
2026-08-25T19:22:52.747-04:00,509.490967,-28.915695
2026-08-25T19:22:52.747-04:00,509.948730,-27.875891
2026-08-25T19:22:52.747-04:00,510.406494,-27.970444
2026-08-25T19:22:52.747-04:00,510.864258,-31.570538
2026-08-25T19:22:52.747-04:00,511.322021,-33.367252
2026-08-25T19:22:52.747-04:00,511.779785,-28.008442
2026-08-25T19:22:52.747-04:00,512.237549,-27.464203
2026-08-25T19:22:52.747-04:00,512.695312,-33.756432
2026-08-25T19:22:52.747-04:00,513.153076,-30.276947
2026-08-25T19:22:52.747-04:00,513.610840,-25.892487
2026-08-25T19:22:52.747-04:00,514.068604,-27.478922
2026-08-25T19:22:52.747-04:00,514.526367,-26.764992
2026-08-25T19:22:52.747-04:00,514.984131,-26.147289
2026-08-25T19:22:52.747-04:00,515.441895,-23.338249
2026-08-25T19:22:52.747-04:00,515.899658,-20.928478
2026-08-25T19:22:52.747-04:00,516.357422,-20.728493
2026-08-25T19:22:52.747-04:00,516.815186,-22.113630
2026-08-25T19:22:52.747-04:00,517.272949,-24.304565
2026-08-25T19:22:52.747-04:00,517.730713,-26.274290
2026-08-25T19:22:52.747-04:00,518.188477,-28.588558
2026-08-25T19:22:52.747-04:00,518.646240,-29.324429
2026-08-25T19:22:52.747-04:00,519.104004,-29.460632
2026-08-25T19:22:52.747-04:00,519.561768,-30.130993
2026-08-25T19:22:52.747-04:00,520.019531,-27.729488
2026-08-25T19:22:52.747-04:00,520.477295,-26.895668
2026-08-25T19:22:52.747-04:00,520.935059,-25.726120
2026-08-25T19:22:52.747-04:00,521.392822,-24.585428
2026-08-25T19:22:52.747-04:00,521.850586,-26.759605
2026-08-25T19:22:52.747-04:00,522.308350,-37.071678
2026-08-25T19:22:52.747-04:00,522.766113,-40.143375
2026-08-25T19:22:52.747-04:00,523.223877,-35.677444
2026-08-25T19:22:52.747-04:00,523.681641,-29.271305
2026-08-25T19:22:52.747-04:00,524.139404,-34.849129
2026-08-25T19:22:52.747-04:00,524.597168,-34.700657
2026-08-25T19:22:52.747-04:00,525.054932,-29.745609
2026-08-25T19:22:52.747-04:00,525.512695,-31.182507
2026-08-25T19:22:52.747-04:00,525.970459,-24.176647
2026-08-25T19:22:52.747-04:00,526.428223,-22.812710
2026-08-25T19:22:52.747-04:00,526.885986,-24.043634
2026-08-25T19:22:52.747-04:00,527.343750,-25.173990
2026-08-25T19:22:52.747-04:00,527.801514,-23.593340
2026-08-25T19:22:52.747-04:00,528.259277,-21.599110
2026-08-25T19:22:52.747-04:00,528.717041,-22.952806
2026-08-25T19:22:52.747-04:00,529.174805,-28.674623
2026-08-25T19:22:52.747-04:00,529.632568,-31.129284
2026-08-25T19:22:52.747-04:00,530.090332,-29.023983
2026-08-25T19:22:52.747-04:00,530.548096,-30.268372
2026-08-25T19:22:52.747-04:00,531.005859,-30.236149
2026-08-25T19:22:52.747-04:00,531.463623,-29.701727
2026-08-25T19:22:52.747-04:00,531.921387,-30.402164
2026-08-25T19:22:52.747-04:00,532.379150,-33.022091
2026-08-25T19:22:52.747-04:00,532.836914,-34.542133
2026-08-25T19:22:52.747-04:00,533.294678,-32.098598
2026-08-25T19:22:52.747-04:00,533.752441,-34.914562
2026-08-25T19:22:52.747-04:00,534.210205,-27.697811
2026-08-25T19:22:52.747-04:00,534.667969,-24.702005
2026-08-25T19:22:52.747-04:00,535.125732,-25.678785
2026-08-25T19:22:52.747-04:00,535.583496,-28.147459
2026-08-25T19:22:52.747-04:00,536.041260,-33.598579
2026-08-25T19:22:52.747-04:00,536.499023,-41.010593
2026-08-25T19:22:52.747-04:00,536.956787,-35.120998
2026-08-25T19:22:52.747-04:00,537.414551,-30.382500
2026-08-25T19:22:52.747-04:00,537.872314,-26.247311
2026-08-25T19:22:52.747-04:00,538.330078,-24.656580
2026-08-25T19:22:52.747-04:00,538.787842,-26.689463
2026-08-25T19:22:52.747-04:00,539.245605,-24.328260
2026-08-25T19:22:52.747-04:00,539.703369,-23.112064
2026-08-25T19:22:52.747-04:00,540.161133,-22.997198
2026-08-25T19:22:52.747-04:00,540.618896,-24.418304
2026-08-25T19:22:52.747-04:00,541.076660,-25.536438
2026-08-25T19:22:52.747-04:00,541.534424,-22.552988
2026-08-25T19:22:52.747-04:00,541.992188,-21.307667
2026-08-25T19:22:52.747-04:00,542.449951,-24.661545
2026-08-25T19:22:52.747-04:00,542.907715,-31.367434
2026-08-25T19:22:52.747-04:00,543.365479,-29.919346
2026-08-25T19:22:52.747-04:00,543.823242,-24.846228
2026-08-25T19:22:52.747-04:00,544.281006,-23.768684
2026-08-25T19:22:52.747-04:00,544.738770,-25.437111
2026-08-25T19:22:52.747-04:00,545.196533,-27.981722
2026-08-25T19:22:52.747-04:00,545.654297,-32.448963
2026-08-25T19:22:52.747-04:00,546.112061,-32.343487
2026-08-25T19:22:52.747-04:00,546.569824,-36.453594
2026-08-25T19:22:52.747-04:00,547.027588,-43.883495
2026-08-25T19:22:52.747-04:00,547.485352,-35.812729
2026-08-25T19:22:52.747-04:00,547.943115,-39.166374
2026-08-25T19:22:52.747-04:00,548.400879,-29.145134
2026-08-25T19:22:52.747-04:00,548.858643,-25.332739
2026-08-25T19:22:52.747-04:00,549.316406,-27.810448
2026-08-25T19:22:52.747-04:00,549.774170,-38.253651
2026-08-25T19:22:52.747-04:00,550.231934,-42.896690
2026-08-25T19:22:52.747-04:00,550.689697,-36.448280
2026-08-25T19:22:52.747-04:00,551.147461,-35.173809
2026-08-25T19:22:52.747-04:00,551.605225,-35.990154
2026-08-25T19:22:52.747-04:00,552.062988,-48.992462
2026-08-25T19:22:52.747-04:00,552.520752,-33.793571
2026-08-25T19:22:52.747-04:00,552.978516,-29.891537
2026-08-25T19:22:52.747-04:00,553.436279,-27.423466
2026-08-25T19:22:52.747-04:00,553.894043,-24.857368
2026-08-25T19:22:52.747-04:00,554.351807,-25.642220
2026-08-25T19:22:52.747-04:00,554.809570,-25.205992
2026-08-25T19:22:52.747-04:00,555.267334,-24.892067
2026-08-25T19:22:52.747-04:00,555.725098,-29.506491
2026-08-25T19:22:52.747-04:00,556.182861,-33.165375
2026-08-25T19:22:52.747-04:00,556.640625,-31.397913
2026-08-25T19:22:52.747-04:00,557.098389,-30.715107
2026-08-25T19:22:52.747-04:00,557.556152,-24.072142
2026-08-25T19:22:52.747-04:00,558.013916,-20.914524
2026-08-25T19:22:52.747-04:00,558.471680,-21.508884
2026-08-25T19:22:52.747-04:00,558.929443,-23.599419
2026-08-25T19:22:52.747-04:00,559.387207,-24.923742
2026-08-25T19:22:52.747-04:00,559.844971,-24.706703
2026-08-25T19:22:52.747-04:00,560.302734,-24.431538
2026-08-25T19:22:52.747-04:00,560.760498,-26.411638
2026-08-25T19:22:52.747-04:00,561.218262,-28.673937
2026-08-25T19:22:52.747-04:00,561.676025,-29.114561
2026-08-25T19:22:52.747-04:00,562.133789,-30.659630
2026-08-25T19:22:52.747-04:00,562.591553,-33.461018
2026-08-25T19:22:52.747-04:00,563.049316,-34.804466
2026-08-25T19:22:52.747-04:00,563.507080,-26.286066
2026-08-25T19:22:52.747-04:00,563.964844,-24.636826
2026-08-25T19:22:52.747-04:00,564.422607,-28.442505
2026-08-25T19:22:52.747-04:00,564.880371,-37.302570
2026-08-25T19:22:52.747-04:00,565.338135,-34.086086
2026-08-25T19:22:52.747-04:00,565.795898,-32.924034
2026-08-25T19:22:52.747-04:00,566.253662,-26.543674
2026-08-25T19:22:52.747-04:00,566.711426,-26.770969
2026-08-25T19:22:52.747-04:00,567.169189,-39.871548
2026-08-25T19:22:52.747-04:00,567.626953,-29.782578
2026-08-25T19:22:52.747-04:00,568.084717,-30.223429
2026-08-25T19:22:52.747-04:00,568.542480,-37.248211
2026-08-25T19:22:52.747-04:00,569.000244,-32.695839
2026-08-25T19:22:52.747-04:00,569.458008,-27.634388
2026-08-25T19:22:52.747-04:00,569.915771,-25.018885
2026-08-25T19:22:52.747-04:00,570.373535,-25.891857
2026-08-25T19:22:52.747-04:00,570.831299,-28.221226
2026-08-25T19:22:52.747-04:00,571.289062,-25.125870
2026-08-25T19:22:52.747-04:00,571.746826,-21.139372
2026-08-25T19:22:52.747-04:00,572.204590,-20.501904
2026-08-25T19:22:52.747-04:00,572.662354,-23.265461
2026-08-25T19:22:52.747-04:00,573.120117,-26.608871
2026-08-25T19:22:52.747-04:00,573.577881,-28.714474
2026-08-25T19:22:52.747-04:00,574.035645,-31.093843
2026-08-25T19:22:52.747-04:00,574.493408,-32.919930
2026-08-25T19:22:52.747-04:00,574.951172,-36.323875
2026-08-25T19:22:52.747-04:00,575.408936,-42.949127
2026-08-25T19:22:52.747-04:00,575.866699,-37.690300
2026-08-25T19:22:52.747-04:00,576.324463,-34.348953
2026-08-25T19:22:52.747-04:00,576.782227,-35.171017
2026-08-25T19:22:52.747-04:00,577.239990,-35.823181
2026-08-25T19:22:52.747-04:00,577.697754,-25.742777
2026-08-25T19:22:52.747-04:00,578.155518,-21.324963
2026-08-25T19:22:52.747-04:00,578.613281,-21.853876
2026-08-25T19:22:52.747-04:00,579.071045,-25.007544
2026-08-25T19:22:52.747-04:00,579.528809,-32.804073
2026-08-25T19:22:52.747-04:00,579.986572,-33.802048
2026-08-25T19:22:52.747-04:00,580.444336,-38.013275
2026-08-25T19:22:52.747-04:00,580.902100,-33.139473
2026-08-25T19:22:52.747-04:00,581.359863,-32.462685
2026-08-25T19:22:52.747-04:00,581.817627,-36.260765
2026-08-25T19:22:52.747-04:00,582.275391,-28.551950
2026-08-25T19:22:52.747-04:00,582.733154,-28.737280
2026-08-25T19:22:52.747-04:00,583.190918,-37.027664
2026-08-25T19:22:52.747-04:00,583.648682,-25.568617
2026-08-25T19:22:52.747-04:00,584.106445,-28.805443
2026-08-25T19:22:52.747-04:00,584.564209,-27.341286
2026-08-25T19:22:52.747-04:00,585.021973,-22.466686
2026-08-25T19:22:52.747-04:00,585.479736,-22.575142
2026-08-25T19:22:52.747-04:00,585.937500,-24.575474
2026-08-25T19:22:52.747-04:00,586.395264,-27.158230
2026-08-25T19:22:52.747-04:00,586.853027,-29.498415
2026-08-25T19:22:52.747-04:00,587.310791,-29.116724
2026-08-25T19:22:52.747-04:00,587.768555,-29.150627
2026-08-25T19:22:52.747-04:00,588.226318,-24.294144
2026-08-25T19:22:52.747-04:00,588.684082,-22.790747
2026-08-25T19:22:52.747-04:00,589.141846,-25.761187
2026-08-25T19:22:52.747-04:00,589.599609,-29.105911
2026-08-25T19:22:52.747-04:00,590.057373,-29.231133
2026-08-25T19:22:52.747-04:00,590.515137,-27.832146
2026-08-25T19:22:52.747-04:00,590.972900,-24.094460
2026-08-25T19:22:52.747-04:00,591.430664,-20.136292
2026-08-25T19:22:52.747-04:00,591.888428,-18.526018
2026-08-25T19:22:52.747-04:00,592.346191,-18.309843
2026-08-25T19:22:52.747-04:00,592.803955,-19.475248
2026-08-25T19:22:52.747-04:00,593.261719,-21.646605
2026-08-25T19:22:52.747-04:00,593.719482,-23.043451
2026-08-25T19:22:52.747-04:00,594.177246,-24.976665
2026-08-25T19:22:52.747-04:00,594.635010,-29.447784
2026-08-25T19:22:52.747-04:00,595.092773,-36.588005
2026-08-25T19:22:52.747-04:00,595.550537,-49.605408
2026-08-25T19:22:52.747-04:00,596.008301,-39.463188
2026-08-25T19:22:52.747-04:00,596.466064,-34.087250
2026-08-25T19:22:52.747-04:00,596.923828,-32.767479
2026-08-25T19:22:52.747-04:00,597.381592,-31.726521
2026-08-25T19:22:52.747-04:00,597.839355,-31.877832
2026-08-25T19:22:52.747-04:00,598.297119,-32.995201
2026-08-25T19:22:52.747-04:00,598.754883,-29.895638
2026-08-25T19:22:52.747-04:00,599.212646,-41.575603
2026-08-25T19:22:52.747-04:00,599.670410,-26.348648
2026-08-25T19:22:52.747-04:00,600.128174,-24.835896
2026-08-25T19:22:52.747-04:00,600.585938,-29.314939
2026-08-25T19:22:52.747-04:00,601.043701,-36.133991
2026-08-25T19:22:52.747-04:00,601.501465,-37.034573
2026-08-25T19:22:52.747-04:00,601.959229,-46.780682
2026-08-25T19:22:52.747-04:00,602.416992,-35.815956
2026-08-25T19:22:52.747-04:00,602.874756,-30.918476
2026-08-25T19:22:52.747-04:00,603.332520,-31.733166
2026-08-25T19:22:52.747-04:00,603.790283,-28.083046
2026-08-25T19:22:52.747-04:00,604.248047,-23.753262
2026-08-25T19:22:52.747-04:00,604.705811,-24.246273
2026-08-25T19:22:52.747-04:00,605.163574,-27.960016
2026-08-25T19:22:52.747-04:00,605.621338,-23.244480
2026-08-25T19:22:52.747-04:00,606.079102,-21.944464
2026-08-25T19:22:52.747-04:00,606.536865,-23.522205
2026-08-25T19:22:52.747-04:00,606.994629,-24.838917
2026-08-25T19:22:52.747-04:00,607.452393,-26.934626
2026-08-25T19:22:52.747-04:00,607.910156,-27.795471
2026-08-25T19:22:52.747-04:00,608.367920,-24.637106
2026-08-25T19:22:52.747-04:00,608.825684,-20.769835
2026-08-25T19:22:52.747-04:00,609.283447,-20.862179
2026-08-25T19:22:52.747-04:00,609.741211,-27.460793
2026-08-25T19:22:52.747-04:00,610.198975,-37.869183
2026-08-25T19:22:52.747-04:00,610.656738,-28.149513
2026-08-25T19:22:52.747-04:00,611.114502,-21.893999
2026-08-25T19:22:52.747-04:00,611.572266,-23.252964
2026-08-25T19:22:52.747-04:00,612.030029,-29.890221
2026-08-25T19:22:52.747-04:00,612.487793,-34.504257
2026-08-25T19:22:52.747-04:00,612.945557,-33.843185
2026-08-25T19:22:52.747-04:00,613.403320,-39.904270
2026-08-25T19:22:52.747-04:00,613.861084,-35.121521
2026-08-25T19:22:52.747-04:00,614.318848,-34.159538
2026-08-25T19:22:52.747-04:00,614.776611,-43.621254
2026-08-25T19:22:52.747-04:00,615.234375,-56.724663
2026-08-25T19:22:52.747-04:00,615.692139,-37.148239
2026-08-25T19:22:52.747-04:00,616.149902,-37.029652
2026-08-25T19:22:52.747-04:00,616.607666,-36.893837
2026-08-25T19:22:52.747-04:00,617.065430,-30.217836
2026-08-25T19:22:52.747-04:00,617.523193,-24.493168
2026-08-25T19:22:52.747-04:00,617.980957,-22.270443
2026-08-25T19:22:52.747-04:00,618.438721,-25.104277
2026-08-25T19:22:52.747-04:00,618.896484,-26.338396
2026-08-25T19:22:52.747-04:00,619.354248,-24.747831
2026-08-25T19:22:52.747-04:00,619.812012,-25.637474
2026-08-25T19:22:52.747-04:00,620.269775,-25.454933
2026-08-25T19:22:52.747-04:00,620.727539,-24.630239
2026-08-25T19:22:52.747-04:00,621.185303,-26.229359
2026-08-25T19:22:52.747-04:00,621.643066,-26.680447
2026-08-25T19:22:52.747-04:00,622.100830,-26.140947
2026-08-25T19:22:52.747-04:00,622.558594,-29.990446
2026-08-25T19:22:52.747-04:00,623.016357,-26.863243
2026-08-25T19:22:52.747-04:00,623.474121,-28.213902
2026-08-25T19:22:52.747-04:00,623.931885,-35.541836
2026-08-25T19:22:52.747-04:00,624.389648,-40.559235
2026-08-25T19:22:52.747-04:00,624.847412,-42.173241
2026-08-25T19:22:52.747-04:00,625.305176,-32.589436
2026-08-25T19:22:52.747-04:00,625.762939,-27.360661
2026-08-25T19:22:52.747-04:00,626.220703,-25.951252
2026-08-25T19:22:52.747-04:00,626.678467,-25.963303
2026-08-25T19:22:52.747-04:00,627.136230,-25.755474
2026-08-25T19:22:52.747-04:00,627.593994,-25.197639
2026-08-25T19:22:52.747-04:00,628.051758,-27.702446
2026-08-25T19:22:52.747-04:00,628.509521,-33.240761
2026-08-25T19:22:52.747-04:00,628.967285,-32.467720
2026-08-25T19:22:52.747-04:00,629.425049,-27.790251
2026-08-25T19:22:52.747-04:00,629.882812,-26.877548
2026-08-25T19:22:52.747-04:00,630.340576,-31.332386
2026-08-25T19:22:52.747-04:00,630.798340,-32.450356
2026-08-25T19:22:52.747-04:00,631.256104,-27.112446
2026-08-25T19:22:52.747-04:00,631.713867,-26.133987
2026-08-25T19:22:52.747-04:00,632.171631,-23.737358
2026-08-25T19:22:52.747-04:00,632.629395,-22.476299
2026-08-25T19:22:52.747-04:00,633.087158,-23.505360
2026-08-25T19:22:52.747-04:00,633.544922,-25.824478
2026-08-25T19:22:52.747-04:00,634.002686,-25.661839
2026-08-25T19:22:52.747-04:00,634.460449,-26.416653
2026-08-25T19:22:52.747-04:00,634.918213,-32.998264
2026-08-25T19:22:52.747-04:00,635.375977,-31.494703
2026-08-25T19:22:52.747-04:00,635.833740,-28.423874
2026-08-25T19:22:52.747-04:00,636.291504,-27.852087
2026-08-25T19:22:52.747-04:00,636.749268,-25.897150
2026-08-25T19:22:52.747-04:00,637.207031,-26.551613
2026-08-25T19:22:52.747-04:00,637.664795,-32.902588
2026-08-25T19:22:52.747-04:00,638.122559,-37.896946
2026-08-25T19:22:52.747-04:00,638.580322,-38.273224
2026-08-25T19:22:52.747-04:00,639.038086,-29.738651
2026-08-25T19:22:52.747-04:00,639.495850,-27.725132
2026-08-25T19:22:52.747-04:00,639.953613,-26.046877
2026-08-25T19:22:52.747-04:00,640.411377,-26.957495
2026-08-25T19:22:52.747-04:00,640.869141,-32.653519
2026-08-25T19:22:52.747-04:00,641.326904,-34.947975
2026-08-25T19:22:52.747-04:00,641.784668,-27.486391
2026-08-25T19:22:52.747-04:00,642.242432,-21.774784
2026-08-25T19:22:52.747-04:00,642.700195,-21.302435
2026-08-25T19:22:52.747-04:00,643.157959,-24.444304
2026-08-25T19:22:52.747-04:00,643.615723,-27.552589
2026-08-25T19:22:52.747-04:00,644.073486,-29.451851
2026-08-25T19:22:52.747-04:00,644.531250,-37.536819
2026-08-25T19:22:52.747-04:00,644.989014,-33.748444
2026-08-25T19:22:52.747-04:00,645.446777,-26.490343
2026-08-25T19:22:52.747-04:00,645.904541,-23.411676
2026-08-25T19:22:52.747-04:00,646.362305,-27.128420
2026-08-25T19:22:52.747-04:00,646.820068,-37.629219
2026-08-25T19:22:52.747-04:00,647.277832,-28.037239
2026-08-25T19:22:52.747-04:00,647.735596,-27.252495
2026-08-25T19:22:52.747-04:00,648.193359,-25.990093
2026-08-25T19:22:52.747-04:00,648.651123,-25.858250
2026-08-25T19:22:52.747-04:00,649.108887,-28.206394
2026-08-25T19:22:52.747-04:00,649.566650,-30.803791
2026-08-25T19:22:52.747-04:00,650.024414,-32.040531
2026-08-25T19:22:52.747-04:00,650.482178,-29.604900
2026-08-25T19:22:52.747-04:00,650.939941,-27.131985
2026-08-25T19:22:52.747-04:00,651.397705,-27.949400
2026-08-25T19:22:52.747-04:00,651.855469,-28.889406
2026-08-25T19:22:52.747-04:00,652.313232,-27.919254
2026-08-25T19:22:52.747-04:00,652.770996,-27.264555
2026-08-25T19:22:52.747-04:00,653.228760,-27.551859
2026-08-25T19:22:52.747-04:00,653.686523,-28.865635
2026-08-25T19:22:52.747-04:00,654.144287,-29.065466
2026-08-25T19:22:52.747-04:00,654.602051,-31.537045
2026-08-25T19:22:52.747-04:00,655.059814,-27.562151
2026-08-25T19:22:52.747-04:00,655.517578,-23.780272
2026-08-25T19:22:52.747-04:00,655.975342,-22.019501
2026-08-25T19:22:52.747-04:00,656.433105,-23.624287
2026-08-25T19:22:52.747-04:00,656.890869,-30.307539
2026-08-25T19:22:52.747-04:00,657.348633,-38.203152
2026-08-25T19:22:52.747-04:00,657.806396,-43.880901
2026-08-25T19:22:52.747-04:00,658.264160,-43.395039
2026-08-25T19:22:52.747-04:00,658.721924,-28.704872
2026-08-25T19:22:52.747-04:00,659.179688,-26.535648
2026-08-25T19:22:52.747-04:00,659.637451,-29.013281
2026-08-25T19:22:52.747-04:00,660.095215,-26.813175
2026-08-25T19:22:52.747-04:00,660.552979,-25.283516
2026-08-25T19:22:52.747-04:00,661.010742,-25.480247
2026-08-25T19:22:52.747-04:00,661.468506,-25.819340
2026-08-25T19:22:52.747-04:00,661.926270,-26.472235
2026-08-25T19:22:52.747-04:00,662.384033,-26.440453
2026-08-25T19:22:52.747-04:00,662.841797,-26.129215
2026-08-25T19:22:52.747-04:00,663.299561,-25.913670
2026-08-25T19:22:52.747-04:00,663.757324,-26.584339
2026-08-25T19:22:52.747-04:00,664.215088,-24.762659
2026-08-25T19:22:52.747-04:00,664.672852,-22.897266
2026-08-25T19:22:52.747-04:00,665.130615,-24.694757
2026-08-25T19:22:52.747-04:00,665.588379,-28.938303
2026-08-25T19:22:52.747-04:00,666.046143,-28.807047
2026-08-25T19:22:52.747-04:00,666.503906,-27.572788
2026-08-25T19:22:52.747-04:00,666.961670,-28.767796
2026-08-25T19:22:52.747-04:00,667.419434,-28.781704
2026-08-25T19:22:52.747-04:00,667.877197,-27.898809
2026-08-25T19:22:52.747-04:00,668.334961,-28.834431
2026-08-25T19:22:52.747-04:00,668.792725,-31.269466
2026-08-25T19:22:52.747-04:00,669.250488,-33.732372
2026-08-25T19:22:52.747-04:00,669.708252,-32.251862
2026-08-25T19:22:52.747-04:00,670.166016,-27.449894
2026-08-25T19:22:52.747-04:00,670.623779,-25.740047
2026-08-25T19:22:52.747-04:00,671.081543,-26.777466
2026-08-25T19:22:52.747-04:00,671.539307,-29.241081
2026-08-25T19:22:52.747-04:00,671.997070,-28.095875
2026-08-25T19:22:52.747-04:00,672.454834,-25.261057
2026-08-25T19:22:52.747-04:00,672.912598,-25.039293
2026-08-25T19:22:52.747-04:00,673.370361,-26.003515
2026-08-25T19:22:52.747-04:00,673.828125,-26.915260
2026-08-25T19:22:52.747-04:00,674.285889,-28.150957
2026-08-25T19:22:52.747-04:00,674.743652,-28.321516
2026-08-25T19:22:52.747-04:00,675.201416,-27.009922
2026-08-25T19:22:52.747-04:00,675.659180,-24.860558
2026-08-25T19:22:52.747-04:00,676.116943,-24.526579
2026-08-25T19:22:52.747-04:00,676.574707,-26.820068
2026-08-25T19:22:52.747-04:00,677.032471,-34.442017
2026-08-25T19:22:52.747-04:00,677.490234,-37.017666
2026-08-25T19:22:52.747-04:00,677.947998,-37.079430
2026-08-25T19:22:52.747-04:00,678.405762,-30.733988
2026-08-25T19:22:52.747-04:00,678.863525,-27.061319
2026-08-25T19:22:52.747-04:00,679.321289,-25.358368
2026-08-25T19:22:52.747-04:00,679.779053,-26.017973
2026-08-25T19:22:52.747-04:00,680.236816,-29.680407
2026-08-25T19:22:52.747-04:00,680.694580,-31.635345
2026-08-25T19:22:52.747-04:00,681.152344,-34.957901
2026-08-25T19:22:52.747-04:00,681.610107,-30.671242
2026-08-25T19:22:52.747-04:00,682.067871,-24.641750
2026-08-25T19:22:52.747-04:00,682.525635,-20.644783
2026-08-25T19:22:52.747-04:00,682.983398,-20.649183
2026-08-25T19:22:52.747-04:00,683.441162,-23.431852
2026-08-25T19:22:52.747-04:00,683.898926,-25.878534
2026-08-25T19:22:52.747-04:00,684.356689,-27.528017
2026-08-25T19:22:52.747-04:00,684.814453,-27.667576
2026-08-25T19:22:52.747-04:00,685.272217,-30.066271
2026-08-25T19:22:52.747-04:00,685.729980,-34.114105
2026-08-25T19:22:52.747-04:00,686.187744,-33.906013
2026-08-25T19:22:52.747-04:00,686.645508,-27.420904
2026-08-25T19:22:52.747-04:00,687.103271,-24.058722
2026-08-25T19:22:52.747-04:00,687.561035,-23.337883
2026-08-25T19:22:52.747-04:00,688.018799,-22.578993
2026-08-25T19:22:52.747-04:00,688.476562,-24.878757
2026-08-25T19:22:52.747-04:00,688.934326,-28.013098
2026-08-25T19:22:52.747-04:00,689.392090,-28.166359
2026-08-25T19:22:52.747-04:00,689.849854,-27.934618
2026-08-25T19:22:52.747-04:00,690.307617,-26.165159
2026-08-25T19:22:52.747-04:00,690.765381,-27.933918
2026-08-25T19:22:52.747-04:00,691.223145,-31.234184
2026-08-25T19:22:52.747-04:00,691.680908,-30.252171
2026-08-25T19:22:52.747-04:00,692.138672,-30.649784
2026-08-25T19:22:52.747-04:00,692.596436,-32.717579
2026-08-25T19:22:52.747-04:00,693.054199,-33.809807
2026-08-25T19:22:52.747-04:00,693.511963,-30.351677
2026-08-25T19:22:52.747-04:00,693.969727,-36.360527
2026-08-25T19:22:52.747-04:00,694.427490,-35.834167
2026-08-25T19:22:52.747-04:00,694.885254,-34.141838
2026-08-25T19:22:52.747-04:00,695.343018,-42.328934
2026-08-25T19:22:52.747-04:00,695.800781,-31.098125
2026-08-25T19:22:52.747-04:00,696.258545,-32.316181
2026-08-25T19:22:52.747-04:00,696.716309,-28.916878
2026-08-25T19:22:52.747-04:00,697.174072,-27.218954
2026-08-25T19:22:52.747-04:00,697.631836,-28.144756
2026-08-25T19:22:52.747-04:00,698.089600,-26.432411
2026-08-25T19:22:52.747-04:00,698.547363,-26.818558
2026-08-25T19:22:52.747-04:00,699.005127,-26.528418
2026-08-25T19:22:52.747-04:00,699.462891,-23.395178
2026-08-25T19:22:52.747-04:00,699.920654,-20.744217
2026-08-25T19:22:52.747-04:00,700.378418,-21.933067
2026-08-25T19:22:52.747-04:00,700.836182,-24.675190
2026-08-25T19:22:52.747-04:00,701.293945,-24.318153
2026-08-25T19:22:52.747-04:00,701.751709,-23.521299
2026-08-25T19:22:52.747-04:00,702.209473,-24.458771
2026-08-25T19:22:52.747-04:00,702.667236,-26.964558
2026-08-25T19:22:52.747-04:00,703.125000,-27.967184
2026-08-25T19:22:52.747-04:00,703.582764,-24.665382
2026-08-25T19:22:52.747-04:00,704.040527,-20.989487
2026-08-25T19:22:52.747-04:00,704.498291,-20.819473
2026-08-25T19:22:52.747-04:00,704.956055,-25.441687
2026-08-25T19:22:52.747-04:00,705.413818,-26.614609
2026-08-25T19:22:52.747-04:00,705.871582,-24.473036
2026-08-25T19:22:52.747-04:00,706.329346,-30.021423
2026-08-25T19:22:52.747-04:00,706.787109,-31.605621
2026-08-25T19:22:52.747-04:00,707.244873,-26.992340
2026-08-25T19:22:52.747-04:00,707.702637,-26.613806
2026-08-25T19:22:52.747-04:00,708.160400,-27.862026
2026-08-25T19:22:52.747-04:00,708.618164,-29.062683
2026-08-25T19:22:52.747-04:00,709.075928,-28.922842
2026-08-25T19:22:52.747-04:00,709.533691,-26.964113
2026-08-25T19:22:52.747-04:00,709.991455,-23.944782
2026-08-25T19:22:52.747-04:00,710.449219,-27.939699
2026-08-25T19:22:52.747-04:00,710.906982,-35.983566
2026-08-25T19:22:52.747-04:00,711.364746,-27.281250
2026-08-25T19:22:52.747-04:00,711.822510,-30.725880
2026-08-25T19:22:52.747-04:00,712.280273,-36.636692
2026-08-25T19:22:52.747-04:00,712.738037,-32.660290
2026-08-25T19:22:52.747-04:00,713.195801,-29.097332
2026-08-25T19:22:52.747-04:00,713.653564,-26.847885
2026-08-25T19:22:52.747-04:00,714.111328,-26.035395
2026-08-25T19:22:52.747-04:00,714.569092,-26.639406
2026-08-25T19:22:52.747-04:00,715.026855,-26.783020
2026-08-25T19:22:52.747-04:00,715.484619,-26.376028
2026-08-25T19:22:52.747-04:00,715.942383,-24.853176
2026-08-25T19:22:52.747-04:00,716.400146,-23.728592
2026-08-25T19:22:52.747-04:00,716.857910,-22.322302
2026-08-25T19:22:52.747-04:00,717.315674,-22.154627
2026-08-25T19:22:52.747-04:00,717.773438,-22.690771
2026-08-25T19:22:52.747-04:00,718.231201,-25.785429
2026-08-25T19:22:52.747-04:00,718.688965,-29.415110
2026-08-25T19:22:52.747-04:00,719.146729,-25.590839
2026-08-25T19:22:52.747-04:00,719.604492,-24.192801
2026-08-25T19:22:52.747-04:00,720.062256,-31.453951
2026-08-25T19:22:52.747-04:00,720.520020,-28.851587
2026-08-25T19:22:52.747-04:00,720.977783,-28.677244
2026-08-25T19:22:52.747-04:00,721.435547,-36.075203
2026-08-25T19:22:52.747-04:00,721.893311,-36.605076
2026-08-25T19:22:52.747-04:00,722.351074,-41.717266
2026-08-25T19:22:52.747-04:00,722.808838,-35.966843
2026-08-25T19:22:52.747-04:00,723.266602,-29.710148
2026-08-25T19:22:52.747-04:00,723.724365,-28.227512
2026-08-25T19:22:52.747-04:00,724.182129,-26.732109
2026-08-25T19:22:52.747-04:00,724.639893,-26.137012
2026-08-25T19:22:52.747-04:00,725.097656,-29.157562
2026-08-25T19:22:52.747-04:00,725.555420,-33.438515
2026-08-25T19:22:52.747-04:00,726.013184,-30.152748
2026-08-25T19:22:52.747-04:00,726.470947,-28.324621
2026-08-25T19:22:52.747-04:00,726.928711,-24.834730
2026-08-25T19:22:52.747-04:00,727.386475,-25.747292
2026-08-25T19:22:52.747-04:00,727.844238,-38.075161
2026-08-25T19:22:52.747-04:00,728.302002,-32.641148
2026-08-25T19:22:52.747-04:00,728.759766,-31.916304
2026-08-25T19:22:52.747-04:00,729.217529,-26.248707
2026-08-25T19:22:52.747-04:00,729.675293,-25.846889
2026-08-25T19:22:52.747-04:00,730.133057,-31.180143
2026-08-25T19:22:52.747-04:00,730.590820,-28.825388
2026-08-25T19:22:52.747-04:00,731.048584,-33.275307
2026-08-25T19:22:52.747-04:00,731.506348,-39.276768
2026-08-25T19:22:52.747-04:00,731.964111,-39.196049
2026-08-25T19:22:52.747-04:00,732.421875,-32.822849
2026-08-25T19:22:52.747-04:00,732.879639,-28.157887
2026-08-25T19:22:52.747-04:00,733.337402,-28.481339
2026-08-25T19:22:52.747-04:00,733.795166,-33.924580
2026-08-25T19:22:52.747-04:00,734.252930,-43.124664
2026-08-25T19:22:52.747-04:00,734.710693,-38.709198
2026-08-25T19:22:52.747-04:00,735.168457,-30.466373
2026-08-25T19:22:52.747-04:00,735.626221,-30.236641
2026-08-25T19:22:52.747-04:00,736.083984,-31.986687
2026-08-25T19:22:52.747-04:00,736.541748,-33.760506
2026-08-25T19:22:52.747-04:00,736.999512,-38.715729
2026-08-25T19:22:52.747-04:00,737.457275,-31.860912
2026-08-25T19:22:52.747-04:00,737.915039,-40.741745
2026-08-25T19:22:52.747-04:00,738.372803,-28.144987
2026-08-25T19:22:52.747-04:00,738.830566,-22.177959
2026-08-25T19:22:52.747-04:00,739.288330,-21.207533
2026-08-25T19:22:52.747-04:00,739.746094,-23.005438
2026-08-25T19:22:52.747-04:00,740.203857,-28.150181
2026-08-25T19:22:52.747-04:00,740.661621,-37.028282
2026-08-25T19:22:52.747-04:00,741.119385,-37.158230
2026-08-25T19:22:52.747-04:00,741.577148,-28.185715
2026-08-25T19:22:52.747-04:00,742.034912,-24.301422
2026-08-25T19:22:52.747-04:00,742.492676,-25.419905
2026-08-25T19:22:52.747-04:00,742.950439,-28.326031
2026-08-25T19:22:52.747-04:00,743.408203,-30.222134
2026-08-25T19:22:52.747-04:00,743.865967,-29.471930
2026-08-25T19:22:52.747-04:00,744.323730,-28.041786
2026-08-25T19:22:52.747-04:00,744.781494,-36.362942
2026-08-25T19:22:52.747-04:00,745.239258,-30.977774
2026-08-25T19:22:52.747-04:00,745.697021,-31.236889
2026-08-25T19:22:52.747-04:00,746.154785,-35.976578
2026-08-25T19:22:52.747-04:00,746.612549,-28.602770
2026-08-25T19:22:52.747-04:00,747.070312,-32.630508
2026-08-25T19:22:52.747-04:00,747.528076,-43.196442
2026-08-25T19:22:52.747-04:00,747.985840,-31.017504
2026-08-25T19:22:52.747-04:00,748.443604,-29.568071
2026-08-25T19:22:52.747-04:00,748.901367,-32.173180
2026-08-25T19:22:52.747-04:00,749.359131,-27.680065
2026-08-25T19:22:52.747-04:00,749.816895,-25.443708
2026-08-25T19:22:52.747-04:00,750.274658,-26.619366
2026-08-25T19:22:52.747-04:00,750.732422,-29.312298
2026-08-25T19:22:52.747-04:00,751.190186,-25.134783
2026-08-25T19:22:52.747-04:00,751.647949,-21.715166
2026-08-25T19:22:52.747-04:00,752.105713,-22.071638
2026-08-25T19:22:52.747-04:00,752.563477,-26.637089
2026-08-25T19:22:52.747-04:00,753.021240,-37.024082
2026-08-25T19:22:52.747-04:00,753.479004,-27.124241
2026-08-25T19:22:52.747-04:00,753.936768,-26.316929
2026-08-25T19:22:52.747-04:00,754.394531,-29.771626
2026-08-25T19:22:52.747-04:00,754.852295,-27.040960
2026-08-25T19:22:52.747-04:00,755.310059,-24.614754
2026-08-25T19:22:52.747-04:00,755.767822,-24.538826
2026-08-25T19:22:52.747-04:00,756.225586,-24.873220
2026-08-25T19:22:52.747-04:00,756.683350,-25.108356
2026-08-25T19:22:52.747-04:00,757.141113,-22.793352
2026-08-25T19:22:52.747-04:00,757.598877,-21.702251
2026-08-25T19:22:52.747-04:00,758.056641,-23.267984
2026-08-25T19:22:52.747-04:00,758.514404,-23.931480
2026-08-25T19:22:52.747-04:00,758.972168,-22.806553
2026-08-25T19:22:52.747-04:00,759.429932,-23.931225
2026-08-25T19:22:52.747-04:00,759.887695,-29.369257
2026-08-25T19:22:52.747-04:00,760.345459,-34.139359
2026-08-25T19:22:52.747-04:00,760.803223,-25.284147
2026-08-25T19:22:52.747-04:00,761.260986,-24.571436
2026-08-25T19:22:52.747-04:00,761.718750,-26.902411
2026-08-25T19:22:52.747-04:00,762.176514,-26.724045
2026-08-25T19:22:52.747-04:00,762.634277,-23.440027
2026-08-25T19:22:52.747-04:00,763.092041,-22.073322
2026-08-25T19:22:52.747-04:00,763.549805,-25.710659
2026-08-25T19:22:52.747-04:00,764.007568,-54.808651
2026-08-25T19:22:52.747-04:00,764.465332,-34.160637
2026-08-25T19:22:52.747-04:00,764.923096,-32.083244
2026-08-25T19:22:52.747-04:00,765.380859,-32.114376
2026-08-25T19:22:52.747-04:00,765.838623,-39.602821
2026-08-25T19:22:52.747-04:00,766.296387,-32.762924
2026-08-25T19:22:52.747-04:00,766.754150,-34.036072
2026-08-25T19:22:52.747-04:00,767.211914,-27.984741
2026-08-25T19:22:52.747-04:00,767.669678,-26.181328
2026-08-25T19:22:52.747-04:00,768.127441,-24.225924
2026-08-25T19:22:52.747-04:00,768.585205,-25.941029
2026-08-25T19:22:52.747-04:00,769.042969,-32.359512
2026-08-25T19:22:52.747-04:00,769.500732,-31.153473
2026-08-25T19:22:52.747-04:00,769.958496,-27.435808
2026-08-25T19:22:52.747-04:00,770.416260,-27.559221
2026-08-25T19:22:52.747-04:00,770.874023,-27.199192
2026-08-25T19:22:52.747-04:00,771.331787,-30.997427
2026-08-25T19:22:52.747-04:00,771.789551,-42.486862
2026-08-25T19:22:52.747-04:00,772.247314,-36.028698
2026-08-25T19:22:52.747-04:00,772.705078,-35.507637
2026-08-25T19:22:52.747-04:00,773.162842,-39.120872
2026-08-25T19:22:52.747-04:00,773.620605,-37.020897
2026-08-25T19:22:52.747-04:00,774.078369,-30.730152
2026-08-25T19:22:52.747-04:00,774.536133,-30.933624
2026-08-25T19:22:52.747-04:00,774.993896,-30.106560
2026-08-25T19:22:52.747-04:00,775.451660,-27.396128
2026-08-25T19:22:52.747-04:00,775.909424,-25.267639
2026-08-25T19:22:52.747-04:00,776.367188,-24.445248
2026-08-25T19:22:52.747-04:00,776.824951,-24.122860
2026-08-25T19:22:52.747-04:00,777.282715,-25.610312
2026-08-25T19:22:52.747-04:00,777.740479,-29.723139
2026-08-25T19:22:52.747-04:00,778.198242,-23.898174
2026-08-25T19:22:52.747-04:00,778.656006,-20.706249
2026-08-25T19:22:52.747-04:00,779.113770,-21.206091
2026-08-25T19:22:52.747-04:00,779.571533,-23.377438
2026-08-25T19:22:52.747-04:00,780.029297,-25.122566
2026-08-25T19:22:52.747-04:00,780.487061,-25.470516
2026-08-25T19:22:52.747-04:00,780.944824,-26.261625
2026-08-25T19:22:52.747-04:00,781.402588,-29.074707
2026-08-25T19:22:52.747-04:00,781.860352,-29.498207
2026-08-25T19:22:52.747-04:00,782.318115,-25.168791
2026-08-25T19:22:52.747-04:00,782.775879,-24.359657
2026-08-25T19:22:52.747-04:00,783.233643,-29.257801
2026-08-25T19:22:52.747-04:00,783.691406,-31.817209
2026-08-25T19:22:52.747-04:00,784.149170,-31.928690
2026-08-25T19:22:52.747-04:00,784.606934,-36.717785
2026-08-25T19:22:52.747-04:00,785.064697,-25.409889
2026-08-25T19:22:52.747-04:00,785.522461,-24.146624
2026-08-25T19:22:52.747-04:00,785.980225,-29.411289
2026-08-25T19:22:52.747-04:00,786.437988,-42.136757
2026-08-25T19:22:52.747-04:00,786.895752,-39.889198
2026-08-25T19:22:52.747-04:00,787.353516,-31.323711
2026-08-25T19:22:52.747-04:00,787.811279,-25.389616
2026-08-25T19:22:52.747-04:00,788.269043,-26.228722
2026-08-25T19:22:52.747-04:00,788.726807,-26.868723
2026-08-25T19:22:52.747-04:00,789.184570,-27.291048
2026-08-25T19:22:52.747-04:00,789.642334,-31.253284
2026-08-25T19:22:52.747-04:00,790.100098,-30.903141
2026-08-25T19:22:52.747-04:00,790.557861,-27.712069
2026-08-25T19:22:52.747-04:00,791.015625,-24.503834
2026-08-25T19:22:52.747-04:00,791.473389,-23.276270
2026-08-25T19:22:52.747-04:00,791.931152,-23.781654
2026-08-25T19:22:52.747-04:00,792.388916,-25.608166
2026-08-25T19:22:52.747-04:00,792.846680,-29.500696
2026-08-25T19:22:52.747-04:00,793.304443,-28.503540
2026-08-25T19:22:52.747-04:00,793.762207,-22.613848
2026-08-25T19:22:52.747-04:00,794.219971,-22.233273
2026-08-25T19:22:52.747-04:00,794.677734,-27.388016
2026-08-25T19:22:52.747-04:00,795.135498,-41.495705
2026-08-25T19:22:52.747-04:00,795.593262,-32.000938
2026-08-25T19:22:52.747-04:00,796.051025,-25.799923
2026-08-25T19:22:52.747-04:00,796.508789,-26.507109
2026-08-25T19:22:52.747-04:00,796.966553,-28.314602
2026-08-25T19:22:52.747-04:00,797.424316,-26.246212
2026-08-25T19:22:52.747-04:00,797.882080,-25.541037
2026-08-25T19:22:52.747-04:00,798.339844,-29.031572
2026-08-25T19:22:52.747-04:00,798.797607,-36.573250
2026-08-25T19:22:52.747-04:00,799.255371,-38.826164
2026-08-25T19:22:52.747-04:00,799.713135,-31.199341
2026-08-25T19:22:52.747-04:00,800.170898,-29.253693
2026-08-25T19:22:52.747-04:00,800.628662,-30.460432
2026-08-25T19:22:52.747-04:00,801.086426,-33.912312
2026-08-25T19:22:52.747-04:00,801.544189,-36.541397
2026-08-25T19:22:52.747-04:00,802.001953,-33.781822
2026-08-25T19:22:52.747-04:00,802.459717,-35.987770
2026-08-25T19:22:52.747-04:00,802.917480,-30.785988
2026-08-25T19:22:52.747-04:00,803.375244,-27.330885
2026-08-25T19:22:52.747-04:00,803.833008,-25.568924
2026-08-25T19:22:52.747-04:00,804.290771,-23.907272
2026-08-25T19:22:52.747-04:00,804.748535,-23.475941
2026-08-25T19:22:52.747-04:00,805.206299,-24.828003
2026-08-25T19:22:52.747-04:00,805.664062,-26.663206
2026-08-25T19:22:52.747-04:00,806.121826,-26.713465
2026-08-25T19:22:52.747-04:00,806.579590,-24.719103
2026-08-25T19:22:52.747-04:00,807.037354,-23.824799
2026-08-25T19:22:52.747-04:00,807.495117,-24.957767
2026-08-25T19:22:52.747-04:00,807.952881,-26.218340
2026-08-25T19:22:52.747-04:00,808.410645,-29.200729
2026-08-25T19:22:52.747-04:00,808.868408,-36.408012
2026-08-25T19:22:52.747-04:00,809.326172,-37.229485
2026-08-25T19:22:52.747-04:00,809.783936,-32.289215
2026-08-25T19:22:52.747-04:00,810.241699,-31.631964
2026-08-25T19:22:52.747-04:00,810.699463,-32.483730
2026-08-25T19:22:52.747-04:00,811.157227,-29.271187
2026-08-25T19:22:52.747-04:00,811.614990,-30.618898
2026-08-25T19:22:52.747-04:00,812.072754,-29.386644
2026-08-25T19:22:52.747-04:00,812.530518,-27.056534
2026-08-25T19:22:52.747-04:00,812.988281,-27.133183
2026-08-25T19:22:52.747-04:00,813.446045,-27.200417
2026-08-25T19:22:52.747-04:00,813.903809,-26.001398
2026-08-25T19:22:52.747-04:00,814.361572,-26.880306
2026-08-25T19:22:52.747-04:00,814.819336,-26.832487
2026-08-25T19:22:52.747-04:00,815.277100,-29.615059
2026-08-25T19:22:52.747-04:00,815.734863,-43.133369
2026-08-25T19:22:52.747-04:00,816.192627,-46.523643
2026-08-25T19:22:52.747-04:00,816.650391,-38.657841
2026-08-25T19:22:52.747-04:00,817.108154,-37.944027
2026-08-25T19:22:52.747-04:00,817.565918,-29.914783
2026-08-25T19:22:52.747-04:00,818.023682,-27.051929
2026-08-25T19:22:52.747-04:00,818.481445,-28.056070
2026-08-25T19:22:52.747-04:00,818.939209,-28.259483
2026-08-25T19:22:52.747-04:00,819.396973,-37.750858
2026-08-25T19:22:52.747-04:00,819.854736,-33.558403
2026-08-25T19:22:52.747-04:00,820.312500,-31.550817
2026-08-25T19:22:52.747-04:00,820.770264,-26.617786
2026-08-25T19:22:52.747-04:00,821.228027,-26.758202
2026-08-25T19:22:52.747-04:00,821.685791,-36.305779
2026-08-25T19:22:52.747-04:00,822.143555,-32.089314
2026-08-25T19:22:52.747-04:00,822.601318,-35.335754
2026-08-25T19:22:52.747-04:00,823.059082,-28.034079
2026-08-25T19:22:52.747-04:00,823.516846,-28.116579
2026-08-25T19:22:52.747-04:00,823.974609,-28.115358
2026-08-25T19:22:52.747-04:00,824.432373,-27.600418
2026-08-25T19:22:52.747-04:00,824.890137,-29.138584
2026-08-25T19:22:52.747-04:00,825.347900,-29.676912
2026-08-25T19:22:52.747-04:00,825.805664,-30.847166
2026-08-25T19:22:52.747-04:00,826.263428,-31.888439
2026-08-25T19:22:52.747-04:00,826.721191,-30.491007
2026-08-25T19:22:52.747-04:00,827.178955,-31.349091
2026-08-25T19:22:52.747-04:00,827.636719,-31.964951
2026-08-25T19:22:52.747-04:00,828.094482,-34.290672
2026-08-25T19:22:52.747-04:00,828.552246,-33.216446
2026-08-25T19:22:52.747-04:00,829.010010,-29.041740
2026-08-25T19:22:52.747-04:00,829.467773,-28.760624
2026-08-25T19:22:52.747-04:00,829.925537,-32.110859
2026-08-25T19:22:52.747-04:00,830.383301,-30.076902
2026-08-25T19:22:52.747-04:00,830.841064,-24.679790
2026-08-25T19:22:52.747-04:00,831.298828,-25.293381
2026-08-25T19:22:52.747-04:00,831.756592,-30.806126
2026-08-25T19:22:52.747-04:00,832.214355,-32.492340
2026-08-25T19:22:52.747-04:00,832.672119,-30.421234
2026-08-25T19:22:52.747-04:00,833.129883,-33.242832
2026-08-25T19:22:52.747-04:00,833.587646,-37.857307
2026-08-25T19:22:52.747-04:00,834.045410,-27.852365
2026-08-25T19:22:52.747-04:00,834.503174,-22.915049
2026-08-25T19:22:52.747-04:00,834.960938,-24.610556
2026-08-25T19:22:52.747-04:00,835.418701,-27.247421
2026-08-25T19:22:52.747-04:00,835.876465,-27.118902
2026-08-25T19:22:52.747-04:00,836.334229,-35.077988
2026-08-25T19:22:52.747-04:00,836.791992,-31.733744
2026-08-25T19:22:52.747-04:00,837.249756,-28.734074
2026-08-25T19:22:52.747-04:00,837.707520,-23.284813
2026-08-25T19:22:52.747-04:00,838.165283,-22.105310
2026-08-25T19:22:52.747-04:00,838.623047,-23.786789
2026-08-25T19:22:52.747-04:00,839.080811,-25.954512
2026-08-25T19:22:52.747-04:00,839.538574,-30.467512
2026-08-25T19:22:52.747-04:00,839.996338,-36.298538
2026-08-25T19:22:52.747-04:00,840.454102,-25.004864
2026-08-25T19:22:52.747-04:00,840.911865,-21.934759
2026-08-25T19:22:52.747-04:00,841.369629,-20.054062
2026-08-25T19:22:52.747-04:00,841.827393,-20.462357
2026-08-25T19:22:52.747-04:00,842.285156,-23.745077
2026-08-25T19:22:52.747-04:00,842.742920,-28.888802
2026-08-25T19:22:52.747-04:00,843.200684,-29.471226
2026-08-25T19:22:52.747-04:00,843.658447,-24.852274
2026-08-25T19:22:52.747-04:00,844.116211,-22.222404
2026-08-25T19:22:52.747-04:00,844.573975,-22.666014
2026-08-25T19:22:52.747-04:00,845.031738,-24.081005
2026-08-25T19:22:52.747-04:00,845.489502,-25.375938
2026-08-25T19:22:52.747-04:00,845.947266,-27.139214
2026-08-25T19:22:52.747-04:00,846.405029,-28.502117
2026-08-25T19:22:52.747-04:00,846.862793,-31.277311
2026-08-25T19:22:52.747-04:00,847.320557,-43.083363
2026-08-25T19:22:52.747-04:00,847.778320,-25.577574
2026-08-25T19:22:52.747-04:00,848.236084,-22.516827
2026-08-25T19:22:52.747-04:00,848.693848,-24.630545
2026-08-25T19:22:52.747-04:00,849.151611,-25.515045
2026-08-25T19:22:52.747-04:00,849.609375,-25.545990
2026-08-25T19:22:52.747-04:00,850.067139,-26.718218
2026-08-25T19:22:52.747-04:00,850.524902,-22.663012
2026-08-25T19:22:52.747-04:00,850.982666,-21.799498
2026-08-25T19:22:52.747-04:00,851.440430,-24.397415
2026-08-25T19:22:52.747-04:00,851.898193,-26.669350
2026-08-25T19:22:52.747-04:00,852.355957,-23.154305
2026-08-25T19:22:52.747-04:00,852.813721,-18.908279
2026-08-25T19:22:52.747-04:00,853.271484,-19.064999
2026-08-25T19:22:52.747-04:00,853.729248,-23.410843
2026-08-25T19:22:52.747-04:00,854.187012,-24.449299
2026-08-25T19:22:52.747-04:00,854.644775,-22.752396
2026-08-25T19:22:52.747-04:00,855.102539,-23.078873
2026-08-25T19:22:52.747-04:00,855.560303,-27.063780
2026-08-25T19:22:52.747-04:00,856.018066,-35.448746
2026-08-25T19:22:52.747-04:00,856.475830,-33.689014
2026-08-25T19:22:52.747-04:00,856.933594,-26.945717
2026-08-25T19:22:52.747-04:00,857.391357,-25.355394
2026-08-25T19:22:52.747-04:00,857.849121,-26.372175
2026-08-25T19:22:52.747-04:00,858.306885,-27.597609
2026-08-25T19:22:52.747-04:00,858.764648,-26.706875
2026-08-25T19:22:52.747-04:00,859.222412,-23.459846
2026-08-25T19:22:52.747-04:00,859.680176,-22.075371
2026-08-25T19:22:52.747-04:00,860.137939,-27.101002
2026-08-25T19:22:52.747-04:00,860.595703,-29.832354
2026-08-25T19:22:52.747-04:00,861.053467,-29.366816
2026-08-25T19:22:52.747-04:00,861.511230,-34.966656
2026-08-25T19:22:52.747-04:00,861.968994,-32.456463
2026-08-25T19:22:52.747-04:00,862.426758,-26.692438
2026-08-25T19:22:52.747-04:00,862.884521,-26.282833
2026-08-25T19:22:52.747-04:00,863.342285,-31.182154
2026-08-25T19:22:52.747-04:00,863.800049,-32.865578
2026-08-25T19:22:52.747-04:00,864.257812,-26.180672
2026-08-25T19:22:52.747-04:00,864.715576,-25.785473
2026-08-25T19:22:52.747-04:00,865.173340,-28.060589
2026-08-25T19:22:52.747-04:00,865.631104,-31.321943
2026-08-25T19:22:52.747-04:00,866.088867,-42.429398
2026-08-25T19:22:52.747-04:00,866.546631,-37.786621
2026-08-25T19:22:52.747-04:00,867.004395,-35.237129
2026-08-25T19:22:52.747-04:00,867.462158,-37.547241
2026-08-25T19:22:52.747-04:00,867.919922,-31.999470
2026-08-25T19:22:52.747-04:00,868.377686,-27.952959
2026-08-25T19:22:52.747-04:00,868.835449,-29.588318
2026-08-25T19:22:52.747-04:00,869.293213,-31.480171
2026-08-25T19:22:52.747-04:00,869.750977,-28.755663
2026-08-25T19:22:52.747-04:00,870.208740,-22.662922
2026-08-25T19:22:52.747-04:00,870.666504,-21.864506
2026-08-25T19:22:52.747-04:00,871.124268,-24.782207
2026-08-25T19:22:52.747-04:00,871.582031,-26.392336
2026-08-25T19:22:52.747-04:00,872.039795,-26.915894
2026-08-25T19:22:52.747-04:00,872.497559,-28.611786
2026-08-25T19:22:52.747-04:00,872.955322,-30.506193
2026-08-25T19:22:52.747-04:00,873.413086,-29.933971
2026-08-25T19:22:52.747-04:00,873.870850,-27.787949
2026-08-25T19:22:52.747-04:00,874.328613,-27.570219
2026-08-25T19:22:52.747-04:00,874.786377,-31.972216
2026-08-25T19:22:52.747-04:00,875.244141,-37.314873
2026-08-25T19:22:52.747-04:00,875.701904,-34.639889
2026-08-25T19:22:52.747-04:00,876.159668,-38.471676
2026-08-25T19:22:52.747-04:00,876.617432,-39.025749
2026-08-25T19:22:52.747-04:00,877.075195,-40.019474
2026-08-25T19:22:52.747-04:00,877.532959,-30.364243
2026-08-25T19:22:52.747-04:00,877.990723,-26.249779
2026-08-25T19:22:52.747-04:00,878.448486,-24.307652
2026-08-25T19:22:52.747-04:00,878.906250,-23.734228
2026-08-25T19:22:52.747-04:00,879.364014,-23.597782
2026-08-25T19:22:52.747-04:00,879.821777,-23.503561
2026-08-25T19:22:52.747-04:00,880.279541,-25.651503
2026-08-25T19:22:52.747-04:00,880.737305,-26.864340
2026-08-25T19:22:52.747-04:00,881.195068,-24.596355
2026-08-25T19:22:52.747-04:00,881.652832,-23.818502
2026-08-25T19:22:52.747-04:00,882.110596,-24.585884
2026-08-25T19:22:52.747-04:00,882.568359,-26.057283
2026-08-25T19:22:52.747-04:00,883.026123,-32.342850
2026-08-25T19:22:52.747-04:00,883.483887,-39.023556
2026-08-25T19:22:52.747-04:00,883.941650,-32.171215
2026-08-25T19:22:52.747-04:00,884.399414,-32.733681
2026-08-25T19:22:52.747-04:00,884.857178,-49.968513
2026-08-25T19:22:52.747-04:00,885.314941,-34.272758
2026-08-25T19:22:52.747-04:00,885.772705,-34.799656
2026-08-25T19:22:52.747-04:00,886.230469,-42.373447
2026-08-25T19:22:52.747-04:00,886.688232,-26.299435
2026-08-25T19:22:52.747-04:00,887.145996,-22.868368
2026-08-25T19:22:52.747-04:00,887.603760,-25.228794
2026-08-25T19:22:52.747-04:00,888.061523,-29.612379
2026-08-25T19:22:52.747-04:00,888.519287,-30.654621
2026-08-25T19:22:52.747-04:00,888.977051,-28.234636
2026-08-25T19:22:52.747-04:00,889.434814,-25.954943
2026-08-25T19:22:52.747-04:00,889.892578,-25.791216
2026-08-25T19:22:52.747-04:00,890.350342,-28.540104
2026-08-25T19:22:52.747-04:00,890.808105,-27.034718
2026-08-25T19:22:52.747-04:00,891.265869,-22.806787
2026-08-25T19:22:52.747-04:00,891.723633,-19.962498
2026-08-25T19:22:52.747-04:00,892.181396,-20.616669
2026-08-25T19:22:52.747-04:00,892.639160,-25.512413
2026-08-25T19:22:52.747-04:00,893.096924,-31.305496
2026-08-25T19:22:52.747-04:00,893.554688,-35.472469
2026-08-25T19:22:52.747-04:00,894.012451,-45.491035
2026-08-25T19:22:52.747-04:00,894.470215,-35.017277
2026-08-25T19:22:52.747-04:00,894.927979,-30.228687
2026-08-25T19:22:52.747-04:00,895.385742,-29.230682
2026-08-25T19:22:52.747-04:00,895.843506,-25.889338
2026-08-25T19:22:52.747-04:00,896.301270,-22.258190
2026-08-25T19:22:52.747-04:00,896.759033,-21.516531
2026-08-25T19:22:52.747-04:00,897.216797,-23.152168
2026-08-25T19:22:52.747-04:00,897.674561,-25.096977
2026-08-25T19:22:52.747-04:00,898.132324,-24.801474
2026-08-25T19:22:52.747-04:00,898.590088,-26.977764
2026-08-25T19:22:52.747-04:00,899.047852,-27.523258
2026-08-25T19:22:52.747-04:00,899.505615,-26.892586
2026-08-25T19:22:52.747-04:00,899.963379,-25.989529
2026-08-25T19:22:52.747-04:00,900.421143,-24.073761
2026-08-25T19:22:52.747-04:00,900.878906,-24.888996
2026-08-25T19:22:52.747-04:00,901.336670,-30.137135
2026-08-25T19:22:52.747-04:00,901.794434,-33.634144
2026-08-25T19:22:52.747-04:00,902.252197,-30.798864
2026-08-25T19:22:52.747-04:00,902.709961,-27.870598
2026-08-25T19:22:52.747-04:00,903.167725,-27.557924
2026-08-25T19:22:52.747-04:00,903.625488,-29.307421
2026-08-25T19:22:52.747-04:00,904.083252,-28.390657
2026-08-25T19:22:52.747-04:00,904.541016,-26.091629
2026-08-25T19:22:52.747-04:00,904.998779,-24.715700
2026-08-25T19:22:52.747-04:00,905.456543,-23.774876
2026-08-25T19:22:52.747-04:00,905.914307,-23.045805
2026-08-25T19:22:52.747-04:00,906.372070,-21.714346
2026-08-25T19:22:52.747-04:00,906.829834,-23.657825
2026-08-25T19:22:52.747-04:00,907.287598,-27.784214
2026-08-25T19:22:52.747-04:00,907.745361,-33.365929
2026-08-25T19:22:52.747-04:00,908.203125,-28.304262
2026-08-25T19:22:52.747-04:00,908.660889,-24.499914
2026-08-25T19:22:52.747-04:00,909.118652,-27.005127
2026-08-25T19:22:52.747-04:00,909.576416,-35.562641
2026-08-25T19:22:52.747-04:00,910.034180,-31.172127
2026-08-25T19:22:52.747-04:00,910.491943,-40.189888
2026-08-25T19:22:52.747-04:00,910.949707,-28.847351
2026-08-25T19:22:52.747-04:00,911.407471,-24.973759
2026-08-25T19:22:52.747-04:00,911.865234,-27.998354
2026-08-25T19:22:52.747-04:00,912.322998,-33.058887
2026-08-25T19:22:52.747-04:00,912.780762,-27.609135
2026-08-25T19:22:52.747-04:00,913.238525,-30.698189
2026-08-25T19:22:52.747-04:00,913.696289,-29.565344
2026-08-25T19:22:52.747-04:00,914.154053,-27.972555
2026-08-25T19:22:52.747-04:00,914.611816,-29.356834
2026-08-25T19:22:52.747-04:00,915.069580,-32.141083
2026-08-25T19:22:52.747-04:00,915.527344,-32.506676
2026-08-25T19:22:52.747-04:00,915.985107,-25.562132
2026-08-25T19:22:52.747-04:00,916.442871,-27.583826
2026-08-25T19:22:52.747-04:00,916.900635,-35.945972
2026-08-25T19:22:52.747-04:00,917.358398,-38.035522
2026-08-25T19:22:52.747-04:00,917.816162,-31.445469
2026-08-25T19:22:52.747-04:00,918.273926,-25.705574
2026-08-25T19:22:52.747-04:00,918.731689,-24.513905
2026-08-25T19:22:52.747-04:00,919.189453,-30.564461
2026-08-25T19:22:52.747-04:00,919.647217,-38.464348
2026-08-25T19:22:52.747-04:00,920.104980,-27.147572
2026-08-25T19:22:52.747-04:00,920.562744,-21.962748
2026-08-25T19:22:52.747-04:00,921.020508,-24.087540
2026-08-25T19:22:52.747-04:00,921.478271,-34.479469
2026-08-25T19:22:52.747-04:00,921.936035,-29.585180
2026-08-25T19:22:52.747-04:00,922.393799,-31.810209
2026-08-25T19:22:52.747-04:00,922.851562,-36.922859
2026-08-25T19:22:52.747-04:00,923.309326,-30.021317
2026-08-25T19:22:52.747-04:00,923.767090,-24.634109
2026-08-25T19:22:52.747-04:00,924.224854,-22.628532
2026-08-25T19:22:52.747-04:00,924.682617,-23.622656
2026-08-25T19:22:52.747-04:00,925.140381,-24.515238
2026-08-25T19:22:52.747-04:00,925.598145,-23.326843
2026-08-25T19:22:52.747-04:00,926.055908,-25.185644
2026-08-25T19:22:52.747-04:00,926.513672,-32.630764
2026-08-25T19:22:52.747-04:00,926.971436,-35.127926
2026-08-25T19:22:52.747-04:00,927.429199,-32.058243
2026-08-25T19:22:52.747-04:00,927.886963,-33.510799
2026-08-25T19:22:52.747-04:00,928.344727,-38.149025
2026-08-25T19:22:52.747-04:00,928.802490,-32.070831
2026-08-25T19:22:52.747-04:00,929.260254,-27.421261
2026-08-25T19:22:52.747-04:00,929.718018,-26.521177
2026-08-25T19:22:52.747-04:00,930.175781,-27.095882
2026-08-25T19:22:52.747-04:00,930.633545,-24.896601
2026-08-25T19:22:52.747-04:00,931.091309,-23.172497
2026-08-25T19:22:52.747-04:00,931.549072,-22.896118
2026-08-25T19:22:52.747-04:00,932.006836,-23.177130
2026-08-25T19:22:52.747-04:00,932.464600,-26.236448
2026-08-25T19:22:52.747-04:00,932.922363,-33.663025
2026-08-25T19:22:52.747-04:00,933.380127,-26.968163
2026-08-25T19:22:52.747-04:00,933.837891,-24.863623
2026-08-25T19:22:52.747-04:00,934.295654,-24.906404
2026-08-25T19:22:52.747-04:00,934.753418,-24.322300
2026-08-25T19:22:52.747-04:00,935.211182,-24.091545
2026-08-25T19:22:52.747-04:00,935.668945,-24.011003
2026-08-25T19:22:52.747-04:00,936.126709,-23.863409
2026-08-25T19:22:52.747-04:00,936.584473,-24.017885
2026-08-25T19:22:52.747-04:00,937.042236,-26.828636
2026-08-25T19:22:52.747-04:00,937.500000,-36.187119
2026-08-25T19:22:52.747-04:00,937.957764,-47.559212
2026-08-25T19:22:52.747-04:00,938.415527,-33.980782
2026-08-25T19:22:52.747-04:00,938.873291,-29.062145
2026-08-25T19:22:52.747-04:00,939.331055,-29.440052
2026-08-25T19:22:52.747-04:00,939.788818,-24.818943
2026-08-25T19:22:52.747-04:00,940.246582,-27.719742
2026-08-25T19:22:52.747-04:00,940.704346,-30.714159
2026-08-25T19:22:52.747-04:00,941.162109,-32.479160
2026-08-25T19:22:52.747-04:00,941.619873,-36.158928
2026-08-25T19:22:52.747-04:00,942.077637,-26.895201
2026-08-25T19:22:52.747-04:00,942.535400,-27.047846
2026-08-25T19:22:52.747-04:00,942.993164,-28.098219
2026-08-25T19:22:52.747-04:00,943.450928,-29.013737
2026-08-25T19:22:52.747-04:00,943.908691,-30.110464
2026-08-25T19:22:52.747-04:00,944.366455,-31.588230
2026-08-25T19:22:52.747-04:00,944.824219,-29.277397
2026-08-25T19:22:52.747-04:00,945.281982,-24.825171
2026-08-25T19:22:52.747-04:00,945.739746,-24.317198
2026-08-25T19:22:52.747-04:00,946.197510,-27.302103
2026-08-25T19:22:52.747-04:00,946.655273,-26.929691
2026-08-25T19:22:52.747-04:00,947.113037,-23.024944
2026-08-25T19:22:52.747-04:00,947.570801,-22.294779
2026-08-25T19:22:52.747-04:00,948.028564,-25.091442
2026-08-25T19:22:52.747-04:00,948.486328,-33.803009
2026-08-25T19:22:52.747-04:00,948.944092,-40.981720
2026-08-25T19:22:52.747-04:00,949.401855,-27.849815
2026-08-25T19:22:52.747-04:00,949.859619,-24.693472
2026-08-25T19:22:52.747-04:00,950.317383,-27.531998
2026-08-25T19:22:52.747-04:00,950.775146,-28.540880
2026-08-25T19:22:52.747-04:00,951.232910,-24.354866
2026-08-25T19:22:52.747-04:00,951.690674,-24.960154
2026-08-25T19:22:52.747-04:00,952.148438,-26.688499
2026-08-25T19:22:52.747-04:00,952.606201,-27.841837
2026-08-25T19:22:52.747-04:00,953.063965,-25.817747
2026-08-25T19:22:52.747-04:00,953.521729,-23.591345
2026-08-25T19:22:52.747-04:00,953.979492,-21.927301
2026-08-25T19:22:52.747-04:00,954.437256,-20.367661
2026-08-25T19:22:52.747-04:00,954.895020,-20.773331
2026-08-25T19:22:52.747-04:00,955.352783,-22.342083
2026-08-25T19:22:52.747-04:00,955.810547,-22.996370
2026-08-25T19:22:52.747-04:00,956.268311,-22.387157
2026-08-25T19:22:52.747-04:00,956.726074,-21.770861
2026-08-25T19:22:52.747-04:00,957.183838,-21.888895
2026-08-25T19:22:52.747-04:00,957.641602,-22.316143
2026-08-25T19:22:52.747-04:00,958.099365,-23.289358
2026-08-25T19:22:52.747-04:00,958.557129,-24.681337
2026-08-25T19:22:52.747-04:00,959.014893,-26.165482
2026-08-25T19:22:52.747-04:00,959.472656,-25.868858
2026-08-25T19:22:52.747-04:00,959.930420,-24.885147
2026-08-25T19:22:52.747-04:00,960.388184,-25.678328
2026-08-25T19:22:52.747-04:00,960.845947,-29.903315
2026-08-25T19:22:52.747-04:00,961.303711,-34.266846
2026-08-25T19:22:52.747-04:00,961.761475,-31.721672
2026-08-25T19:22:52.747-04:00,962.219238,-27.066360
2026-08-25T19:22:52.747-04:00,962.677002,-26.263222
2026-08-25T19:22:52.747-04:00,963.134766,-30.400421
2026-08-25T19:22:52.747-04:00,963.592529,-34.085838
2026-08-25T19:22:52.747-04:00,964.050293,-30.765141
2026-08-25T19:22:52.747-04:00,964.508057,-29.735945
2026-08-25T19:22:52.747-04:00,964.965820,-27.928144
2026-08-25T19:22:52.747-04:00,965.423584,-27.417919
2026-08-25T19:22:52.747-04:00,965.881348,-34.323299
2026-08-25T19:22:52.747-04:00,966.339111,-37.767281
2026-08-25T19:22:52.747-04:00,966.796875,-28.817074
2026-08-25T19:22:52.747-04:00,967.254639,-24.560719
2026-08-25T19:22:52.747-04:00,967.712402,-25.177689
2026-08-25T19:22:52.747-04:00,968.170166,-27.203018
2026-08-25T19:22:52.747-04:00,968.627930,-24.458668
2026-08-25T19:22:52.747-04:00,969.085693,-21.383156
2026-08-25T19:22:52.747-04:00,969.543457,-20.363512
2026-08-25T19:22:52.747-04:00,970.001221,-21.238955
2026-08-25T19:22:52.747-04:00,970.458984,-25.890659
2026-08-25T19:22:52.747-04:00,970.916748,-49.852291
2026-08-25T19:22:52.747-04:00,971.374512,-30.711937
2026-08-25T19:22:52.747-04:00,971.832275,-26.753576
2026-08-25T19:22:52.747-04:00,972.290039,-24.771008
2026-08-25T19:22:52.747-04:00,972.747803,-23.410456
2026-08-25T19:22:52.747-04:00,973.205566,-21.678926
2026-08-25T19:22:52.747-04:00,973.663330,-20.512459
2026-08-25T19:22:52.747-04:00,974.121094,-21.296568
2026-08-25T19:22:52.747-04:00,974.578857,-22.429485
2026-08-25T19:22:52.747-04:00,975.036621,-21.167637
2026-08-25T19:22:52.747-04:00,975.494385,-21.175434
2026-08-25T19:22:52.747-04:00,975.952148,-22.712265
2026-08-25T19:22:52.747-04:00,976.409912,-22.142141
2026-08-25T19:22:52.747-04:00,976.867676,-22.752399
2026-08-25T19:22:52.747-04:00,977.325439,-26.861498
2026-08-25T19:22:52.747-04:00,977.783203,-31.926592
2026-08-25T19:22:52.747-04:00,978.240967,-43.096062
2026-08-25T19:22:52.747-04:00,978.698730,-33.213951
2026-08-25T19:22:52.747-04:00,979.156494,-28.319077
2026-08-25T19:22:52.747-04:00,979.614258,-28.104725
2026-08-25T19:22:52.747-04:00,980.072021,-30.248224
2026-08-25T19:22:52.747-04:00,980.529785,-34.024918
2026-08-25T19:22:52.747-04:00,980.987549,-30.785332
2026-08-25T19:22:52.747-04:00,981.445312,-30.194885
2026-08-25T19:22:52.747-04:00,981.903076,-34.047497
2026-08-25T19:22:52.747-04:00,982.360840,-42.483459
2026-08-25T19:22:52.747-04:00,982.818604,-31.047798
2026-08-25T19:22:52.747-04:00,983.276367,-25.012980
2026-08-25T19:22:52.747-04:00,983.734131,-24.204332
2026-08-25T19:22:52.747-04:00,984.191895,-27.817364
2026-08-25T19:22:52.747-04:00,984.649658,-33.230804
2026-08-25T19:22:52.747-04:00,985.107422,-24.985405
2026-08-25T19:22:52.747-04:00,985.565186,-22.901981
2026-08-25T19:22:52.747-04:00,986.022949,-22.688671
2026-08-25T19:22:52.747-04:00,986.480713,-26.526917
2026-08-25T19:22:52.747-04:00,986.938477,-35.534840
2026-08-25T19:22:52.747-04:00,987.396240,-34.252697
2026-08-25T19:22:52.747-04:00,987.854004,-28.183498
2026-08-25T19:22:52.747-04:00,988.311768,-25.610245
2026-08-25T19:22:52.747-04:00,988.769531,-25.286491
2026-08-25T19:22:52.747-04:00,989.227295,-27.442533
2026-08-25T19:22:52.747-04:00,989.685059,-28.973503
2026-08-25T19:22:52.747-04:00,990.142822,-26.566311
2026-08-25T19:22:52.747-04:00,990.600586,-23.645821
2026-08-25T19:22:52.747-04:00,991.058350,-21.423698
2026-08-25T19:22:52.747-04:00,991.516113,-21.418465
2026-08-25T19:22:52.747-04:00,991.973877,-24.696301
2026-08-25T19:22:52.747-04:00,992.431641,-25.161320
2026-08-25T19:22:52.747-04:00,992.889404,-23.433189
2026-08-25T19:22:52.747-04:00,993.347168,-24.435072
2026-08-25T19:22:52.747-04:00,993.804932,-23.725937
2026-08-25T19:22:52.747-04:00,994.262695,-21.725132
2026-08-25T19:22:52.747-04:00,994.720459,-20.506762
2026-08-25T19:22:52.747-04:00,995.178223,-21.369474
2026-08-25T19:22:52.747-04:00,995.635986,-27.064987
2026-08-25T19:22:52.747-04:00,996.093750,-38.330349
2026-08-25T19:22:52.747-04:00,996.551514,-33.181072
2026-08-25T19:22:52.747-04:00,997.009277,-30.525599
2026-08-25T19:22:52.747-04:00,997.467041,-29.409084
2026-08-25T19:22:52.747-04:00,997.924805,-29.271839
2026-08-25T19:22:52.747-04:00,998.382568,-26.387747
2026-08-25T19:22:52.747-04:00,998.840332,-26.881849
2026-08-25T19:22:52.747-04:00,999.298096,-28.852673
2026-08-25T19:22:52.747-04:00,999.755859,-28.770683
