timestamp,frequency_offset_hz,power_db
2026-08-25T16:23:18.722-04:00,-4995.117188,-12.738522
2026-08-25T16:23:18.722-04:00,-4987.792969,-20.739935
2026-08-25T16:23:18.722-04:00,-4980.468750,-18.602007
2026-08-25T16:23:18.722-04:00,-4973.144531,-16.483734
2026-08-25T16:23:18.722-04:00,-4965.820312,-17.120138
2026-08-25T16:23:18.722-04:00,-4958.496094,-17.757500
2026-08-25T16:23:18.722-04:00,-4951.171875,-22.956501
2026-08-25T16:23:18.722-04:00,-4943.847656,-18.825609
2026-08-25T16:23:18.722-04:00,-4936.523438,-15.706606
2026-08-25T16:23:18.722-04:00,-4929.199219,-14.723005
2026-08-25T16:23:18.722-04:00,-4921.875000,-16.218601
2026-08-25T16:23:18.722-04:00,-4914.550781,-19.610960
2026-08-25T16:23:18.722-04:00,-4907.226562,-13.126909
2026-08-25T16:23:18.722-04:00,-4899.902344,-14.083158
2026-08-25T16:23:18.722-04:00,-4892.578125,-21.463005
2026-08-25T16:23:18.722-04:00,-4885.253906,-14.124745
2026-08-25T16:23:18.722-04:00,-4877.929688,-10.881454
2026-08-25T16:23:18.722-04:00,-4870.605469,-13.748070
2026-08-25T16:23:18.722-04:00,-4863.281250,-20.980951
2026-08-25T16:23:18.722-04:00,-4855.957031,-18.614635
2026-08-25T16:23:18.722-04:00,-4848.632812,-15.267000
2026-08-25T16:23:18.722-04:00,-4841.308594,-19.932186
2026-08-25T16:23:18.722-04:00,-4833.984375,-12.593974
2026-08-25T16:23:18.722-04:00,-4826.660156,-10.932768
2026-08-25T16:23:18.722-04:00,-4819.335938,-12.383108
2026-08-25T16:23:18.722-04:00,-4812.011719,-14.250208
2026-08-25T16:23:18.722-04:00,-4804.687500,-16.127876
2026-08-25T16:23:18.722-04:00,-4797.363281,-22.049698
2026-08-25T16:23:18.722-04:00,-4790.039062,-25.741331
2026-08-25T16:23:18.722-04:00,-4782.714844,-15.083184
2026-08-25T16:23:18.722-04:00,-4775.390625,-14.411439
2026-08-25T16:23:18.722-04:00,-4768.066406,-15.697732
2026-08-25T16:23:18.722-04:00,-4760.742188,-16.994160
2026-08-25T16:23:18.722-04:00,-4753.417969,-18.365229
2026-08-25T16:23:18.722-04:00,-4746.093750,-21.206928
2026-08-25T16:23:18.722-04:00,-4738.769531,-24.985149
2026-08-25T16:23:18.722-04:00,-4731.445312,-22.550631
2026-08-25T16:23:18.722-04:00,-4724.121094,-15.542608
2026-08-25T16:23:18.722-04:00,-4716.796875,-10.977802
2026-08-25T16:23:18.722-04:00,-4709.472656,-8.931968
2026-08-25T16:23:18.722-04:00,-4702.148438,-8.971275
2026-08-25T16:23:18.722-04:00,-4694.824219,-11.587472
2026-08-25T16:23:18.722-04:00,-4687.500000,-15.742055
2026-08-25T16:23:18.722-04:00,-4680.175781,-14.861651
2026-08-25T16:23:18.722-04:00,-4672.851562,-15.025405
2026-08-25T16:23:18.722-04:00,-4665.527344,-16.201712
2026-08-25T16:23:18.722-04:00,-4658.203125,-15.702255
2026-08-25T16:23:18.722-04:00,-4650.878906,-14.242373
2026-08-25T16:23:18.722-04:00,-4643.554688,-14.237265
2026-08-25T16:23:18.722-04:00,-4636.230469,-11.111345
2026-08-25T16:23:18.722-04:00,-4628.906250,-11.627198
2026-08-25T16:23:18.722-04:00,-4621.582031,-15.307127
2026-08-25T16:23:18.722-04:00,-4614.257812,-16.217415
2026-08-25T16:23:18.722-04:00,-4606.933594,-15.067621
2026-08-25T16:23:18.722-04:00,-4599.609375,-18.887075
2026-08-25T16:23:18.722-04:00,-4592.285156,-17.827496
2026-08-25T16:23:18.722-04:00,-4584.960938,-13.315145
2026-08-25T16:23:18.722-04:00,-4577.636719,-16.857941
2026-08-25T16:23:18.722-04:00,-4570.312500,-17.774027
2026-08-25T16:23:18.722-04:00,-4562.988281,-16.763042
2026-08-25T16:23:18.722-04:00,-4555.664062,-18.328701
2026-08-25T16:23:18.722-04:00,-4548.339844,-15.682272
2026-08-25T16:23:18.722-04:00,-4541.015625,-15.912465
2026-08-25T16:23:18.722-04:00,-4533.691406,-19.985374
2026-08-25T16:23:18.722-04:00,-4526.367188,-20.353853
2026-08-25T16:23:18.722-04:00,-4519.042969,-14.698039
2026-08-25T16:23:18.722-04:00,-4511.718750,-11.181922
2026-08-25T16:23:18.722-04:00,-4504.394531,-10.915533
2026-08-25T16:23:18.722-04:00,-4497.070312,-12.966663
2026-08-25T16:23:18.722-04:00,-4489.746094,-20.835926
2026-08-25T16:23:18.722-04:00,-4482.421875,-13.904484
2026-08-25T16:23:18.722-04:00,-4475.097656,-10.992432
2026-08-25T16:23:18.722-04:00,-4467.773438,-11.097817
2026-08-25T16:23:18.722-04:00,-4460.449219,-11.549320
2026-08-25T16:23:18.722-04:00,-4453.125000,-14.541453
2026-08-25T16:23:18.722-04:00,-4445.800781,-16.486952
2026-08-25T16:23:18.722-04:00,-4438.476562,-15.275003
2026-08-25T16:23:18.722-04:00,-4431.152344,-14.739505
2026-08-25T16:23:18.722-04:00,-4423.828125,-13.881451
2026-08-25T16:23:18.722-04:00,-4416.503906,-16.157972
2026-08-25T16:23:18.722-04:00,-4409.179688,-37.315418
2026-08-25T16:23:18.722-04:00,-4401.855469,-14.609806
2026-08-25T16:23:18.722-04:00,-4394.531250,-9.679789
2026-08-25T16:23:18.722-04:00,-4387.207031,-9.049217
2026-08-25T16:23:18.722-04:00,-4379.882812,-11.627718
2026-08-25T16:23:18.722-04:00,-4372.558594,-13.232121
2026-08-25T16:23:18.722-04:00,-4365.234375,-10.790499
2026-08-25T16:23:18.722-04:00,-4357.910156,-9.493499
2026-08-25T16:23:18.722-04:00,-4350.585938,-11.927721
2026-08-25T16:23:18.722-04:00,-4343.261719,-18.603531
2026-08-25T16:23:18.722-04:00,-4335.937500,-14.983475
2026-08-25T16:23:18.722-04:00,-4328.613281,-14.238182
2026-08-25T16:23:18.722-04:00,-4321.289062,-14.745364
2026-08-25T16:23:18.722-04:00,-4313.964844,-12.194342
2026-08-25T16:23:18.722-04:00,-4306.640625,-16.362265
2026-08-25T16:23:18.722-04:00,-4299.316406,-24.619705
2026-08-25T16:23:18.722-04:00,-4291.992188,-19.522152
2026-08-25T16:23:18.722-04:00,-4284.667969,-23.367300
2026-08-25T16:23:18.722-04:00,-4277.343750,-11.596354
2026-08-25T16:23:18.722-04:00,-4270.019531,-11.610822
2026-08-25T16:23:18.722-04:00,-4262.695312,-18.834740
2026-08-25T16:23:18.722-04:00,-4255.371094,-22.898342
2026-08-25T16:23:18.722-04:00,-4248.046875,-22.319143
2026-08-25T16:23:18.722-04:00,-4240.722656,-31.122160
2026-08-25T16:23:18.722-04:00,-4233.398438,-17.742981
2026-08-25T16:23:18.722-04:00,-4226.074219,-17.533659
2026-08-25T16:23:18.722-04:00,-4218.750000,-20.884918
2026-08-25T16:23:18.722-04:00,-4211.425781,-21.251347
2026-08-25T16:23:18.722-04:00,-4204.101562,-23.958380
2026-08-25T16:23:18.722-04:00,-4196.777344,-24.339140
2026-08-25T16:23:18.722-04:00,-4189.453125,-22.710608
2026-08-25T16:23:18.722-04:00,-4182.128906,-18.148788
2026-08-25T16:23:18.722-04:00,-4174.804688,-19.710596
2026-08-25T16:23:18.722-04:00,-4167.480469,-17.296961
2026-08-25T16:23:18.722-04:00,-4160.156250,-16.302919
2026-08-25T16:23:18.722-04:00,-4152.832031,-19.677061
2026-08-25T16:23:18.722-04:00,-4145.507812,-21.076866
2026-08-25T16:23:18.722-04:00,-4138.183594,-11.392466
2026-08-25T16:23:18.722-04:00,-4130.859375,-11.820696
2026-08-25T16:23:18.722-04:00,-4123.535156,-24.122465
2026-08-25T16:23:18.722-04:00,-4116.210938,-22.000420
2026-08-25T16:23:18.722-04:00,-4108.886719,-26.989628
2026-08-25T16:23:18.722-04:00,-4101.562500,-22.937675
2026-08-25T16:23:18.722-04:00,-4094.238281,-18.756592
2026-08-25T16:23:18.722-04:00,-4086.914062,-14.542349
2026-08-25T16:23:18.722-04:00,-4079.589844,-12.908463
2026-08-25T16:23:18.722-04:00,-4072.265625,-17.820839
2026-08-25T16:23:18.722-04:00,-4064.941406,-22.402054
2026-08-25T16:23:18.722-04:00,-4057.617188,-14.094591
2026-08-25T16:23:18.722-04:00,-4050.292969,-11.850337
2026-08-25T16:23:18.722-04:00,-4042.968750,-14.493395
2026-08-25T16:23:18.722-04:00,-4035.644531,-20.730549
2026-08-25T16:23:18.722-04:00,-4028.320312,-23.593681
2026-08-25T16:23:18.722-04:00,-4020.996094,-15.216473
2026-08-25T16:23:18.722-04:00,-4013.671875,-19.067284
2026-08-25T16:23:18.722-04:00,-4006.347656,-22.431890
2026-08-25T16:23:18.722-04:00,-3999.023438,-18.125547
2026-08-25T16:23:18.722-04:00,-3991.699219,-17.497879
2026-08-25T16:23:18.722-04:00,-3984.375000,-15.833324
2026-08-25T16:23:18.722-04:00,-3977.050781,-13.304136
2026-08-25T16:23:18.722-04:00,-3969.726562,-16.868275
2026-08-25T16:23:18.722-04:00,-3962.402344,-22.167032
2026-08-25T16:23:18.722-04:00,-3955.078125,-13.794869
2026-08-25T16:23:18.722-04:00,-3947.753906,-15.562370
2026-08-25T16:23:18.722-04:00,-3940.429688,-21.719658
2026-08-25T16:23:18.722-04:00,-3933.105469,-10.536638
2026-08-25T16:23:18.722-04:00,-3925.781250,-6.916309
2026-08-25T16:23:18.722-04:00,-3918.457031,-7.989070
2026-08-25T16:23:18.722-04:00,-3911.132812,-10.217665
2026-08-25T16:23:18.722-04:00,-3903.808594,-11.163430
2026-08-25T16:23:18.722-04:00,-3896.484375,-14.801327
2026-08-25T16:23:18.722-04:00,-3889.160156,-24.904190
2026-08-25T16:23:18.722-04:00,-3881.835938,-12.981280
2026-08-25T16:23:18.722-04:00,-3874.511719,-13.438110
2026-08-25T16:23:18.722-04:00,-3867.187500,-24.169205
2026-08-25T16:23:18.722-04:00,-3859.863281,-21.194174
2026-08-25T16:23:18.722-04:00,-3852.539062,-15.569815
2026-08-25T16:23:18.722-04:00,-3845.214844,-14.919722
2026-08-25T16:23:18.722-04:00,-3837.890625,-13.476620
2026-08-25T16:23:18.722-04:00,-3830.566406,-12.447562
2026-08-25T16:23:18.722-04:00,-3823.242188,-10.682998
2026-08-25T16:23:18.722-04:00,-3815.917969,-9.352633
2026-08-25T16:23:18.722-04:00,-3808.593750,-11.357188
2026-08-25T16:23:18.722-04:00,-3801.269531,-16.597551
2026-08-25T16:23:18.722-04:00,-3793.945312,-17.696224
2026-08-25T16:23:18.722-04:00,-3786.621094,-15.771025
2026-08-25T16:23:18.722-04:00,-3779.296875,-15.969797
2026-08-25T16:23:18.722-04:00,-3771.972656,-16.553782
2026-08-25T16:23:18.722-04:00,-3764.648438,-15.181849
2026-08-25T16:23:18.722-04:00,-3757.324219,-16.917030
2026-08-25T16:23:18.722-04:00,-3750.000000,-32.216114
2026-08-25T16:23:18.722-04:00,-3742.675781,-21.628529
2026-08-25T16:23:18.722-04:00,-3735.351562,-18.674467
2026-08-25T16:23:18.722-04:00,-3728.027344,-16.569731
2026-08-25T16:23:18.722-04:00,-3720.703125,-19.907063
2026-08-25T16:23:18.722-04:00,-3713.378906,-23.710051
2026-08-25T16:23:18.722-04:00,-3706.054688,-18.580973
2026-08-25T16:23:18.722-04:00,-3698.730469,-19.045961
2026-08-25T16:23:18.722-04:00,-3691.406250,-19.284918
2026-08-25T16:23:18.722-04:00,-3684.082031,-19.217407
2026-08-25T16:23:18.722-04:00,-3676.757812,-20.192646
2026-08-25T16:23:18.722-04:00,-3669.433594,-13.417274
2026-08-25T16:23:18.722-04:00,-3662.109375,-10.695585
2026-08-25T16:23:18.722-04:00,-3654.785156,-10.785848
2026-08-25T16:23:18.722-04:00,-3647.460938,-11.462454
2026-08-25T16:23:18.722-04:00,-3640.136719,-13.681254
2026-08-25T16:23:18.722-04:00,-3632.812500,-17.794552
2026-08-25T16:23:18.722-04:00,-3625.488281,-15.951973
2026-08-25T16:23:18.722-04:00,-3618.164062,-14.647583
2026-08-25T16:23:18.722-04:00,-3610.839844,-10.358357
2026-08-25T16:23:18.722-04:00,-3603.515625,-8.090359
2026-08-25T16:23:18.722-04:00,-3596.191406,-9.455337
2026-08-25T16:23:18.722-04:00,-3588.867188,-15.896469
2026-08-25T16:23:18.722-04:00,-3581.542969,-18.346535
2026-08-25T16:23:18.722-04:00,-3574.218750,-11.957475
2026-08-25T16:23:18.722-04:00,-3566.894531,-9.559785
2026-08-25T16:23:18.722-04:00,-3559.570312,-11.225419
2026-08-25T16:23:18.722-04:00,-3552.246094,-18.516087
2026-08-25T16:23:18.722-04:00,-3544.921875,-30.395706
2026-08-25T16:23:18.722-04:00,-3537.597656,-20.552303
2026-08-25T16:23:18.722-04:00,-3530.273438,-14.271734
2026-08-25T16:23:18.722-04:00,-3522.949219,-11.089703
2026-08-25T16:23:18.722-04:00,-3515.625000,-10.965452
2026-08-25T16:23:18.722-04:00,-3508.300781,-11.279947
2026-08-25T16:23:18.722-04:00,-3500.976562,-12.821917
2026-08-25T16:23:18.722-04:00,-3493.652344,-15.740944
2026-08-25T16:23:18.722-04:00,-3486.328125,-16.141548
2026-08-25T16:23:18.722-04:00,-3479.003906,-16.414742
2026-08-25T16:23:18.722-04:00,-3471.679688,-14.314596
2026-08-25T16:23:18.722-04:00,-3464.355469,-12.273253
2026-08-25T16:23:18.722-04:00,-3457.031250,-10.290255
2026-08-25T16:23:18.722-04:00,-3449.707031,-8.179911
2026-08-25T16:23:18.722-04:00,-3442.382812,-7.785521
2026-08-25T16:23:18.722-04:00,-3435.058594,-8.414289
2026-08-25T16:23:18.722-04:00,-3427.734375,-11.013048
2026-08-25T16:23:18.722-04:00,-3420.410156,-17.815825
2026-08-25T16:23:18.722-04:00,-3413.085938,-19.938179
2026-08-25T16:23:18.722-04:00,-3405.761719,-23.009563
2026-08-25T16:23:18.722-04:00,-3398.437500,-25.551298
2026-08-25T16:23:18.722-04:00,-3391.113281,-27.793379
2026-08-25T16:23:18.722-04:00,-3383.789062,-21.541197
2026-08-25T16:23:18.722-04:00,-3376.464844,-17.522232
2026-08-25T16:23:18.722-04:00,-3369.140625,-19.231186
2026-08-25T16:23:18.722-04:00,-3361.816406,-15.630064
2026-08-25T16:23:18.722-04:00,-3354.492188,-16.411400
2026-08-25T16:23:18.722-04:00,-3347.167969,-24.143229
2026-08-25T16:23:18.722-04:00,-3339.843750,-35.518257
2026-08-25T16:23:18.722-04:00,-3332.519531,-26.436897
2026-08-25T16:23:18.722-04:00,-3325.195312,-18.279486
2026-08-25T16:23:18.722-04:00,-3317.871094,-17.506178
2026-08-25T16:23:18.722-04:00,-3310.546875,-17.114273
2026-08-25T16:23:18.722-04:00,-3303.222656,-14.380285
2026-08-25T16:23:18.722-04:00,-3295.898438,-13.088175
2026-08-25T16:23:18.722-04:00,-3288.574219,-20.561905
2026-08-25T16:23:18.722-04:00,-3281.250000,-26.684319
2026-08-25T16:23:18.722-04:00,-3273.925781,-26.770782
2026-08-25T16:23:18.722-04:00,-3266.601562,-26.170940
2026-08-25T16:23:18.722-04:00,-3259.277344,-16.483040
2026-08-25T16:23:18.722-04:00,-3251.953125,-12.771633
2026-08-25T16:23:18.722-04:00,-3244.628906,-15.177925
2026-08-25T16:23:18.722-04:00,-3237.304688,-10.112992
2026-08-25T16:23:18.722-04:00,-3229.980469,-8.133956
2026-08-25T16:23:18.722-04:00,-3222.656250,-10.318138
2026-08-25T16:23:18.722-04:00,-3215.332031,-16.895407
2026-08-25T16:23:18.722-04:00,-3208.007812,-41.016354
2026-08-25T16:23:18.722-04:00,-3200.683594,-22.440479
2026-08-25T16:23:18.722-04:00,-3193.359375,-19.909306
2026-08-25T16:23:18.722-04:00,-3186.035156,-23.823547
2026-08-25T16:23:18.722-04:00,-3178.710938,-31.309778
2026-08-25T16:23:18.722-04:00,-3171.386719,-26.695292
2026-08-25T16:23:18.722-04:00,-3164.062500,-24.024956
2026-08-25T16:23:18.722-04:00,-3156.738281,-25.919353
2026-08-25T16:23:18.722-04:00,-3149.414062,-14.879485
2026-08-25T16:23:18.722-04:00,-3142.089844,-11.808001
2026-08-25T16:23:18.722-04:00,-3134.765625,-10.392489
2026-08-25T16:23:18.722-04:00,-3127.441406,-10.026632
2026-08-25T16:23:18.722-04:00,-3120.117188,-9.890102
2026-08-25T16:23:18.722-04:00,-3112.792969,-9.662470
2026-08-25T16:23:18.722-04:00,-3105.468750,-11.030210
2026-08-25T16:23:18.722-04:00,-3098.144531,-14.002399
2026-08-25T16:23:18.722-04:00,-3090.820312,-13.437418
2026-08-25T16:23:18.722-04:00,-3083.496094,-14.834530
2026-08-25T16:23:18.722-04:00,-3076.171875,-23.653206
2026-08-25T16:23:18.722-04:00,-3068.847656,-17.396322
2026-08-25T16:23:18.722-04:00,-3061.523438,-13.222797
2026-08-25T16:23:18.722-04:00,-3054.199219,-10.573252
2026-08-25T16:23:18.722-04:00,-3046.875000,-9.501554
2026-08-25T16:23:18.722-04:00,-3039.550781,-10.501604
2026-08-25T16:23:18.722-04:00,-3032.226562,-13.136497
2026-08-25T16:23:18.722-04:00,-3024.902344,-15.867577
2026-08-25T16:23:18.722-04:00,-3017.578125,-16.807774
2026-08-25T16:23:18.722-04:00,-3010.253906,-20.047665
2026-08-25T16:23:18.722-04:00,-3002.929688,-21.099855
2026-08-25T16:23:18.722-04:00,-2995.605469,-13.517518
2026-08-25T16:23:18.722-04:00,-2988.281250,-11.548224
2026-08-25T16:23:18.722-04:00,-2980.957031,-12.153334
2026-08-25T16:23:18.722-04:00,-2973.632812,-13.126377
2026-08-25T16:23:18.722-04:00,-2966.308594,-16.799675
2026-08-25T16:23:18.722-04:00,-2958.984375,-32.525921
2026-08-25T16:23:18.722-04:00,-2951.660156,-31.135090
2026-08-25T16:23:18.722-04:00,-2944.335938,-23.356058
2026-08-25T16:23:18.722-04:00,-2937.011719,-12.461454
2026-08-25T16:23:18.722-04:00,-2929.687500,-7.034196
2026-08-25T16:23:18.722-04:00,-2922.363281,-5.653258
2026-08-25T16:23:18.722-04:00,-2915.039062,-7.157634
2026-08-25T16:23:18.722-04:00,-2907.714844,-10.341158
2026-08-25T16:23:18.722-04:00,-2900.390625,-15.458780
2026-08-25T16:23:18.722-04:00,-2893.066406,-17.508577
2026-08-25T16:23:18.722-04:00,-2885.742188,-17.435667
2026-08-25T16:23:18.722-04:00,-2878.417969,-18.153355
2026-08-25T16:23:18.722-04:00,-2871.093750,-20.916489
2026-08-25T16:23:18.722-04:00,-2863.769531,-32.355255
2026-08-25T16:23:18.722-04:00,-2856.445312,-39.967602
2026-08-25T16:23:18.722-04:00,-2849.121094,-25.588940
2026-08-25T16:23:18.722-04:00,-2841.796875,-19.818031
2026-08-25T16:23:18.722-04:00,-2834.472656,-22.996195
2026-08-25T16:23:18.722-04:00,-2827.148438,-22.382938
2026-08-25T16:23:18.722-04:00,-2819.824219,-13.984926
2026-08-25T16:23:18.722-04:00,-2812.500000,-10.245039
2026-08-25T16:23:18.722-04:00,-2805.175781,-10.052092
2026-08-25T16:23:18.722-04:00,-2797.851562,-12.202353
2026-08-25T16:23:18.722-04:00,-2790.527344,-18.689178
2026-08-25T16:23:18.722-04:00,-2783.203125,-16.110317
2026-08-25T16:23:18.722-04:00,-2775.878906,-12.064623
2026-08-25T16:23:18.722-04:00,-2768.554688,-14.638777
2026-08-25T16:23:18.722-04:00,-2761.230469,-20.647974
2026-08-25T16:23:18.722-04:00,-2753.906250,-9.630108
2026-08-25T16:23:18.722-04:00,-2746.582031,-7.005577
2026-08-25T16:23:18.722-04:00,-2739.257812,-7.793137
2026-08-25T16:23:18.722-04:00,-2731.933594,-9.378184
2026-08-25T16:23:18.722-04:00,-2724.609375,-10.499149
2026-08-25T16:23:18.722-04:00,-2717.285156,-13.138811
2026-08-25T16:23:18.722-04:00,-2709.960938,-19.566757
2026-08-25T16:23:18.722-04:00,-2702.636719,-18.819050
2026-08-25T16:23:18.722-04:00,-2695.312500,-17.156168
2026-08-25T16:23:18.722-04:00,-2687.988281,-18.008806
2026-08-25T16:23:18.722-04:00,-2680.664062,-18.039185
2026-08-25T16:23:18.722-04:00,-2673.339844,-21.771854
2026-08-25T16:23:18.722-04:00,-2666.015625,-38.190094
2026-08-25T16:23:18.722-04:00,-2658.691406,-25.081779
2026-08-25T16:23:18.722-04:00,-2651.367188,-18.059307
2026-08-25T16:23:18.722-04:00,-2644.042969,-18.867491
2026-08-25T16:23:18.722-04:00,-2636.718750,-18.580040
2026-08-25T16:23:18.722-04:00,-2629.394531,-13.640139
2026-08-25T16:23:18.722-04:00,-2622.070312,-10.613726
2026-08-25T16:23:18.722-04:00,-2614.746094,-9.749256
2026-08-25T16:23:18.722-04:00,-2607.421875,-11.802878
2026-08-25T16:23:18.722-04:00,-2600.097656,-13.757698
2026-08-25T16:23:18.722-04:00,-2592.773438,-19.133640
2026-08-25T16:23:18.722-04:00,-2585.449219,-12.040553
2026-08-25T16:23:18.722-04:00,-2578.125000,-8.382934
2026-08-25T16:23:18.722-04:00,-2570.800781,-9.952041
2026-08-25T16:23:18.722-04:00,-2563.476562,-17.666590
2026-08-25T16:23:18.722-04:00,-2556.152344,-28.688814
2026-08-25T16:23:18.722-04:00,-2548.828125,-27.633230
2026-08-25T16:23:18.722-04:00,-2541.503906,-17.564270
2026-08-25T16:23:18.722-04:00,-2534.179688,-18.606209
2026-08-25T16:23:18.722-04:00,-2526.855469,-19.356230
2026-08-25T16:23:18.722-04:00,-2519.531250,-17.382395
2026-08-25T16:23:18.722-04:00,-2512.207031,-19.473970
2026-08-25T16:23:18.722-04:00,-2504.882812,-16.808556
2026-08-25T16:23:18.722-04:00,-2497.558594,-14.869495
2026-08-25T16:23:18.722-04:00,-2490.234375,-16.347746
2026-08-25T16:23:18.722-04:00,-2482.910156,-13.694046
2026-08-25T16:23:18.722-04:00,-2475.585938,-11.159482
2026-08-25T16:23:18.722-04:00,-2468.261719,-12.212282
2026-08-25T16:23:18.722-04:00,-2460.937500,-14.769034
2026-08-25T16:23:18.722-04:00,-2453.613281,-12.947640
2026-08-25T16:23:18.722-04:00,-2446.289062,-10.483312
2026-08-25T16:23:18.722-04:00,-2438.964844,-12.855386
2026-08-25T16:23:18.722-04:00,-2431.640625,-29.732817
2026-08-25T16:23:18.722-04:00,-2424.316406,-17.073641
2026-08-25T16:23:18.722-04:00,-2416.992188,-16.693493
2026-08-25T16:23:18.722-04:00,-2409.667969,-21.300695
2026-08-25T16:23:18.722-04:00,-2402.343750,-15.035924
2026-08-25T16:23:18.722-04:00,-2395.019531,-11.667872
2026-08-25T16:23:18.722-04:00,-2387.695312,-17.014526
2026-08-25T16:23:18.722-04:00,-2380.371094,-26.307686
2026-08-25T16:23:18.722-04:00,-2373.046875,-20.408915
2026-08-25T16:23:18.722-04:00,-2365.722656,-23.455496
2026-08-25T16:23:18.722-04:00,-2358.398438,-24.143955
2026-08-25T16:23:18.722-04:00,-2351.074219,-19.414412
2026-08-25T16:23:18.722-04:00,-2343.750000,-14.211006
2026-08-25T16:23:18.722-04:00,-2336.425781,-15.544859
2026-08-25T16:23:18.722-04:00,-2329.101562,-37.538216
2026-08-25T16:23:18.722-04:00,-2321.777344,-20.041006
2026-08-25T16:23:18.722-04:00,-2314.453125,-14.494864
2026-08-25T16:23:18.722-04:00,-2307.128906,-9.140986
2026-08-25T16:23:18.722-04:00,-2299.804688,-9.452972
2026-08-25T16:23:18.722-04:00,-2292.480469,-12.815572
2026-08-25T16:23:18.722-04:00,-2285.156250,-13.452951
2026-08-25T16:23:18.722-04:00,-2277.832031,-19.843067
2026-08-25T16:23:18.722-04:00,-2270.507812,-28.948238
2026-08-25T16:23:18.722-04:00,-2263.183594,-22.418926
2026-08-25T16:23:18.722-04:00,-2255.859375,-17.721550
2026-08-25T16:23:18.722-04:00,-2248.535156,-13.312622
2026-08-25T16:23:18.722-04:00,-2241.210938,-10.013506
2026-08-25T16:23:18.722-04:00,-2233.886719,-9.936379
2026-08-25T16:23:18.722-04:00,-2226.562500,-14.776125
2026-08-25T16:23:18.722-04:00,-2219.238281,-25.911610
2026-08-25T16:23:18.722-04:00,-2211.914062,-18.013857
2026-08-25T16:23:18.722-04:00,-2204.589844,-22.076378
2026-08-25T16:23:18.722-04:00,-2197.265625,-22.579231
2026-08-25T16:23:18.722-04:00,-2189.941406,-15.092946
2026-08-25T16:23:18.722-04:00,-2182.617188,-11.717529
2026-08-25T16:23:18.722-04:00,-2175.292969,-9.044372
2026-08-25T16:23:18.722-04:00,-2167.968750,-9.980222
2026-08-25T16:23:18.722-04:00,-2160.644531,-17.352198
2026-08-25T16:23:18.722-04:00,-2153.320312,-17.162060
2026-08-25T16:23:18.722-04:00,-2145.996094,-11.450430
2026-08-25T16:23:18.722-04:00,-2138.671875,-8.364359
2026-08-25T16:23:18.722-04:00,-2131.347656,-7.334470
2026-08-25T16:23:18.722-04:00,-2124.023438,-9.495515
2026-08-25T16:23:18.722-04:00,-2116.699219,-15.726482
2026-08-25T16:23:18.722-04:00,-2109.375000,-18.259035
2026-08-25T16:23:18.722-04:00,-2102.050781,-17.773443
2026-08-25T16:23:18.722-04:00,-2094.726562,-24.848995
2026-08-25T16:23:18.722-04:00,-2087.402344,-19.303699
2026-08-25T16:23:18.722-04:00,-2080.078125,-9.786390
2026-08-25T16:23:18.722-04:00,-2072.753906,-7.203817
2026-08-25T16:23:18.722-04:00,-2065.429688,-7.452456
2026-08-25T16:23:18.722-04:00,-2058.105469,-10.467508
2026-08-25T16:23:18.722-04:00,-2050.781250,-16.417301
2026-08-25T16:23:18.722-04:00,-2043.457031,-17.232502
2026-08-25T16:23:18.722-04:00,-2036.132812,-17.259132
2026-08-25T16:23:18.722-04:00,-2028.808594,-17.770134
2026-08-25T16:23:18.722-04:00,-2021.484375,-19.316757
2026-08-25T16:23:18.722-04:00,-2014.160156,-12.632027
2026-08-25T16:23:18.722-04:00,-2006.835938,-9.216241
2026-08-25T16:23:18.722-04:00,-1999.511719,-11.329969
2026-08-25T16:23:18.722-04:00,-1992.187500,-15.669477
2026-08-25T16:23:18.722-04:00,-1984.863281,-15.832829
2026-08-25T16:23:18.722-04:00,-1977.539062,-13.223356
2026-08-25T16:23:18.722-04:00,-1970.214844,-12.878451
2026-08-25T16:23:18.722-04:00,-1962.890625,-15.119076
2026-08-25T16:23:18.722-04:00,-1955.566406,-21.850607
2026-08-25T16:23:18.722-04:00,-1948.242188,-20.573006
2026-08-25T16:23:18.722-04:00,-1940.917969,-18.379112
2026-08-25T16:23:18.722-04:00,-1933.593750,-23.997173
2026-08-25T16:23:18.722-04:00,-1926.269531,-22.259386
2026-08-25T16:23:18.722-04:00,-1918.945312,-16.791264
2026-08-25T16:23:18.722-04:00,-1911.621094,-16.679857
2026-08-25T16:23:18.722-04:00,-1904.296875,-16.568008
2026-08-25T16:23:18.722-04:00,-1896.972656,-19.887527
2026-08-25T16:23:18.722-04:00,-1889.648438,-19.183002
2026-08-25T16:23:18.722-04:00,-1882.324219,-10.365921
2026-08-25T16:23:18.722-04:00,-1875.000000,-9.128207
2026-08-25T16:23:18.722-04:00,-1867.675781,-10.949490
2026-08-25T16:23:18.722-04:00,-1860.351562,-10.726767
2026-08-25T16:23:18.722-04:00,-1853.027344,-12.434513
2026-08-25T16:23:18.722-04:00,-1845.703125,-16.743887
2026-08-25T16:23:18.722-04:00,-1838.378906,-16.048944
2026-08-25T16:23:18.722-04:00,-1831.054688,-12.821917
2026-08-25T16:23:18.722-04:00,-1823.730469,-13.156194
2026-08-25T16:23:18.722-04:00,-1816.406250,-19.200539
2026-08-25T16:23:18.722-04:00,-1809.082031,-24.531670
2026-08-25T16:23:18.722-04:00,-1801.757812,-12.446757
2026-08-25T16:23:18.722-04:00,-1794.433594,-11.598911
2026-08-25T16:23:18.722-04:00,-1787.109375,-15.757552
2026-08-25T16:23:18.722-04:00,-1779.785156,-15.305918
2026-08-25T16:23:18.722-04:00,-1772.460938,-13.129235
2026-08-25T16:23:18.722-04:00,-1765.136719,-16.684118
2026-08-25T16:23:18.722-04:00,-1757.812500,-22.815382
2026-08-25T16:23:18.722-04:00,-1750.488281,-30.749195
2026-08-25T16:23:18.722-04:00,-1743.164062,-18.967550
2026-08-25T16:23:18.722-04:00,-1735.839844,-13.545586
2026-08-25T16:23:18.722-04:00,-1728.515625,-12.182087
2026-08-25T16:23:18.722-04:00,-1721.191406,-15.639853
2026-08-25T16:23:18.722-04:00,-1713.867188,-18.232357
2026-08-25T16:23:18.722-04:00,-1706.542969,-12.097990
2026-08-25T16:23:18.722-04:00,-1699.218750,-10.957433
2026-08-25T16:23:18.722-04:00,-1691.894531,-13.893579
2026-08-25T16:23:18.722-04:00,-1684.570312,-20.373550
2026-08-25T16:23:18.722-04:00,-1677.246094,-28.111572
2026-08-25T16:23:18.722-04:00,-1669.921875,-29.162970
2026-08-25T16:23:18.722-04:00,-1662.597656,-31.562443
2026-08-25T16:23:18.722-04:00,-1655.273438,-20.978352
2026-08-25T16:23:18.722-04:00,-1647.949219,-19.305973
2026-08-25T16:23:18.722-04:00,-1640.625000,-18.961842
2026-08-25T16:23:18.722-04:00,-1633.300781,-14.130486
2026-08-25T16:23:18.722-04:00,-1625.976562,-11.878534
2026-08-25T16:23:18.722-04:00,-1618.652344,-13.866035
2026-08-25T16:23:18.722-04:00,-1611.328125,-14.405704
2026-08-25T16:23:18.722-04:00,-1604.003906,-12.624056
2026-08-25T16:23:18.722-04:00,-1596.679688,-13.762044
2026-08-25T16:23:18.722-04:00,-1589.355469,-19.324381
2026-08-25T16:23:18.722-04:00,-1582.031250,-12.865586
2026-08-25T16:23:18.722-04:00,-1574.707031,-7.340350
2026-08-25T16:23:18.722-04:00,-1567.382812,-5.807528
2026-08-25T16:23:18.722-04:00,-1560.058594,-9.295034
2026-08-25T16:23:18.722-04:00,-1552.734375,-31.707079
2026-08-25T16:23:18.722-04:00,-1545.410156,-11.594882
2026-08-25T16:23:18.722-04:00,-1538.085938,-11.476026
2026-08-25T16:23:18.722-04:00,-1530.761719,-30.096043
2026-08-25T16:23:18.722-04:00,-1523.437500,-14.540483
2026-08-25T16:23:18.722-04:00,-1516.113281,-12.855661
2026-08-25T16:23:18.722-04:00,-1508.789062,-12.083862
2026-08-25T16:23:18.722-04:00,-1501.464844,-10.156938
2026-08-25T16:23:18.722-04:00,-1494.140625,-8.803795
2026-08-25T16:23:18.722-04:00,-1486.816406,-10.356600
2026-08-25T16:23:18.722-04:00,-1479.492188,-16.100090
2026-08-25T16:23:18.722-04:00,-1472.167969,-20.012276
2026-08-25T16:23:18.722-04:00,-1464.843750,-20.226383
2026-08-25T16:23:18.722-04:00,-1457.519531,-22.338152
2026-08-25T16:23:18.722-04:00,-1450.195312,-18.752333
2026-08-25T16:23:18.722-04:00,-1442.871094,-18.346779
2026-08-25T16:23:18.722-04:00,-1435.546875,-14.255077
2026-08-25T16:23:18.722-04:00,-1428.222656,-15.886999
2026-08-25T16:23:18.722-04:00,-1420.898438,-37.058773
2026-08-25T16:23:18.722-04:00,-1413.574219,-21.545124
2026-08-25T16:23:18.722-04:00,-1406.250000,-26.781042
2026-08-25T16:23:18.722-04:00,-1398.925781,-11.460752
2026-08-25T16:23:18.722-04:00,-1391.601562,-7.774257
2026-08-25T16:23:18.722-04:00,-1384.277344,-9.688666
2026-08-25T16:23:18.722-04:00,-1376.953125,-11.969078
2026-08-25T16:23:18.722-04:00,-1369.628906,-10.300861
2026-08-25T16:23:18.722-04:00,-1362.304688,-12.414610
2026-08-25T16:23:18.722-04:00,-1354.980469,-15.618840
2026-08-25T16:23:18.722-04:00,-1347.656250,-20.231079
2026-08-25T16:23:18.722-04:00,-1340.332031,-21.464884
2026-08-25T16:23:18.722-04:00,-1333.007812,-24.798962
2026-08-25T16:23:18.722-04:00,-1325.683594,-23.206509
2026-08-25T16:23:18.722-04:00,-1318.359375,-15.200901
2026-08-25T16:23:18.722-04:00,-1311.035156,-16.544504
2026-08-25T16:23:18.722-04:00,-1303.710938,-33.031479
2026-08-25T16:23:18.722-04:00,-1296.386719,-14.422574
2026-08-25T16:23:18.722-04:00,-1289.062500,-13.118669
2026-08-25T16:23:18.722-04:00,-1281.738281,-14.125948
2026-08-25T16:23:18.722-04:00,-1274.414062,-12.243581
2026-08-25T16:23:18.722-04:00,-1267.089844,-10.370044
2026-08-25T16:23:18.722-04:00,-1259.765625,-12.264463
2026-08-25T16:23:18.722-04:00,-1252.441406,-17.394012
2026-08-25T16:23:18.722-04:00,-1245.117188,-22.808065
2026-08-25T16:23:18.722-04:00,-1237.792969,-20.799015
2026-08-25T16:23:18.722-04:00,-1230.468750,-12.907095
2026-08-25T16:23:18.722-04:00,-1223.144531,-11.748815
2026-08-25T16:23:18.722-04:00,-1215.820312,-15.179075
2026-08-25T16:23:18.722-04:00,-1208.496094,-20.697109
2026-08-25T16:23:18.722-04:00,-1201.171875,-20.190273
2026-08-25T16:23:18.722-04:00,-1193.847656,-21.150211
2026-08-25T16:23:18.722-04:00,-1186.523438,-15.051497
2026-08-25T16:23:18.722-04:00,-1179.199219,-8.571473
2026-08-25T16:23:18.722-04:00,-1171.875000,-6.457763
2026-08-25T16:23:18.722-04:00,-1164.550781,-8.046844
2026-08-25T16:23:18.722-04:00,-1157.226562,-11.052370
2026-08-25T16:23:18.722-04:00,-1149.902344,-11.810361
2026-08-25T16:23:18.722-04:00,-1142.578125,-12.599864
2026-08-25T16:23:18.722-04:00,-1135.253906,-14.147044
2026-08-25T16:23:18.722-04:00,-1127.929688,-14.376534
2026-08-25T16:23:18.722-04:00,-1120.605469,-13.032051
2026-08-25T16:23:18.722-04:00,-1113.281250,-15.168465
2026-08-25T16:23:18.722-04:00,-1105.957031,-24.430305
2026-08-25T16:23:18.722-04:00,-1098.632812,-15.366606
2026-08-25T16:23:18.722-04:00,-1091.308594,-18.870422
2026-08-25T16:23:18.722-04:00,-1083.984375,-16.588524
2026-08-25T16:23:18.722-04:00,-1076.660156,-15.742409
2026-08-25T16:23:18.722-04:00,-1069.335938,-20.199654
2026-08-25T16:23:18.722-04:00,-1062.011719,-15.917208
2026-08-25T16:23:18.722-04:00,-1054.687500,-10.020533
2026-08-25T16:23:18.722-04:00,-1047.363281,-7.945359
2026-08-25T16:23:18.722-04:00,-1040.039062,-8.070255
2026-08-25T16:23:18.722-04:00,-1032.714844,-9.978619
2026-08-25T16:23:18.722-04:00,-1025.390625,-15.166100
2026-08-25T16:23:18.722-04:00,-1018.066406,-19.621157
2026-08-25T16:23:18.722-04:00,-1010.742188,-17.148636
2026-08-25T16:23:18.722-04:00,-1003.417969,-15.814428
2026-08-25T16:23:18.722-04:00,-996.093750,-15.731088
2026-08-25T16:23:18.722-04:00,-988.769531,-11.343230
2026-08-25T16:23:18.722-04:00,-981.445312,-10.409904
2026-08-25T16:23:18.722-04:00,-974.121094,-10.407329
2026-08-25T16:23:18.722-04:00,-966.796875,-11.319582
2026-08-25T16:23:18.722-04:00,-959.472656,-18.451948
2026-08-25T16:23:18.722-04:00,-952.148438,-16.600876
2026-08-25T16:23:18.722-04:00,-944.824219,-17.172335
2026-08-25T16:23:18.722-04:00,-937.500000,-17.983124
2026-08-25T16:23:18.722-04:00,-930.175781,-17.133469
2026-08-25T16:23:18.722-04:00,-922.851562,-19.376040
2026-08-25T16:23:18.722-04:00,-915.527344,-20.057537
2026-08-25T16:23:18.722-04:00,-908.203125,-11.377857
2026-08-25T16:23:18.722-04:00,-900.878906,-9.981173
2026-08-25T16:23:18.722-04:00,-893.554688,-14.097635
2026-08-25T16:23:18.722-04:00,-886.230469,-22.292271
2026-08-25T16:23:18.722-04:00,-878.906250,-20.672955
2026-08-25T16:23:18.722-04:00,-871.582031,-19.971785
2026-08-25T16:23:18.722-04:00,-864.257812,-26.429483
2026-08-25T16:23:18.722-04:00,-856.933594,-21.520851
2026-08-25T16:23:18.722-04:00,-849.609375,-13.476901
2026-08-25T16:23:18.722-04:00,-842.285156,-10.380454
2026-08-25T16:23:18.722-04:00,-834.960938,-9.585640
2026-08-25T16:23:18.722-04:00,-827.636719,-10.121500
2026-08-25T16:23:18.722-04:00,-820.312500,-12.444147
2026-08-25T16:23:18.722-04:00,-812.988281,-13.944246
2026-08-25T16:23:18.722-04:00,-805.664062,-13.648538
2026-08-25T16:23:18.722-04:00,-798.339844,-15.019974
2026-08-25T16:23:18.722-04:00,-791.015625,-12.643313
2026-08-25T16:23:18.722-04:00,-783.691406,-11.769528
2026-08-25T16:23:18.722-04:00,-776.367188,-17.709303
2026-08-25T16:23:18.722-04:00,-769.042969,-15.492344
2026-08-25T16:23:18.722-04:00,-761.718750,-13.945461
2026-08-25T16:23:18.722-04:00,-754.394531,-18.286942
2026-08-25T16:23:18.722-04:00,-747.070312,-18.533920
2026-08-25T16:23:18.722-04:00,-739.746094,-14.198738
2026-08-25T16:23:18.722-04:00,-732.421875,-9.794888
2026-08-25T16:23:18.722-04:00,-725.097656,-9.310296
2026-08-25T16:23:18.722-04:00,-717.773438,-12.233505
2026-08-25T16:23:18.722-04:00,-710.449219,-12.207991
2026-08-25T16:23:18.722-04:00,-703.125000,-11.544141
2026-08-25T16:23:18.722-04:00,-695.800781,-15.719071
2026-08-25T16:23:18.722-04:00,-688.476562,-18.342197
2026-08-25T16:23:18.722-04:00,-681.152344,-16.443813
2026-08-25T16:23:18.722-04:00,-673.828125,-14.082099
2026-08-25T16:23:18.722-04:00,-666.503906,-12.923178
2026-08-25T16:23:18.722-04:00,-659.179688,-19.359407
2026-08-25T16:23:18.722-04:00,-651.855469,-18.420063
2026-08-25T16:23:18.722-04:00,-644.531250,-13.418453
2026-08-25T16:23:18.722-04:00,-637.207031,-16.242865
2026-08-25T16:23:18.722-04:00,-629.882812,-17.078186
2026-08-25T16:23:18.722-04:00,-622.558594,-13.778465
2026-08-25T16:23:18.722-04:00,-615.234375,-16.352938
2026-08-25T16:23:18.722-04:00,-607.910156,-28.727020
2026-08-25T16:23:18.722-04:00,-600.585938,-21.058376
2026-08-25T16:23:18.722-04:00,-593.261719,-20.576836
2026-08-25T16:23:18.722-04:00,-585.937500,-28.623085
2026-08-25T16:23:18.722-04:00,-578.613281,-20.082306
2026-08-25T16:23:18.722-04:00,-571.289062,-15.485619
2026-08-25T16:23:18.722-04:00,-563.964844,-13.339317
2026-08-25T16:23:18.722-04:00,-556.640625,-11.853570
2026-08-25T16:23:18.722-04:00,-549.316406,-10.530573
2026-08-25T16:23:18.722-04:00,-541.992188,-12.024754
2026-08-25T16:23:18.722-04:00,-534.667969,-24.849159
2026-08-25T16:23:18.722-04:00,-527.343750,-16.678864
2026-08-25T16:23:18.722-04:00,-520.019531,-14.751812
2026-08-25T16:23:18.722-04:00,-512.695312,-18.979633
2026-08-25T16:23:18.722-04:00,-505.371094,-21.171885
2026-08-25T16:23:18.722-04:00,-498.046875,-18.069202
2026-08-25T16:23:18.722-04:00,-490.722656,-19.074520
2026-08-25T16:23:18.722-04:00,-483.398438,-17.763485
2026-08-25T16:23:18.722-04:00,-476.074219,-14.964494
2026-08-25T16:23:18.722-04:00,-468.750000,-14.452806
2026-08-25T16:23:18.722-04:00,-461.425781,-16.254213
2026-08-25T16:23:18.722-04:00,-454.101562,-20.836945
2026-08-25T16:23:18.722-04:00,-446.777344,-19.705173
2026-08-25T16:23:18.722-04:00,-439.453125,-17.141464
2026-08-25T16:23:18.722-04:00,-432.128906,-14.974751
2026-08-25T16:23:18.722-04:00,-424.804688,-16.410717
2026-08-25T16:23:18.722-04:00,-417.480469,-22.278996
2026-08-25T16:23:18.722-04:00,-410.156250,-35.393929
2026-08-25T16:23:18.722-04:00,-402.832031,-23.893358
2026-08-25T16:23:18.722-04:00,-395.507812,-20.779240
2026-08-25T16:23:18.722-04:00,-388.183594,-22.673523
2026-08-25T16:23:18.722-04:00,-380.859375,-31.891598
2026-08-25T16:23:18.722-04:00,-373.535156,-26.837055
2026-08-25T16:23:18.722-04:00,-366.210938,-16.848284
2026-08-25T16:23:18.722-04:00,-358.886719,-13.264037
2026-08-25T16:23:18.722-04:00,-351.562500,-13.365697
2026-08-25T16:23:18.722-04:00,-344.238281,-18.425180
2026-08-25T16:23:18.722-04:00,-336.914062,-28.267509
2026-08-25T16:23:18.722-04:00,-329.589844,-16.765003
2026-08-25T16:23:18.722-04:00,-322.265625,-17.156376
2026-08-25T16:23:18.722-04:00,-314.941406,-18.958328
2026-08-25T16:23:18.722-04:00,-307.617188,-19.341574
2026-08-25T16:23:18.722-04:00,-300.292969,-20.944164
2026-08-25T16:23:18.722-04:00,-292.968750,-28.413345
2026-08-25T16:23:18.722-04:00,-285.644531,-23.788748
2026-08-25T16:23:18.722-04:00,-278.320312,-29.581957
2026-08-25T16:23:18.722-04:00,-270.996094,-22.486004
2026-08-25T16:23:18.722-04:00,-263.671875,-20.274399
2026-08-25T16:23:18.722-04:00,-256.347656,-18.448322
2026-08-25T16:23:18.722-04:00,-249.023438,-16.860344
2026-08-25T16:23:18.722-04:00,-241.699219,-20.656723
2026-08-25T16:23:18.722-04:00,-234.375000,-24.898350
2026-08-25T16:23:18.722-04:00,-227.050781,-20.028811
2026-08-25T16:23:18.722-04:00,-219.726562,-16.634447
2026-08-25T16:23:18.722-04:00,-212.402344,-12.159824
2026-08-25T16:23:18.722-04:00,-205.078125,-11.321205
2026-08-25T16:23:18.722-04:00,-197.753906,-15.676819
2026-08-25T16:23:18.722-04:00,-190.429688,-17.418625
2026-08-25T16:23:18.722-04:00,-183.105469,-14.561436
2026-08-25T16:23:18.722-04:00,-175.781250,-11.833006
2026-08-25T16:23:18.722-04:00,-168.457031,-9.791744
2026-08-25T16:23:18.722-04:00,-161.132812,-10.640839
2026-08-25T16:23:18.722-04:00,-153.808594,-15.477016
2026-08-25T16:23:18.722-04:00,-146.484375,-20.122967
2026-08-25T16:23:18.722-04:00,-139.160156,-17.105701
2026-08-25T16:23:18.722-04:00,-131.835938,-11.774424
2026-08-25T16:23:18.722-04:00,-124.511719,-9.414915
2026-08-25T16:23:18.722-04:00,-117.187500,-9.688860
2026-08-25T16:23:18.722-04:00,-109.863281,-11.080447
2026-08-25T16:23:18.722-04:00,-102.539062,-13.000086
2026-08-25T16:23:18.722-04:00,-95.214844,-19.949957
2026-08-25T16:23:18.722-04:00,-87.890625,-20.400452
2026-08-25T16:23:18.722-04:00,-80.566406,-17.915737
2026-08-25T16:23:18.722-04:00,-73.242188,-16.841944
2026-08-25T16:23:18.722-04:00,-65.917969,-14.526759
2026-08-25T16:23:18.722-04:00,-58.593750,-17.196075
2026-08-25T16:23:18.722-04:00,-51.269531,-19.571836
2026-08-25T16:23:18.722-04:00,-43.945312,-14.431986
2026-08-25T16:23:18.722-04:00,-36.621094,-11.876886
2026-08-25T16:23:18.722-04:00,-29.296875,-9.139084
2026-08-25T16:23:18.722-04:00,-21.972656,-8.685339
2026-08-25T16:23:18.722-04:00,-14.648438,-13.034397
2026-08-25T16:23:18.722-04:00,-7.324219,-19.308537
2026-08-25T16:23:18.722-04:00,0.000000,-22.895641
2026-08-25T16:23:18.722-04:00,7.324219,-23.298458
2026-08-25T16:23:18.722-04:00,14.648438,-21.474735
2026-08-25T16:23:18.722-04:00,21.972656,-27.015434
2026-08-25T16:23:18.722-04:00,29.296875,-25.351202
2026-08-25T16:23:18.722-04:00,36.621094,-14.872005
2026-08-25T16:23:18.722-04:00,43.945312,-13.646885
2026-08-25T16:23:18.722-04:00,51.269531,-17.533524
2026-08-25T16:23:18.722-04:00,58.593750,-26.410444
2026-08-25T16:23:18.722-04:00,65.917969,-30.640236
2026-08-25T16:23:18.722-04:00,73.242188,-17.577076
2026-08-25T16:23:18.722-04:00,80.566406,-11.837782
2026-08-25T16:23:18.722-04:00,87.890625,-12.203005
2026-08-25T16:23:18.722-04:00,95.214844,-14.053353
2026-08-25T16:23:18.722-04:00,102.539062,-12.499484
2026-08-25T16:23:18.722-04:00,109.863281,-13.547235
2026-08-25T16:23:18.722-04:00,117.187500,-16.673937
2026-08-25T16:23:18.722-04:00,124.511719,-19.087692
2026-08-25T16:23:18.722-04:00,131.835938,-17.370146
2026-08-25T16:23:18.722-04:00,139.160156,-15.655758
2026-08-25T16:23:18.722-04:00,146.484375,-19.298298
2026-08-25T16:23:18.722-04:00,153.808594,-40.822289
2026-08-25T16:23:18.722-04:00,161.132812,-19.819120
2026-08-25T16:23:18.722-04:00,168.457031,-17.361597
2026-08-25T16:23:18.722-04:00,175.781250,-18.740452
2026-08-25T16:23:18.722-04:00,183.105469,-22.756012
2026-08-25T16:23:18.722-04:00,190.429688,-19.297928
2026-08-25T16:23:18.722-04:00,197.753906,-11.838949
2026-08-25T16:23:18.722-04:00,205.078125,-10.683527
2026-08-25T16:23:18.722-04:00,212.402344,-16.679806
2026-08-25T16:23:18.722-04:00,219.726562,-24.486334
2026-08-25T16:23:18.722-04:00,227.050781,-23.597374
2026-08-25T16:23:18.722-04:00,234.375000,-33.812160
2026-08-25T16:23:18.722-04:00,241.699219,-19.354424
2026-08-25T16:23:18.722-04:00,249.023438,-17.222206
2026-08-25T16:23:18.722-04:00,256.347656,-21.672977
2026-08-25T16:23:18.722-04:00,263.671875,-19.722446
2026-08-25T16:23:18.722-04:00,270.996094,-16.615829
2026-08-25T16:23:18.722-04:00,278.320312,-42.317242
2026-08-25T16:23:18.722-04:00,285.644531,-12.535835
2026-08-25T16:23:18.722-04:00,292.968750,-9.081344
2026-08-25T16:23:18.722-04:00,300.292969,-11.077482
2026-08-25T16:23:18.722-04:00,307.617188,-20.387009
2026-08-25T16:23:18.722-04:00,314.941406,-27.212133
2026-08-25T16:23:18.722-04:00,322.265625,-18.176489
2026-08-25T16:23:18.722-04:00,329.589844,-11.571914
2026-08-25T16:23:18.722-04:00,336.914062,-10.942111
2026-08-25T16:23:18.722-04:00,344.238281,-12.165531
2026-08-25T16:23:18.722-04:00,351.562500,-15.142417
2026-08-25T16:23:18.722-04:00,358.886719,-16.250240
2026-08-25T16:23:18.722-04:00,366.210938,-14.263907
2026-08-25T16:23:18.722-04:00,373.535156,-18.714659
2026-08-25T16:23:18.722-04:00,380.859375,-22.638304
2026-08-25T16:23:18.722-04:00,388.183594,-17.430897
2026-08-25T16:23:18.722-04:00,395.507812,-20.045595
2026-08-25T16:23:18.722-04:00,402.832031,-35.222317
2026-08-25T16:23:18.722-04:00,410.156250,-19.730558
2026-08-25T16:23:18.722-04:00,417.480469,-20.001480
2026-08-25T16:23:18.722-04:00,424.804688,-15.481647
2026-08-25T16:23:18.722-04:00,432.128906,-16.287271
2026-08-25T16:23:18.722-04:00,439.453125,-24.648285
2026-08-25T16:23:18.722-04:00,446.777344,-25.884817
2026-08-25T16:23:18.722-04:00,454.101562,-15.932794
2026-08-25T16:23:18.722-04:00,461.425781,-11.296638
2026-08-25T16:23:18.722-04:00,468.750000,-11.318611
2026-08-25T16:23:18.722-04:00,476.074219,-14.746149
2026-08-25T16:23:18.722-04:00,483.398438,-17.163742
2026-08-25T16:23:18.722-04:00,490.722656,-16.150190
2026-08-25T16:23:18.722-04:00,498.046875,-14.774347
2026-08-25T16:23:18.722-04:00,505.371094,-14.996110
2026-08-25T16:23:18.722-04:00,512.695312,-18.591431
2026-08-25T16:23:18.722-04:00,520.019531,-17.238756
2026-08-25T16:23:18.722-04:00,527.343750,-21.668159
2026-08-25T16:23:18.722-04:00,534.667969,-25.378885
2026-08-25T16:23:18.722-04:00,541.992188,-19.823744
2026-08-25T16:23:18.722-04:00,549.316406,-16.253981
2026-08-25T16:23:18.722-04:00,556.640625,-13.788099
2026-08-25T16:23:18.722-04:00,563.964844,-15.439384
2026-08-25T16:23:18.722-04:00,571.289062,-18.977936
2026-08-25T16:23:18.722-04:00,578.613281,-16.384361
2026-08-25T16:23:18.722-04:00,585.937500,-13.985915
2026-08-25T16:23:18.722-04:00,593.261719,-13.454827
2026-08-25T16:23:18.722-04:00,600.585938,-13.106943
2026-08-25T16:23:18.722-04:00,607.910156,-14.312756
2026-08-25T16:23:18.722-04:00,615.234375,-16.201860
2026-08-25T16:23:18.722-04:00,622.558594,-15.781136
2026-08-25T16:23:18.722-04:00,629.882812,-15.138666
2026-08-25T16:23:18.722-04:00,637.207031,-11.064166
2026-08-25T16:23:18.722-04:00,644.531250,-8.542400
2026-08-25T16:23:18.722-04:00,651.855469,-9.601231
2026-08-25T16:23:18.722-04:00,659.179688,-16.814522
2026-08-25T16:23:18.722-04:00,666.503906,-22.163288
2026-08-25T16:23:18.722-04:00,673.828125,-19.539564
2026-08-25T16:23:18.722-04:00,681.152344,-20.597610
2026-08-25T16:23:18.722-04:00,688.476562,-22.953339
2026-08-25T16:23:18.722-04:00,695.800781,-31.287519
2026-08-25T16:23:18.722-04:00,703.125000,-17.720074
2026-08-25T16:23:18.722-04:00,710.449219,-16.163956
2026-08-25T16:23:18.722-04:00,717.773438,-21.027910
2026-08-25T16:23:18.722-04:00,725.097656,-18.661922
2026-08-25T16:23:18.722-04:00,732.421875,-13.244132
2026-08-25T16:23:18.722-04:00,739.746094,-10.158663
2026-08-25T16:23:18.722-04:00,747.070312,-11.516987
2026-08-25T16:23:18.722-04:00,754.394531,-18.560249
2026-08-25T16:23:18.722-04:00,761.718750,-39.452213
2026-08-25T16:23:18.722-04:00,769.042969,-35.104671
2026-08-25T16:23:18.722-04:00,776.367188,-19.793400
2026-08-25T16:23:18.722-04:00,783.691406,-18.297810
2026-08-25T16:23:18.722-04:00,791.015625,-20.146963
2026-08-25T16:23:18.722-04:00,798.339844,-15.105668
2026-08-25T16:23:18.722-04:00,805.664062,-17.569803
2026-08-25T16:23:18.722-04:00,812.988281,-25.080589
2026-08-25T16:23:18.722-04:00,820.312500,-26.550182
2026-08-25T16:23:18.722-04:00,827.636719,-16.626167
2026-08-25T16:23:18.722-04:00,834.960938,-12.106563
2026-08-25T16:23:18.722-04:00,842.285156,-12.166099
2026-08-25T16:23:18.722-04:00,849.609375,-12.141156
2026-08-25T16:23:18.722-04:00,856.933594,-16.043715
2026-08-25T16:23:18.722-04:00,864.257812,-54.414486
2026-08-25T16:23:18.722-04:00,871.582031,-21.030605
2026-08-25T16:23:18.722-04:00,878.906250,-19.667336
2026-08-25T16:23:18.722-04:00,886.230469,-13.314210
2026-08-25T16:23:18.722-04:00,893.554688,-11.016088
2026-08-25T16:23:18.722-04:00,900.878906,-14.562170
2026-08-25T16:23:18.722-04:00,908.203125,-22.694527
2026-08-25T16:23:18.722-04:00,915.527344,-12.824680
2026-08-25T16:23:18.722-04:00,922.851562,-8.589905
2026-08-25T16:23:18.722-04:00,930.175781,-8.658995
2026-08-25T16:23:18.722-04:00,937.500000,-14.506879
2026-08-25T16:23:18.722-04:00,944.824219,-19.343487
2026-08-25T16:23:18.722-04:00,952.148438,-11.482100
2026-08-25T16:23:18.722-04:00,959.472656,-11.675477
2026-08-25T16:23:18.722-04:00,966.796875,-14.826074
2026-08-25T16:23:18.722-04:00,974.121094,-19.207966
2026-08-25T16:23:18.722-04:00,981.445312,-20.660210
2026-08-25T16:23:18.722-04:00,988.769531,-17.181248
2026-08-25T16:23:18.722-04:00,996.093750,-17.889965
2026-08-25T16:23:18.722-04:00,1003.417969,-17.000778
2026-08-25T16:23:18.722-04:00,1010.742188,-13.978315
2026-08-25T16:23:18.722-04:00,1018.066406,-12.678976
2026-08-25T16:23:18.722-04:00,1025.390625,-10.441585
2026-08-25T16:23:18.722-04:00,1032.714844,-11.412243
2026-08-25T16:23:18.722-04:00,1040.039062,-17.791435
2026-08-25T16:23:18.722-04:00,1047.363281,-23.072214
2026-08-25T16:23:18.722-04:00,1054.687500,-26.944721
2026-08-25T16:23:18.722-04:00,1062.011719,-16.049965
2026-08-25T16:23:18.722-04:00,1069.335938,-14.464048
2026-08-25T16:23:18.722-04:00,1076.660156,-15.266958
2026-08-25T16:23:18.722-04:00,1083.984375,-12.889882
2026-08-25T16:23:18.722-04:00,1091.308594,-11.129129
2026-08-25T16:23:18.722-04:00,1098.632812,-13.241150
2026-08-25T16:23:18.722-04:00,1105.957031,-19.250549
2026-08-25T16:23:18.722-04:00,1113.281250,-23.374687
2026-08-25T16:23:18.722-04:00,1120.605469,-14.271793
2026-08-25T16:23:18.722-04:00,1127.929688,-10.436326
2026-08-25T16:23:18.722-04:00,1135.253906,-12.570891
2026-08-25T16:23:18.722-04:00,1142.578125,-22.304552
2026-08-25T16:23:18.722-04:00,1149.902344,-16.126158
2026-08-25T16:23:18.722-04:00,1157.226562,-14.066615
2026-08-25T16:23:18.722-04:00,1164.550781,-14.420485
2026-08-25T16:23:18.722-04:00,1171.875000,-13.268740
2026-08-25T16:23:18.722-04:00,1179.199219,-12.787246
2026-08-25T16:23:18.722-04:00,1186.523438,-15.686081
2026-08-25T16:23:18.722-04:00,1193.847656,-19.948225
2026-08-25T16:23:18.722-04:00,1201.171875,-22.233236
2026-08-25T16:23:18.722-04:00,1208.496094,-25.798435
2026-08-25T16:23:18.722-04:00,1215.820312,-25.820332
2026-08-25T16:23:18.722-04:00,1223.144531,-19.773304
2026-08-25T16:23:18.722-04:00,1230.468750,-17.679041
2026-08-25T16:23:18.722-04:00,1237.792969,-23.955992
2026-08-25T16:23:18.722-04:00,1245.117188,-27.202089
2026-08-25T16:23:18.722-04:00,1252.441406,-19.913218
2026-08-25T16:23:18.722-04:00,1259.765625,-15.208878
2026-08-25T16:23:18.722-04:00,1267.089844,-16.708998
2026-08-25T16:23:18.722-04:00,1274.414062,-22.776968
2026-08-25T16:23:18.722-04:00,1281.738281,-20.248558
2026-08-25T16:23:18.722-04:00,1289.062500,-16.359678
2026-08-25T16:23:18.722-04:00,1296.386719,-15.292979
2026-08-25T16:23:18.722-04:00,1303.710938,-17.261852
2026-08-25T16:23:18.722-04:00,1311.035156,-23.668650
2026-08-25T16:23:18.722-04:00,1318.359375,-12.014515
2026-08-25T16:23:18.722-04:00,1325.683594,-6.719366
2026-08-25T16:23:18.722-04:00,1333.007812,-6.763738
2026-08-25T16:23:18.722-04:00,1340.332031,-14.951138
2026-08-25T16:23:18.722-04:00,1347.656250,-16.518270
2026-08-25T16:23:18.722-04:00,1354.980469,-13.520780
2026-08-25T16:23:18.722-04:00,1362.304688,-15.216002
2026-08-25T16:23:18.722-04:00,1369.628906,-16.560324
2026-08-25T16:23:18.722-04:00,1376.953125,-25.207750
2026-08-25T16:23:18.722-04:00,1384.277344,-16.065369
2026-08-25T16:23:18.722-04:00,1391.601562,-13.819487
2026-08-25T16:23:18.722-04:00,1398.925781,-18.474068
2026-08-25T16:23:18.722-04:00,1406.250000,-18.633844
2026-08-25T16:23:18.722-04:00,1413.574219,-13.136377
2026-08-25T16:23:18.722-04:00,1420.898438,-11.875612
2026-08-25T16:23:18.722-04:00,1428.222656,-15.915154
2026-08-25T16:23:18.722-04:00,1435.546875,-13.571880
2026-08-25T16:23:18.722-04:00,1442.871094,-11.671547
2026-08-25T16:23:18.722-04:00,1450.195312,-12.459160
2026-08-25T16:23:18.722-04:00,1457.519531,-18.101612
2026-08-25T16:23:18.722-04:00,1464.843750,-24.191040
2026-08-25T16:23:18.722-04:00,1472.167969,-33.087059
2026-08-25T16:23:18.722-04:00,1479.492188,-19.954050
2026-08-25T16:23:18.722-04:00,1486.816406,-16.802292
2026-08-25T16:23:18.722-04:00,1494.140625,-18.588652
2026-08-25T16:23:18.722-04:00,1501.464844,-20.426979
2026-08-25T16:23:18.722-04:00,1508.789062,-22.955477
2026-08-25T16:23:18.722-04:00,1516.113281,-15.080663
2026-08-25T16:23:18.722-04:00,1523.437500,-12.931707
2026-08-25T16:23:18.722-04:00,1530.761719,-16.251045
2026-08-25T16:23:18.722-04:00,1538.085938,-24.078423
2026-08-25T16:23:18.722-04:00,1545.410156,-19.727804
2026-08-25T16:23:18.722-04:00,1552.734375,-18.979797
2026-08-25T16:23:18.722-04:00,1560.058594,-16.861288
2026-08-25T16:23:18.722-04:00,1567.382812,-16.420517
2026-08-25T16:23:18.722-04:00,1574.707031,-16.398752
2026-08-25T16:23:18.722-04:00,1582.031250,-16.196253
2026-08-25T16:23:18.722-04:00,1589.355469,-18.608002
2026-08-25T16:23:18.722-04:00,1596.679688,-19.790785
2026-08-25T16:23:18.722-04:00,1604.003906,-21.689358
2026-08-25T16:23:18.722-04:00,1611.328125,-29.979513
2026-08-25T16:23:18.722-04:00,1618.652344,-16.008751
2026-08-25T16:23:18.722-04:00,1625.976562,-14.912042
2026-08-25T16:23:18.722-04:00,1633.300781,-17.858818
2026-08-25T16:23:18.722-04:00,1640.625000,-17.899391
2026-08-25T16:23:18.722-04:00,1647.949219,-17.074654
2026-08-25T16:23:18.722-04:00,1655.273438,-24.990364
2026-08-25T16:23:18.722-04:00,1662.597656,-25.371943
2026-08-25T16:23:18.722-04:00,1669.921875,-17.887342
2026-08-25T16:23:18.722-04:00,1677.246094,-14.044935
2026-08-25T16:23:18.722-04:00,1684.570312,-13.374080
2026-08-25T16:23:18.722-04:00,1691.894531,-12.822419
2026-08-25T16:23:18.722-04:00,1699.218750,-13.083701
2026-08-25T16:23:18.722-04:00,1706.542969,-13.131683
2026-08-25T16:23:18.722-04:00,1713.867188,-13.436684
2026-08-25T16:23:18.722-04:00,1721.191406,-13.383554
2026-08-25T16:23:18.722-04:00,1728.515625,-14.984393
2026-08-25T16:23:18.722-04:00,1735.839844,-15.434464
2026-08-25T16:23:18.722-04:00,1743.164062,-11.798749
2026-08-25T16:23:18.722-04:00,1750.488281,-13.023376
2026-08-25T16:23:18.722-04:00,1757.812500,-19.575016
2026-08-25T16:23:18.722-04:00,1765.136719,-25.590214
2026-08-25T16:23:18.722-04:00,1772.460938,-15.544740
2026-08-25T16:23:18.722-04:00,1779.785156,-14.067525
2026-08-25T16:23:18.722-04:00,1787.109375,-22.739151
2026-08-25T16:23:18.722-04:00,1794.433594,-22.645418
2026-08-25T16:23:18.722-04:00,1801.757812,-22.262154
2026-08-25T16:23:18.722-04:00,1809.082031,-28.060644
2026-08-25T16:23:18.722-04:00,1816.406250,-33.087475
2026-08-25T16:23:18.722-04:00,1823.730469,-30.263504
2026-08-25T16:23:18.722-04:00,1831.054688,-18.128246
2026-08-25T16:23:18.722-04:00,1838.378906,-13.797664
2026-08-25T16:23:18.722-04:00,1845.703125,-16.007776
2026-08-25T16:23:18.722-04:00,1853.027344,-26.209631
2026-08-25T16:23:18.722-04:00,1860.351562,-18.927958
2026-08-25T16:23:18.722-04:00,1867.675781,-17.602694
2026-08-25T16:23:18.722-04:00,1875.000000,-23.519779
2026-08-25T16:23:18.722-04:00,1882.324219,-38.926685
2026-08-25T16:23:18.722-04:00,1889.648438,-37.477791
2026-08-25T16:23:18.722-04:00,1896.972656,-21.591503
2026-08-25T16:23:18.722-04:00,1904.296875,-16.865850
2026-08-25T16:23:18.722-04:00,1911.621094,-21.960127
2026-08-25T16:23:18.722-04:00,1918.945312,-20.052269
2026-08-25T16:23:18.722-04:00,1926.269531,-14.075857
2026-08-25T16:23:18.722-04:00,1933.593750,-15.624083
2026-08-25T16:23:18.722-04:00,1940.917969,-21.502655
2026-08-25T16:23:18.722-04:00,1948.242188,-12.109114
2026-08-25T16:23:18.722-04:00,1955.566406,-8.784646
2026-08-25T16:23:18.722-04:00,1962.890625,-9.355136
2026-08-25T16:23:18.722-04:00,1970.214844,-11.771588
2026-08-25T16:23:18.722-04:00,1977.539062,-14.439348
2026-08-25T16:23:18.722-04:00,1984.863281,-17.250254
2026-08-25T16:23:18.722-04:00,1992.187500,-23.662912
2026-08-25T16:23:18.722-04:00,1999.511719,-28.670868
2026-08-25T16:23:18.722-04:00,2006.835938,-33.135601
2026-08-25T16:23:18.722-04:00,2014.160156,-23.305300
2026-08-25T16:23:18.722-04:00,2021.484375,-17.856388
2026-08-25T16:23:18.722-04:00,2028.808594,-19.974478
2026-08-25T16:23:18.722-04:00,2036.132812,-19.636440
2026-08-25T16:23:18.722-04:00,2043.457031,-20.487137
2026-08-25T16:23:18.722-04:00,2050.781250,-21.028173
2026-08-25T16:23:18.722-04:00,2058.105469,-15.196109
2026-08-25T16:23:18.722-04:00,2065.429688,-14.949292
2026-08-25T16:23:18.722-04:00,2072.753906,-16.705471
2026-08-25T16:23:18.722-04:00,2080.078125,-19.284708
2026-08-25T16:23:18.722-04:00,2087.402344,-19.642929
2026-08-25T16:23:18.722-04:00,2094.726562,-20.552378
2026-08-25T16:23:18.722-04:00,2102.050781,-26.892845
2026-08-25T16:23:18.722-04:00,2109.375000,-24.910183
2026-08-25T16:23:18.722-04:00,2116.699219,-17.361923
2026-08-25T16:23:18.722-04:00,2124.023438,-11.678258
2026-08-25T16:23:18.722-04:00,2131.347656,-11.825905
2026-08-25T16:23:18.722-04:00,2138.671875,-16.007826
2026-08-25T16:23:18.722-04:00,2145.996094,-16.025337
2026-08-25T16:23:18.722-04:00,2153.320312,-10.805306
2026-08-25T16:23:18.722-04:00,2160.644531,-8.911083
2026-08-25T16:23:18.722-04:00,2167.968750,-11.599593
2026-08-25T16:23:18.722-04:00,2175.292969,-22.748396
2026-08-25T16:23:18.722-04:00,2182.617188,-18.591301
2026-08-25T16:23:18.722-04:00,2189.941406,-15.170115
2026-08-25T16:23:18.722-04:00,2197.265625,-23.375362
2026-08-25T16:23:18.722-04:00,2204.589844,-24.033392
2026-08-25T16:23:18.722-04:00,2211.914062,-20.929451
2026-08-25T16:23:18.722-04:00,2219.238281,-26.153637
2026-08-25T16:23:18.722-04:00,2226.562500,-18.108315
2026-08-25T16:23:18.722-04:00,2233.886719,-13.519439
2026-08-25T16:23:18.722-04:00,2241.210938,-14.268599
2026-08-25T16:23:18.722-04:00,2248.535156,-21.999872
2026-08-25T16:23:18.722-04:00,2255.859375,-20.205194
2026-08-25T16:23:18.722-04:00,2263.183594,-13.510387
2026-08-25T16:23:18.722-04:00,2270.507812,-13.312923
2026-08-25T16:23:18.722-04:00,2277.832031,-15.480673
2026-08-25T16:23:18.722-04:00,2285.156250,-20.509405
2026-08-25T16:23:18.722-04:00,2292.480469,-21.183884
2026-08-25T16:23:18.722-04:00,2299.804688,-11.179546
2026-08-25T16:23:18.722-04:00,2307.128906,-9.168406
2026-08-25T16:23:18.722-04:00,2314.453125,-9.494736
2026-08-25T16:23:18.722-04:00,2321.777344,-11.207757
2026-08-25T16:23:18.722-04:00,2329.101562,-14.083318
2026-08-25T16:23:18.722-04:00,2336.425781,-16.430294
2026-08-25T16:23:18.722-04:00,2343.750000,-14.716749
2026-08-25T16:23:18.722-04:00,2351.074219,-13.028761
2026-08-25T16:23:18.722-04:00,2358.398438,-13.677088
2026-08-25T16:23:18.722-04:00,2365.722656,-14.837288
2026-08-25T16:23:18.722-04:00,2373.046875,-19.533669
2026-08-25T16:23:18.722-04:00,2380.371094,-19.848049
2026-08-25T16:23:18.722-04:00,2387.695312,-11.989693
2026-08-25T16:23:18.722-04:00,2395.019531,-17.291021
2026-08-25T16:23:18.722-04:00,2402.343750,-18.569881
2026-08-25T16:23:18.722-04:00,2409.667969,-12.905093
2026-08-25T16:23:18.722-04:00,2416.992188,-14.746200
2026-08-25T16:23:18.722-04:00,2424.316406,-18.851648
2026-08-25T16:23:18.722-04:00,2431.640625,-24.005348
2026-08-25T16:23:18.722-04:00,2438.964844,-14.198242
2026-08-25T16:23:18.722-04:00,2446.289062,-13.028540
2026-08-25T16:23:18.722-04:00,2453.613281,-14.854373
2026-08-25T16:23:18.722-04:00,2460.937500,-16.674946
2026-08-25T16:23:18.722-04:00,2468.261719,-23.448298
2026-08-25T16:23:18.722-04:00,2475.585938,-16.466597
2026-08-25T16:23:18.722-04:00,2482.910156,-13.015446
2026-08-25T16:23:18.722-04:00,2490.234375,-12.813848
2026-08-25T16:23:18.722-04:00,2497.558594,-15.857743
2026-08-25T16:23:18.722-04:00,2504.882812,-18.481262
2026-08-25T16:23:18.722-04:00,2512.207031,-22.340357
2026-08-25T16:23:18.722-04:00,2519.531250,-22.600521
2026-08-25T16:23:18.722-04:00,2526.855469,-14.117971
2026-08-25T16:23:18.722-04:00,2534.179688,-11.331667
2026-08-25T16:23:18.722-04:00,2541.503906,-10.820371
2026-08-25T16:23:18.722-04:00,2548.828125,-12.072759
2026-08-25T16:23:18.722-04:00,2556.152344,-22.703098
2026-08-25T16:23:18.722-04:00,2563.476562,-17.140842
2026-08-25T16:23:18.722-04:00,2570.800781,-15.563351
2026-08-25T16:23:18.722-04:00,2578.125000,-28.721506
2026-08-25T16:23:18.722-04:00,2585.449219,-14.743412
2026-08-25T16:23:18.722-04:00,2592.773438,-10.712441
2026-08-25T16:23:18.722-04:00,2600.097656,-11.387061
2026-08-25T16:23:18.722-04:00,2607.421875,-11.725389
2026-08-25T16:23:18.722-04:00,2614.746094,-13.531956
2026-08-25T16:23:18.722-04:00,2622.070312,-21.308064
2026-08-25T16:23:18.722-04:00,2629.394531,-28.088264
2026-08-25T16:23:18.722-04:00,2636.718750,-32.199631
2026-08-25T16:23:18.722-04:00,2644.042969,-27.118311
2026-08-25T16:23:18.722-04:00,2651.367188,-23.289768
2026-08-25T16:23:18.722-04:00,2658.691406,-13.238319
2026-08-25T16:23:18.722-04:00,2666.015625,-12.177215
2026-08-25T16:23:18.722-04:00,2673.339844,-14.162769
2026-08-25T16:23:18.722-04:00,2680.664062,-12.008144
2026-08-25T16:23:18.722-04:00,2687.988281,-13.533386
2026-08-25T16:23:18.722-04:00,2695.312500,-27.402687
2026-08-25T16:23:18.722-04:00,2702.636719,-14.737290
2026-08-25T16:23:18.722-04:00,2709.960938,-11.834543
2026-08-25T16:23:18.722-04:00,2717.285156,-13.034021
2026-08-25T16:23:18.722-04:00,2724.609375,-17.036127
2026-08-25T16:23:18.722-04:00,2731.933594,-20.514734
2026-08-25T16:23:18.722-04:00,2739.257812,-19.906981
2026-08-25T16:23:18.722-04:00,2746.582031,-19.433783
2026-08-25T16:23:18.722-04:00,2753.906250,-19.019320
2026-08-25T16:23:18.722-04:00,2761.230469,-19.379751
2026-08-25T16:23:18.722-04:00,2768.554688,-20.920008
2026-08-25T16:23:18.722-04:00,2775.878906,-19.509485
2026-08-25T16:23:18.722-04:00,2783.203125,-14.600386
2026-08-25T16:23:18.722-04:00,2790.527344,-13.389350
2026-08-25T16:23:18.722-04:00,2797.851562,-11.991292
2026-08-25T16:23:18.722-04:00,2805.175781,-9.959962
2026-08-25T16:23:18.722-04:00,2812.500000,-10.496635
2026-08-25T16:23:18.722-04:00,2819.824219,-13.438902
2026-08-25T16:23:18.722-04:00,2827.148438,-15.586750
2026-08-25T16:23:18.722-04:00,2834.472656,-14.377230
2026-08-25T16:23:18.722-04:00,2841.796875,-12.587028
2026-08-25T16:23:18.722-04:00,2849.121094,-13.428503
2026-08-25T16:23:18.722-04:00,2856.445312,-22.001665
2026-08-25T16:23:18.722-04:00,2863.769531,-22.018497
2026-08-25T16:23:18.722-04:00,2871.093750,-18.234604
2026-08-25T16:23:18.722-04:00,2878.417969,-19.313866
2026-08-25T16:23:18.722-04:00,2885.742188,-17.070175
2026-08-25T16:23:18.722-04:00,2893.066406,-10.491098
2026-08-25T16:23:18.722-04:00,2900.390625,-7.776909
2026-08-25T16:23:18.722-04:00,2907.714844,-9.325834
2026-08-25T16:23:18.722-04:00,2915.039062,-10.051117
2026-08-25T16:23:18.722-04:00,2922.363281,-5.819473
2026-08-25T16:23:18.722-04:00,2929.687500,-5.171318
2026-08-25T16:23:18.722-04:00,2937.011719,-8.494162
2026-08-25T16:23:18.722-04:00,2944.335938,-13.449562
2026-08-25T16:23:18.722-04:00,2951.660156,-13.839106
2026-08-25T16:23:18.722-04:00,2958.984375,-11.107325
2026-08-25T16:23:18.722-04:00,2966.308594,-11.212919
2026-08-25T16:23:18.722-04:00,2973.632812,-14.893797
2026-08-25T16:23:18.722-04:00,2980.957031,-14.027328
2026-08-25T16:23:18.722-04:00,2988.281250,-13.876973
2026-08-25T16:23:18.722-04:00,2995.605469,-22.615807
2026-08-25T16:23:18.722-04:00,3002.929688,-28.247849
2026-08-25T16:23:18.722-04:00,3010.253906,-33.008038
2026-08-25T16:23:18.722-04:00,3017.578125,-21.141991
2026-08-25T16:23:18.722-04:00,3024.902344,-13.947663
2026-08-25T16:23:18.722-04:00,3032.226562,-14.684357
2026-08-25T16:23:18.722-04:00,3039.550781,-15.999523
2026-08-25T16:23:18.722-04:00,3046.875000,-12.044686
2026-08-25T16:23:18.722-04:00,3054.199219,-12.371007
2026-08-25T16:23:18.722-04:00,3061.523438,-17.919615
2026-08-25T16:23:18.722-04:00,3068.847656,-33.952732
2026-08-25T16:23:18.722-04:00,3076.171875,-17.867306
2026-08-25T16:23:18.722-04:00,3083.496094,-14.251265
2026-08-25T16:23:18.722-04:00,3090.820312,-13.835152
2026-08-25T16:23:18.722-04:00,3098.144531,-13.915804
2026-08-25T16:23:18.722-04:00,3105.468750,-13.744955
2026-08-25T16:23:18.722-04:00,3112.792969,-13.063156
2026-08-25T16:23:18.722-04:00,3120.117188,-12.053513
2026-08-25T16:23:18.722-04:00,3127.441406,-15.096846
2026-08-25T16:23:18.722-04:00,3134.765625,-27.850346
2026-08-25T16:23:18.722-04:00,3142.089844,-17.739300
2026-08-25T16:23:18.722-04:00,3149.414062,-20.848379
2026-08-25T16:23:18.722-04:00,3156.738281,-32.424385
2026-08-25T16:23:18.722-04:00,3164.062500,-19.760252
2026-08-25T16:23:18.722-04:00,3171.386719,-20.120495
2026-08-25T16:23:18.722-04:00,3178.710938,-28.386383
2026-08-25T16:23:18.722-04:00,3186.035156,-27.696552
2026-08-25T16:23:18.722-04:00,3193.359375,-19.796150
2026-08-25T16:23:18.722-04:00,3200.683594,-13.875827
2026-08-25T16:23:18.722-04:00,3208.007812,-11.472952
2026-08-25T16:23:18.722-04:00,3215.332031,-12.445345
2026-08-25T16:23:18.722-04:00,3222.656250,-15.165339
2026-08-25T16:23:18.722-04:00,3229.980469,-18.275843
2026-08-25T16:23:18.722-04:00,3237.304688,-28.542816
2026-08-25T16:23:18.722-04:00,3244.628906,-20.471226
2026-08-25T16:23:18.722-04:00,3251.953125,-21.530359
2026-08-25T16:23:18.722-04:00,3259.277344,-28.632166
2026-08-25T16:23:18.722-04:00,3266.601562,-19.882582
2026-08-25T16:23:18.722-04:00,3273.925781,-23.660707
2026-08-25T16:23:18.722-04:00,3281.250000,-25.125816
2026-08-25T16:23:18.722-04:00,3288.574219,-29.830364
2026-08-25T16:23:18.722-04:00,3295.898438,-19.468071
2026-08-25T16:23:18.722-04:00,3303.222656,-14.685855
2026-08-25T16:23:18.722-04:00,3310.546875,-13.702921
2026-08-25T16:23:18.722-04:00,3317.871094,-15.080662
2026-08-25T16:23:18.722-04:00,3325.195312,-18.948124
2026-08-25T16:23:18.722-04:00,3332.519531,-21.735733
2026-08-25T16:23:18.722-04:00,3339.843750,-17.303383
2026-08-25T16:23:18.722-04:00,3347.167969,-15.219101
2026-08-25T16:23:18.722-04:00,3354.492188,-13.914609
2026-08-25T16:23:18.722-04:00,3361.816406,-12.799033
2026-08-25T16:23:18.722-04:00,3369.140625,-12.197975
2026-08-25T16:23:18.722-04:00,3376.464844,-12.256605
2026-08-25T16:23:18.722-04:00,3383.789062,-15.319991
2026-08-25T16:23:18.722-04:00,3391.113281,-20.221415
2026-08-25T16:23:18.722-04:00,3398.437500,-20.805744
2026-08-25T16:23:18.722-04:00,3405.761719,-15.829869
2026-08-25T16:23:18.722-04:00,3413.085938,-12.106703
2026-08-25T16:23:18.722-04:00,3420.410156,-13.285353
2026-08-25T16:23:18.722-04:00,3427.734375,-16.573637
2026-08-25T16:23:18.722-04:00,3435.058594,-17.232040
2026-08-25T16:23:18.722-04:00,3442.382812,-13.142543
2026-08-25T16:23:18.722-04:00,3449.707031,-11.955475
2026-08-25T16:23:18.722-04:00,3457.031250,-18.436625
2026-08-25T16:23:18.722-04:00,3464.355469,-21.606693
2026-08-25T16:23:18.722-04:00,3471.679688,-16.966541
2026-08-25T16:23:18.722-04:00,3479.003906,-21.445892
2026-08-25T16:23:18.722-04:00,3486.328125,-24.945797
2026-08-25T16:23:18.722-04:00,3493.652344,-19.523792
2026-08-25T16:23:18.722-04:00,3500.976562,-17.139765
2026-08-25T16:23:18.722-04:00,3508.300781,-15.384883
2026-08-25T16:23:18.722-04:00,3515.625000,-14.152632
2026-08-25T16:23:18.722-04:00,3522.949219,-12.673399
2026-08-25T16:23:18.722-04:00,3530.273438,-15.068012
2026-08-25T16:23:18.722-04:00,3537.597656,-19.177790
2026-08-25T16:23:18.722-04:00,3544.921875,-16.421368
2026-08-25T16:23:18.722-04:00,3552.246094,-21.297100
2026-08-25T16:23:18.722-04:00,3559.570312,-21.966072
2026-08-25T16:23:18.722-04:00,3566.894531,-14.374378
2026-08-25T16:23:18.722-04:00,3574.218750,-13.794793
2026-08-25T16:23:18.722-04:00,3581.542969,-16.307076
2026-08-25T16:23:18.722-04:00,3588.867188,-23.254971
2026-08-25T16:23:18.722-04:00,3596.191406,-19.734835
2026-08-25T16:23:18.722-04:00,3603.515625,-14.015156
2026-08-25T16:23:18.722-04:00,3610.839844,-11.984909
2026-08-25T16:23:18.722-04:00,3618.164062,-14.873215
2026-08-25T16:23:18.722-04:00,3625.488281,-19.696678
2026-08-25T16:23:18.722-04:00,3632.812500,-15.942726
2026-08-25T16:23:18.722-04:00,3640.136719,-14.752296
2026-08-25T16:23:18.722-04:00,3647.460938,-17.697369
2026-08-25T16:23:18.722-04:00,3654.785156,-25.478228
2026-08-25T16:23:18.722-04:00,3662.109375,-23.054600
2026-08-25T16:23:18.722-04:00,3669.433594,-22.190849
2026-08-25T16:23:18.722-04:00,3676.757812,-24.835360
2026-08-25T16:23:18.722-04:00,3684.082031,-19.996201
2026-08-25T16:23:18.722-04:00,3691.406250,-15.077578
2026-08-25T16:23:18.722-04:00,3698.730469,-13.528488
2026-08-25T16:23:18.722-04:00,3706.054688,-11.254030
2026-08-25T16:23:18.722-04:00,3713.378906,-8.887712
2026-08-25T16:23:18.722-04:00,3720.703125,-10.597276
2026-08-25T16:23:18.722-04:00,3728.027344,-18.613684
2026-08-25T16:23:18.722-04:00,3735.351562,-23.337524
2026-08-25T16:23:18.722-04:00,3742.675781,-27.257103
2026-08-25T16:23:18.722-04:00,3750.000000,-18.299406
2026-08-25T16:23:18.722-04:00,3757.324219,-14.293661
2026-08-25T16:23:18.722-04:00,3764.648438,-13.000473
2026-08-25T16:23:18.722-04:00,3771.972656,-13.293468
2026-08-25T16:23:18.722-04:00,3779.296875,-13.984672
2026-08-25T16:23:18.722-04:00,3786.621094,-14.157526
2026-08-25T16:23:18.722-04:00,3793.945312,-14.115276
2026-08-25T16:23:18.722-04:00,3801.269531,-15.251251
2026-08-25T16:23:18.722-04:00,3808.593750,-18.569077
2026-08-25T16:23:18.722-04:00,3815.917969,-18.602785
2026-08-25T16:23:18.722-04:00,3823.242188,-15.590682
2026-08-25T16:23:18.722-04:00,3830.566406,-17.082960
2026-08-25T16:23:18.722-04:00,3837.890625,-14.792040
2026-08-25T16:23:18.722-04:00,3845.214844,-14.449395
2026-08-25T16:23:18.722-04:00,3852.539062,-15.625944
2026-08-25T16:23:18.722-04:00,3859.863281,-19.168514
2026-08-25T16:23:18.722-04:00,3867.187500,-26.954235
2026-08-25T16:23:18.722-04:00,3874.511719,-18.098988
2026-08-25T16:23:18.722-04:00,3881.835938,-15.378588
2026-08-25T16:23:18.722-04:00,3889.160156,-16.451275
2026-08-25T16:23:18.722-04:00,3896.484375,-17.705311
2026-08-25T16:23:18.722-04:00,3903.808594,-14.418918
2026-08-25T16:23:18.722-04:00,3911.132812,-11.205926
2026-08-25T16:23:18.722-04:00,3918.457031,-10.859157
2026-08-25T16:23:18.722-04:00,3925.781250,-13.271928
2026-08-25T16:23:18.722-04:00,3933.105469,-18.614956
2026-08-25T16:23:18.722-04:00,3940.429688,-25.433624
2026-08-25T16:23:18.722-04:00,3947.753906,-19.667480
2026-08-25T16:23:18.722-04:00,3955.078125,-14.108733
2026-08-25T16:23:18.722-04:00,3962.402344,-10.030231
2026-08-25T16:23:18.722-04:00,3969.726562,-9.618258
2026-08-25T16:23:18.722-04:00,3977.050781,-14.773930
2026-08-25T16:23:18.722-04:00,3984.375000,-37.653744
2026-08-25T16:23:18.722-04:00,3991.699219,-27.540348
2026-08-25T16:23:18.722-04:00,3999.023438,-25.743835
2026-08-25T16:23:18.722-04:00,4006.347656,-26.345140
2026-08-25T16:23:18.722-04:00,4013.671875,-20.033470
2026-08-25T16:23:18.722-04:00,4020.996094,-21.589214
2026-08-25T16:23:18.722-04:00,4028.320312,-22.946627
2026-08-25T16:23:18.722-04:00,4035.644531,-16.946527
2026-08-25T16:23:18.722-04:00,4042.968750,-20.421160
2026-08-25T16:23:18.722-04:00,4050.292969,-28.449896
2026-08-25T16:23:18.722-04:00,4057.617188,-16.018272
2026-08-25T16:23:18.722-04:00,4064.941406,-13.118605
2026-08-25T16:23:18.722-04:00,4072.265625,-13.686148
2026-08-25T16:23:18.722-04:00,4079.589844,-18.239447
2026-08-25T16:23:18.722-04:00,4086.914062,-20.849760
2026-08-25T16:23:18.722-04:00,4094.238281,-17.627371
2026-08-25T16:23:18.722-04:00,4101.562500,-19.406750
2026-08-25T16:23:18.722-04:00,4108.886719,-15.076651
2026-08-25T16:23:18.722-04:00,4116.210938,-11.432575
2026-08-25T16:23:18.722-04:00,4123.535156,-14.949608
2026-08-25T16:23:18.722-04:00,4130.859375,-27.767857
2026-08-25T16:23:18.722-04:00,4138.183594,-16.970892
2026-08-25T16:23:18.722-04:00,4145.507812,-12.051826
2026-08-25T16:23:18.722-04:00,4152.832031,-13.222512
2026-08-25T16:23:18.722-04:00,4160.156250,-25.197866
2026-08-25T16:23:18.722-04:00,4167.480469,-15.385073
2026-08-25T16:23:18.722-04:00,4174.804688,-14.834393
2026-08-25T16:23:18.722-04:00,4182.128906,-23.021868
2026-08-25T16:23:18.722-04:00,4189.453125,-16.687157
2026-08-25T16:23:18.722-04:00,4196.777344,-13.317059
2026-08-25T16:23:18.722-04:00,4204.101562,-14.680859
2026-08-25T16:23:18.722-04:00,4211.425781,-12.949277
2026-08-25T16:23:18.722-04:00,4218.750000,-11.153884
2026-08-25T16:23:18.722-04:00,4226.074219,-11.843196
2026-08-25T16:23:18.722-04:00,4233.398438,-13.068523
2026-08-25T16:23:18.722-04:00,4240.722656,-12.617989
2026-08-25T16:23:18.722-04:00,4248.046875,-13.794685
2026-08-25T16:23:18.722-04:00,4255.371094,-21.890118
2026-08-25T16:23:18.722-04:00,4262.695312,-23.201723
2026-08-25T16:23:18.722-04:00,4270.019531,-19.100649
2026-08-25T16:23:18.722-04:00,4277.343750,-20.495787
2026-08-25T16:23:18.722-04:00,4284.667969,-17.596550
2026-08-25T16:23:18.722-04:00,4291.992188,-13.739367
2026-08-25T16:23:18.722-04:00,4299.316406,-10.577976
2026-08-25T16:23:18.722-04:00,4306.640625,-11.251860
2026-08-25T16:23:18.722-04:00,4313.964844,-14.834301
2026-08-25T16:23:18.722-04:00,4321.289062,-20.251415
2026-08-25T16:23:18.722-04:00,4328.613281,-21.067440
2026-08-25T16:23:18.722-04:00,4335.937500,-14.276493
2026-08-25T16:23:18.722-04:00,4343.261719,-11.742324
2026-08-25T16:23:18.722-04:00,4350.585938,-15.961045
2026-08-25T16:23:18.722-04:00,4357.910156,-18.990612
2026-08-25T16:23:18.722-04:00,4365.234375,-18.331530
2026-08-25T16:23:18.722-04:00,4372.558594,-26.067944
2026-08-25T16:23:18.722-04:00,4379.882812,-20.656662
2026-08-25T16:23:18.722-04:00,4387.207031,-19.520981
2026-08-25T16:23:18.722-04:00,4394.531250,-46.854645
2026-08-25T16:23:18.722-04:00,4401.855469,-19.169132
2026-08-25T16:23:18.722-04:00,4409.179688,-16.202940
2026-08-25T16:23:18.722-04:00,4416.503906,-14.222332
2026-08-25T16:23:18.722-04:00,4423.828125,-14.867076
2026-08-25T16:23:18.722-04:00,4431.152344,-18.086535
2026-08-25T16:23:18.722-04:00,4438.476562,-20.154728
2026-08-25T16:23:18.722-04:00,4445.800781,-17.326920
2026-08-25T16:23:18.722-04:00,4453.125000,-13.679677
2026-08-25T16:23:18.722-04:00,4460.449219,-12.131022
2026-08-25T16:23:18.722-04:00,4467.773438,-12.351612
2026-08-25T16:23:18.722-04:00,4475.097656,-13.587903
2026-08-25T16:23:18.722-04:00,4482.421875,-14.297577
2026-08-25T16:23:18.722-04:00,4489.746094,-15.332872
2026-08-25T16:23:18.722-04:00,4497.070312,-17.460159
2026-08-25T16:23:18.722-04:00,4504.394531,-20.731354
2026-08-25T16:23:18.722-04:00,4511.718750,-22.644854
2026-08-25T16:23:18.722-04:00,4519.042969,-21.394428
2026-08-25T16:23:18.722-04:00,4526.367188,-22.349941
2026-08-25T16:23:18.722-04:00,4533.691406,-35.319550
2026-08-25T16:23:18.722-04:00,4541.015625,-18.594299
2026-08-25T16:23:18.722-04:00,4548.339844,-14.405440
2026-08-25T16:23:18.722-04:00,4555.664062,-16.014553
2026-08-25T16:23:18.722-04:00,4562.988281,-26.203873
2026-08-25T16:23:18.722-04:00,4570.312500,-15.611263
2026-08-25T16:23:18.722-04:00,4577.636719,-13.078942
2026-08-25T16:23:18.722-04:00,4584.960938,-14.118521
2026-08-25T16:23:18.722-04:00,4592.285156,-17.019192
2026-08-25T16:23:18.722-04:00,4599.609375,-17.632305
2026-08-25T16:23:18.722-04:00,4606.933594,-13.929920
2026-08-25T16:23:18.722-04:00,4614.257812,-13.703876
2026-08-25T16:23:18.722-04:00,4621.582031,-18.534285
2026-08-25T16:23:18.722-04:00,4628.906250,-32.573261
2026-08-25T16:23:18.722-04:00,4636.230469,-31.128185
2026-08-25T16:23:18.722-04:00,4643.554688,-23.169682
2026-08-25T16:23:18.722-04:00,4650.878906,-31.151958
2026-08-25T16:23:18.722-04:00,4658.203125,-24.037083
2026-08-25T16:23:18.722-04:00,4665.527344,-21.867973
2026-08-25T16:23:18.722-04:00,4672.851562,-23.091030
2026-08-25T16:23:18.722-04:00,4680.175781,-35.422752
2026-08-25T16:23:18.722-04:00,4687.500000,-13.827158
2026-08-25T16:23:18.722-04:00,4694.824219,-9.538904
2026-08-25T16:23:18.722-04:00,4702.148438,-9.775408
2026-08-25T16:23:18.722-04:00,4709.472656,-10.703992
2026-08-25T16:23:18.722-04:00,4716.796875,-10.809451
2026-08-25T16:23:18.722-04:00,4724.121094,-9.807426
2026-08-25T16:23:18.722-04:00,4731.445312,-10.243397
2026-08-25T16:23:18.722-04:00,4738.769531,-13.420387
2026-08-25T16:23:18.722-04:00,4746.093750,-21.240141
2026-08-25T16:23:18.722-04:00,4753.417969,-22.652170
2026-08-25T16:23:18.722-04:00,4760.742188,-17.002781
2026-08-25T16:23:18.722-04:00,4768.066406,-16.068466
2026-08-25T16:23:18.722-04:00,4775.390625,-12.739214
2026-08-25T16:23:18.722-04:00,4782.714844,-15.425636
2026-08-25T16:23:18.722-04:00,4790.039062,-24.756359
2026-08-25T16:23:18.722-04:00,4797.363281,-13.626128
2026-08-25T16:23:18.722-04:00,4804.687500,-12.703411
2026-08-25T16:23:18.722-04:00,4812.011719,-15.105119
2026-08-25T16:23:18.722-04:00,4819.335938,-20.163769
2026-08-25T16:23:18.722-04:00,4826.660156,-27.252539
2026-08-25T16:23:18.722-04:00,4833.984375,-15.619363
2026-08-25T16:23:18.722-04:00,4841.308594,-14.264020
2026-08-25T16:23:18.722-04:00,4848.632812,-24.099627
2026-08-25T16:23:18.722-04:00,4855.957031,-17.177023
2026-08-25T16:23:18.722-04:00,4863.281250,-17.420444
2026-08-25T16:23:18.722-04:00,4870.605469,-17.569729
2026-08-25T16:23:18.722-04:00,4877.929688,-19.893770
2026-08-25T16:23:18.722-04:00,4885.253906,-18.983931
2026-08-25T16:23:18.722-04:00,4892.578125,-16.039806
2026-08-25T16:23:18.722-04:00,4899.902344,-17.343748
2026-08-25T16:23:18.722-04:00,4907.226562,-17.348455
2026-08-25T16:23:18.722-04:00,4914.550781,-14.359571
2026-08-25T16:23:18.722-04:00,4921.875000,-12.881967
2026-08-25T16:23:18.722-04:00,4929.199219,-12.986565
2026-08-25T16:23:18.722-04:00,4936.523438,-11.934942
2026-08-25T16:23:18.722-04:00,4943.847656,-11.322399
2026-08-25T16:23:18.722-04:00,4951.171875,-10.923896
2026-08-25T16:23:18.722-04:00,4958.496094,-10.789640
2026-08-25T16:23:18.722-04:00,4965.820312,-13.303114
2026-08-25T16:23:18.722-04:00,4973.144531,-21.213493
2026-08-25T16:23:18.722-04:00,4980.468750,-15.249050
2026-08-25T16:23:18.722-04:00,4987.792969,-12.385892
2026-08-25T16:23:18.722-04:00,4995.117188,-13.940563
2026-08-25T16:23:19.751-04:00,-4995.117188,-13.139981
2026-08-25T16:23:19.751-04:00,-4987.792969,-15.118804
2026-08-25T16:23:19.751-04:00,-4980.468750,-16.240891
2026-08-25T16:23:19.751-04:00,-4973.144531,-15.020960
2026-08-25T16:23:19.751-04:00,-4965.820312,-14.263911
2026-08-25T16:23:19.751-04:00,-4958.496094,-18.435188
2026-08-25T16:23:19.751-04:00,-4951.171875,-27.267719
2026-08-25T16:23:19.751-04:00,-4943.847656,-27.033554
2026-08-25T16:23:19.751-04:00,-4936.523438,-21.683187
2026-08-25T16:23:19.751-04:00,-4929.199219,-20.167664
2026-08-25T16:23:19.751-04:00,-4921.875000,-19.962967
2026-08-25T16:23:19.751-04:00,-4914.550781,-17.385103
2026-08-25T16:23:19.751-04:00,-4907.226562,-16.394726
2026-08-25T16:23:19.751-04:00,-4899.902344,-21.466225
2026-08-25T16:23:19.751-04:00,-4892.578125,-32.651165
2026-08-25T16:23:19.751-04:00,-4885.253906,-26.770054
2026-08-25T16:23:19.751-04:00,-4877.929688,-27.896986
2026-08-25T16:23:19.751-04:00,-4870.605469,-23.156876
2026-08-25T16:23:19.751-04:00,-4863.281250,-20.992115
2026-08-25T16:23:19.751-04:00,-4855.957031,-24.919781
2026-08-25T16:23:19.751-04:00,-4848.632812,-26.054308
2026-08-25T16:23:19.751-04:00,-4841.308594,-26.811501
2026-08-25T16:23:19.751-04:00,-4833.984375,-21.124271
2026-08-25T16:23:19.751-04:00,-4826.660156,-21.896873
2026-08-25T16:23:19.751-04:00,-4819.335938,-30.473919
2026-08-25T16:23:19.751-04:00,-4812.011719,-18.186979
2026-08-25T16:23:19.751-04:00,-4804.687500,-17.237089
2026-08-25T16:23:19.751-04:00,-4797.363281,-34.587124
2026-08-25T16:23:19.751-04:00,-4790.039062,-23.332886
2026-08-25T16:23:19.751-04:00,-4782.714844,-24.058321
2026-08-25T16:23:19.751-04:00,-4775.390625,-21.459396
2026-08-25T16:23:19.751-04:00,-4768.066406,-18.842201
2026-08-25T16:23:19.751-04:00,-4760.742188,-16.300009
2026-08-25T16:23:19.751-04:00,-4753.417969,-13.966082
2026-08-25T16:23:19.751-04:00,-4746.093750,-15.605783
2026-08-25T16:23:19.751-04:00,-4738.769531,-26.459179
2026-08-25T16:23:19.751-04:00,-4731.445312,-25.271683
2026-08-25T16:23:19.751-04:00,-4724.121094,-20.975885
2026-08-25T16:23:19.751-04:00,-4716.796875,-20.791958
2026-08-25T16:23:19.751-04:00,-4709.472656,-23.153055
2026-08-25T16:23:19.751-04:00,-4702.148438,-22.814808
2026-08-25T16:23:19.751-04:00,-4694.824219,-19.637041
2026-08-25T16:23:19.751-04:00,-4687.500000,-19.841694
2026-08-25T16:23:19.751-04:00,-4680.175781,-20.560963
2026-08-25T16:23:19.751-04:00,-4672.851562,-18.721813
2026-08-25T16:23:19.751-04:00,-4665.527344,-20.872784
2026-08-25T16:23:19.751-04:00,-4658.203125,-19.963156
2026-08-25T16:23:19.751-04:00,-4650.878906,-21.053984
2026-08-25T16:23:19.751-04:00,-4643.554688,-32.482841
2026-08-25T16:23:19.751-04:00,-4636.230469,-18.354548
2026-08-25T16:23:19.751-04:00,-4628.906250,-14.796315
2026-08-25T16:23:19.751-04:00,-4621.582031,-15.544888
2026-08-25T16:23:19.751-04:00,-4614.257812,-17.865917
2026-08-25T16:23:19.751-04:00,-4606.933594,-17.638235
2026-08-25T16:23:19.751-04:00,-4599.609375,-17.502928
2026-08-25T16:23:19.751-04:00,-4592.285156,-17.564707
2026-08-25T16:23:19.751-04:00,-4584.960938,-17.771414
2026-08-25T16:23:19.751-04:00,-4577.636719,-17.998240
2026-08-25T16:23:19.751-04:00,-4570.312500,-19.579847
2026-08-25T16:23:19.751-04:00,-4562.988281,-25.247875
2026-08-25T16:23:19.751-04:00,-4555.664062,-37.290020
2026-08-25T16:23:19.751-04:00,-4548.339844,-31.491055
2026-08-25T16:23:19.751-04:00,-4541.015625,-28.021721
2026-08-25T16:23:19.751-04:00,-4533.691406,-19.876997
2026-08-25T16:23:19.751-04:00,-4526.367188,-17.933142
2026-08-25T16:23:19.751-04:00,-4519.042969,-18.800638
2026-08-25T16:23:19.751-04:00,-4511.718750,-22.959272
2026-08-25T16:23:19.751-04:00,-4504.394531,-26.576874
2026-08-25T16:23:19.751-04:00,-4497.070312,-29.125950
2026-08-25T16:23:19.751-04:00,-4489.746094,-20.142048
2026-08-25T16:23:19.751-04:00,-4482.421875,-20.324142
2026-08-25T16:23:19.751-04:00,-4475.097656,-27.539364
2026-08-25T16:23:19.751-04:00,-4467.773438,-26.227646
2026-08-25T16:23:19.751-04:00,-4460.449219,-26.848906
2026-08-25T16:23:19.751-04:00,-4453.125000,-25.404217
2026-08-25T16:23:19.751-04:00,-4445.800781,-30.090172
2026-08-25T16:23:19.751-04:00,-4438.476562,-23.996689
2026-08-25T16:23:19.751-04:00,-4431.152344,-19.389025
2026-08-25T16:23:19.751-04:00,-4423.828125,-24.692383
2026-08-25T16:23:19.751-04:00,-4416.503906,-29.730761
2026-08-25T16:23:19.751-04:00,-4409.179688,-29.362736
2026-08-25T16:23:19.751-04:00,-4401.855469,-26.613724
2026-08-25T16:23:19.751-04:00,-4394.531250,-30.908468
2026-08-25T16:23:19.751-04:00,-4387.207031,-35.615761
2026-08-25T16:23:19.751-04:00,-4379.882812,-30.289564
2026-08-25T16:23:19.751-04:00,-4372.558594,-23.071716
2026-08-25T16:23:19.751-04:00,-4365.234375,-28.114235
2026-08-25T16:23:19.751-04:00,-4357.910156,-20.645252
2026-08-25T16:23:19.751-04:00,-4350.585938,-17.300476
2026-08-25T16:23:19.751-04:00,-4343.261719,-19.063694
2026-08-25T16:23:19.751-04:00,-4335.937500,-20.862190
2026-08-25T16:23:19.751-04:00,-4328.613281,-22.740755
2026-08-25T16:23:19.751-04:00,-4321.289062,-26.203274
2026-08-25T16:23:19.751-04:00,-4313.964844,-30.822201
2026-08-25T16:23:19.751-04:00,-4306.640625,-35.826851
2026-08-25T16:23:19.751-04:00,-4299.316406,-28.993153
2026-08-25T16:23:19.751-04:00,-4291.992188,-29.335339
2026-08-25T16:23:19.751-04:00,-4284.667969,-38.475029
2026-08-25T16:23:19.751-04:00,-4277.343750,-31.693094
2026-08-25T16:23:19.751-04:00,-4270.019531,-25.042713
2026-08-25T16:23:19.751-04:00,-4262.695312,-21.777637
2026-08-25T16:23:19.751-04:00,-4255.371094,-20.577557
2026-08-25T16:23:19.751-04:00,-4248.046875,-21.066662
2026-08-25T16:23:19.751-04:00,-4240.722656,-18.399551
2026-08-25T16:23:19.751-04:00,-4233.398438,-17.099993
2026-08-25T16:23:19.751-04:00,-4226.074219,-16.440485
2026-08-25T16:23:19.751-04:00,-4218.750000,-17.396137
2026-08-25T16:23:19.751-04:00,-4211.425781,-23.076492
2026-08-25T16:23:19.751-04:00,-4204.101562,-31.667440
2026-08-25T16:23:19.751-04:00,-4196.777344,-21.792295
2026-08-25T16:23:19.751-04:00,-4189.453125,-21.077993
2026-08-25T16:23:19.751-04:00,-4182.128906,-18.912529
2026-08-25T16:23:19.751-04:00,-4174.804688,-20.651247
2026-08-25T16:23:19.751-04:00,-4167.480469,-30.572626
2026-08-25T16:23:19.751-04:00,-4160.156250,-22.388554
2026-08-25T16:23:19.751-04:00,-4152.832031,-22.173218
2026-08-25T16:23:19.751-04:00,-4145.507812,-25.241774
2026-08-25T16:23:19.751-04:00,-4138.183594,-21.513662
2026-08-25T16:23:19.751-04:00,-4130.859375,-17.138885
2026-08-25T16:23:19.751-04:00,-4123.535156,-16.203224
2026-08-25T16:23:19.751-04:00,-4116.210938,-19.698765
2026-08-25T16:23:19.751-04:00,-4108.886719,-18.090693
2026-08-25T16:23:19.751-04:00,-4101.562500,-20.209959
2026-08-25T16:23:19.751-04:00,-4094.238281,-31.088362
2026-08-25T16:23:19.751-04:00,-4086.914062,-20.994522
2026-08-25T16:23:19.751-04:00,-4079.589844,-20.848686
2026-08-25T16:23:19.751-04:00,-4072.265625,-16.440815
2026-08-25T16:23:19.751-04:00,-4064.941406,-17.153055
2026-08-25T16:23:19.751-04:00,-4057.617188,-19.622681
2026-08-25T16:23:19.751-04:00,-4050.292969,-25.038181
2026-08-25T16:23:19.751-04:00,-4042.968750,-19.646441
2026-08-25T16:23:19.751-04:00,-4035.644531,-14.594683
2026-08-25T16:23:19.751-04:00,-4028.320312,-16.344803
2026-08-25T16:23:19.751-04:00,-4020.996094,-24.235760
2026-08-25T16:23:19.751-04:00,-4013.671875,-21.113970
2026-08-25T16:23:19.751-04:00,-4006.347656,-16.357954
2026-08-25T16:23:19.751-04:00,-3999.023438,-17.685665
2026-08-25T16:23:19.751-04:00,-3991.699219,-21.932789
2026-08-25T16:23:19.751-04:00,-3984.375000,-23.365677
2026-08-25T16:23:19.751-04:00,-3977.050781,-25.778812
2026-08-25T16:23:19.751-04:00,-3969.726562,-32.305752
2026-08-25T16:23:19.751-04:00,-3962.402344,-23.976118
2026-08-25T16:23:19.751-04:00,-3955.078125,-19.008104
2026-08-25T16:23:19.751-04:00,-3947.753906,-21.014404
2026-08-25T16:23:19.751-04:00,-3940.429688,-27.708370
2026-08-25T16:23:19.751-04:00,-3933.105469,-20.454151
2026-08-25T16:23:19.751-04:00,-3925.781250,-19.622025
2026-08-25T16:23:19.751-04:00,-3918.457031,-35.042465
2026-08-25T16:23:19.751-04:00,-3911.132812,-22.643644
2026-08-25T16:23:19.751-04:00,-3903.808594,-23.060501
2026-08-25T16:23:19.751-04:00,-3896.484375,-19.631149
2026-08-25T16:23:19.751-04:00,-3889.160156,-20.063366
2026-08-25T16:23:19.751-04:00,-3881.835938,-18.900599
2026-08-25T16:23:19.751-04:00,-3874.511719,-15.924652
2026-08-25T16:23:19.751-04:00,-3867.187500,-14.400669
2026-08-25T16:23:19.751-04:00,-3859.863281,-15.210958
2026-08-25T16:23:19.751-04:00,-3852.539062,-18.906710
2026-08-25T16:23:19.751-04:00,-3845.214844,-18.030628
2026-08-25T16:23:19.751-04:00,-3837.890625,-14.494425
2026-08-25T16:23:19.751-04:00,-3830.566406,-12.035589
2026-08-25T16:23:19.751-04:00,-3823.242188,-11.405252
2026-08-25T16:23:19.751-04:00,-3815.917969,-13.439846
2026-08-25T16:23:19.751-04:00,-3808.593750,-14.885411
2026-08-25T16:23:19.751-04:00,-3801.269531,-15.852904
2026-08-25T16:23:19.751-04:00,-3793.945312,-19.238741
2026-08-25T16:23:19.751-04:00,-3786.621094,-18.886749
2026-08-25T16:23:19.751-04:00,-3779.296875,-23.491760
2026-08-25T16:23:19.751-04:00,-3771.972656,-19.280632
2026-08-25T16:23:19.751-04:00,-3764.648438,-17.714895
2026-08-25T16:23:19.751-04:00,-3757.324219,-19.714851
2026-08-25T16:23:19.751-04:00,-3750.000000,-20.802946
2026-08-25T16:23:19.751-04:00,-3742.675781,-17.904400
2026-08-25T16:23:19.751-04:00,-3735.351562,-14.279088
2026-08-25T16:23:19.751-04:00,-3728.027344,-13.587866
2026-08-25T16:23:19.751-04:00,-3720.703125,-21.001806
2026-08-25T16:23:19.751-04:00,-3713.378906,-21.480598
2026-08-25T16:23:19.751-04:00,-3706.054688,-23.101406
2026-08-25T16:23:19.751-04:00,-3698.730469,-24.153095
2026-08-25T16:23:19.751-04:00,-3691.406250,-17.397717
2026-08-25T16:23:19.751-04:00,-3684.082031,-16.382057
2026-08-25T16:23:19.751-04:00,-3676.757812,-17.762983
2026-08-25T16:23:19.751-04:00,-3669.433594,-24.345186
2026-08-25T16:23:19.751-04:00,-3662.109375,-22.187321
2026-08-25T16:23:19.751-04:00,-3654.785156,-21.881363
2026-08-25T16:23:19.751-04:00,-3647.460938,-24.352781
2026-08-25T16:23:19.751-04:00,-3640.136719,-20.681763
2026-08-25T16:23:19.751-04:00,-3632.812500,-22.097027
2026-08-25T16:23:19.751-04:00,-3625.488281,-26.491869
2026-08-25T16:23:19.751-04:00,-3618.164062,-27.619331
2026-08-25T16:23:19.751-04:00,-3610.839844,-24.851315
2026-08-25T16:23:19.751-04:00,-3603.515625,-20.518797
2026-08-25T16:23:19.751-04:00,-3596.191406,-21.971323
2026-08-25T16:23:19.751-04:00,-3588.867188,-24.454603
2026-08-25T16:23:19.751-04:00,-3581.542969,-23.364546
2026-08-25T16:23:19.751-04:00,-3574.218750,-26.268446
2026-08-25T16:23:19.751-04:00,-3566.894531,-39.971363
2026-08-25T16:23:19.751-04:00,-3559.570312,-22.784578
2026-08-25T16:23:19.751-04:00,-3552.246094,-19.449337
2026-08-25T16:23:19.751-04:00,-3544.921875,-18.793579
2026-08-25T16:23:19.751-04:00,-3537.597656,-16.851929
2026-08-25T16:23:19.751-04:00,-3530.273438,-18.094780
2026-08-25T16:23:19.751-04:00,-3522.949219,-20.372063
2026-08-25T16:23:19.751-04:00,-3515.625000,-23.994320
2026-08-25T16:23:19.751-04:00,-3508.300781,-30.321119
2026-08-25T16:23:19.751-04:00,-3500.976562,-25.770760
2026-08-25T16:23:19.751-04:00,-3493.652344,-23.813019
2026-08-25T16:23:19.751-04:00,-3486.328125,-24.457483
2026-08-25T16:23:19.751-04:00,-3479.003906,-35.688942
2026-08-25T16:23:19.751-04:00,-3471.679688,-32.397854
2026-08-25T16:23:19.751-04:00,-3464.355469,-38.985329
2026-08-25T16:23:19.751-04:00,-3457.031250,-36.138847
2026-08-25T16:23:19.751-04:00,-3449.707031,-33.287426
2026-08-25T16:23:19.751-04:00,-3442.382812,-28.608166
2026-08-25T16:23:19.751-04:00,-3435.058594,-31.794977
2026-08-25T16:23:19.751-04:00,-3427.734375,-33.813095
2026-08-25T16:23:19.751-04:00,-3420.410156,-31.001225
2026-08-25T16:23:19.751-04:00,-3413.085938,-27.568676
2026-08-25T16:23:19.751-04:00,-3405.761719,-22.852604
2026-08-25T16:23:19.751-04:00,-3398.437500,-19.881069
2026-08-25T16:23:19.751-04:00,-3391.113281,-19.547842
2026-08-25T16:23:19.751-04:00,-3383.789062,-21.739082
2026-08-25T16:23:19.751-04:00,-3376.464844,-23.928837
2026-08-25T16:23:19.751-04:00,-3369.140625,-22.286594
2026-08-25T16:23:19.751-04:00,-3361.816406,-21.727373
2026-08-25T16:23:19.751-04:00,-3354.492188,-25.426178
2026-08-25T16:23:19.751-04:00,-3347.167969,-23.690750
2026-08-25T16:23:19.751-04:00,-3339.843750,-18.944336
2026-08-25T16:23:19.751-04:00,-3332.519531,-18.618454
2026-08-25T16:23:19.751-04:00,-3325.195312,-17.609127
2026-08-25T16:23:19.751-04:00,-3317.871094,-20.187321
2026-08-25T16:23:19.751-04:00,-3310.546875,-24.081509
2026-08-25T16:23:19.751-04:00,-3303.222656,-26.857990
2026-08-25T16:23:19.751-04:00,-3295.898438,-22.777674
2026-08-25T16:23:19.751-04:00,-3288.574219,-18.144032
2026-08-25T16:23:19.751-04:00,-3281.250000,-18.309801
2026-08-25T16:23:19.751-04:00,-3273.925781,-17.947800
2026-08-25T16:23:19.751-04:00,-3266.601562,-14.458111
2026-08-25T16:23:19.751-04:00,-3259.277344,-12.816399
2026-08-25T16:23:19.751-04:00,-3251.953125,-14.013104
2026-08-25T16:23:19.751-04:00,-3244.628906,-17.165363
2026-08-25T16:23:19.751-04:00,-3237.304688,-17.681131
2026-08-25T16:23:19.751-04:00,-3229.980469,-16.387743
2026-08-25T16:23:19.751-04:00,-3222.656250,-16.615114
2026-08-25T16:23:19.751-04:00,-3215.332031,-17.447035
2026-08-25T16:23:19.751-04:00,-3208.007812,-17.696245
2026-08-25T16:23:19.751-04:00,-3200.683594,-19.141315
2026-08-25T16:23:19.751-04:00,-3193.359375,-22.648668
2026-08-25T16:23:19.751-04:00,-3186.035156,-25.440327
2026-08-25T16:23:19.751-04:00,-3178.710938,-26.602043
2026-08-25T16:23:19.751-04:00,-3171.386719,-34.908348
2026-08-25T16:23:19.751-04:00,-3164.062500,-20.152634
2026-08-25T16:23:19.751-04:00,-3156.738281,-15.287122
2026-08-25T16:23:19.751-04:00,-3149.414062,-15.318750
2026-08-25T16:23:19.751-04:00,-3142.089844,-18.935492
2026-08-25T16:23:19.751-04:00,-3134.765625,-23.011307
2026-08-25T16:23:19.751-04:00,-3127.441406,-22.687691
2026-08-25T16:23:19.751-04:00,-3120.117188,-29.822678
2026-08-25T16:23:19.751-04:00,-3112.792969,-31.456089
2026-08-25T16:23:19.751-04:00,-3105.468750,-27.011631
2026-08-25T16:23:19.751-04:00,-3098.144531,-21.387169
2026-08-25T16:23:19.751-04:00,-3090.820312,-25.441120
2026-08-25T16:23:19.751-04:00,-3083.496094,-27.330135
2026-08-25T16:23:19.751-04:00,-3076.171875,-21.275255
2026-08-25T16:23:19.751-04:00,-3068.847656,-21.367565
2026-08-25T16:23:19.751-04:00,-3061.523438,-24.544077
2026-08-25T16:23:19.751-04:00,-3054.199219,-25.987305
2026-08-25T16:23:19.751-04:00,-3046.875000,-22.602566
2026-08-25T16:23:19.751-04:00,-3039.550781,-21.604538
2026-08-25T16:23:19.751-04:00,-3032.226562,-17.203169
2026-08-25T16:23:19.751-04:00,-3024.902344,-16.925579
2026-08-25T16:23:19.751-04:00,-3017.578125,-18.915325
2026-08-25T16:23:19.751-04:00,-3010.253906,-20.884352
2026-08-25T16:23:19.751-04:00,-3002.929688,-27.696859
2026-08-25T16:23:19.751-04:00,-2995.605469,-29.226662
2026-08-25T16:23:19.751-04:00,-2988.281250,-23.578560
2026-08-25T16:23:19.751-04:00,-2980.957031,-17.938198
2026-08-25T16:23:19.751-04:00,-2973.632812,-23.880766
2026-08-25T16:23:19.751-04:00,-2966.308594,-17.025415
2026-08-25T16:23:19.751-04:00,-2958.984375,-13.860916
2026-08-25T16:23:19.751-04:00,-2951.660156,-14.105640
2026-08-25T16:23:19.751-04:00,-2944.335938,-14.299362
2026-08-25T16:23:19.751-04:00,-2937.011719,-13.653730
2026-08-25T16:23:19.751-04:00,-2929.687500,-13.911831
2026-08-25T16:23:19.751-04:00,-2922.363281,-15.249471
2026-08-25T16:23:19.751-04:00,-2915.039062,-16.128294
2026-08-25T16:23:19.751-04:00,-2907.714844,-15.321840
2026-08-25T16:23:19.751-04:00,-2900.390625,-16.511341
2026-08-25T16:23:19.751-04:00,-2893.066406,-24.605396
2026-08-25T16:23:19.751-04:00,-2885.742188,-28.262909
2026-08-25T16:23:19.751-04:00,-2878.417969,-21.499689
2026-08-25T16:23:19.751-04:00,-2871.093750,-23.333054
2026-08-25T16:23:19.751-04:00,-2863.769531,-33.797424
2026-08-25T16:23:19.751-04:00,-2856.445312,-30.728167
2026-08-25T16:23:19.751-04:00,-2849.121094,-28.944408
2026-08-25T16:23:19.751-04:00,-2841.796875,-23.153114
2026-08-25T16:23:19.751-04:00,-2834.472656,-16.759295
2026-08-25T16:23:19.751-04:00,-2827.148438,-16.235565
2026-08-25T16:23:19.751-04:00,-2819.824219,-17.752455
2026-08-25T16:23:19.751-04:00,-2812.500000,-22.461792
2026-08-25T16:23:19.751-04:00,-2805.175781,-32.840828
2026-08-25T16:23:19.751-04:00,-2797.851562,-21.168716
2026-08-25T16:23:19.751-04:00,-2790.527344,-15.086154
2026-08-25T16:23:19.751-04:00,-2783.203125,-13.340971
2026-08-25T16:23:19.751-04:00,-2775.878906,-16.377462
2026-08-25T16:23:19.751-04:00,-2768.554688,-22.029886
2026-08-25T16:23:19.751-04:00,-2761.230469,-25.448225
2026-08-25T16:23:19.751-04:00,-2753.906250,-29.338186
2026-08-25T16:23:19.751-04:00,-2746.582031,-32.549023
2026-08-25T16:23:19.751-04:00,-2739.257812,-22.314381
2026-08-25T16:23:19.751-04:00,-2731.933594,-14.987451
2026-08-25T16:23:19.751-04:00,-2724.609375,-14.505955
2026-08-25T16:23:19.751-04:00,-2717.285156,-20.408047
2026-08-25T16:23:19.751-04:00,-2709.960938,-38.041607
2026-08-25T16:23:19.751-04:00,-2702.636719,-29.773796
2026-08-25T16:23:19.751-04:00,-2695.312500,-25.145813
2026-08-25T16:23:19.751-04:00,-2687.988281,-25.923998
2026-08-25T16:23:19.751-04:00,-2680.664062,-18.991835
2026-08-25T16:23:19.751-04:00,-2673.339844,-15.436087
2026-08-25T16:23:19.751-04:00,-2666.015625,-14.393953
2026-08-25T16:23:19.751-04:00,-2658.691406,-14.996582
2026-08-25T16:23:19.751-04:00,-2651.367188,-17.058073
2026-08-25T16:23:19.751-04:00,-2644.042969,-21.720533
2026-08-25T16:23:19.751-04:00,-2636.718750,-33.163090
2026-08-25T16:23:19.751-04:00,-2629.394531,-38.347218
2026-08-25T16:23:19.751-04:00,-2622.070312,-43.859200
2026-08-25T16:23:19.751-04:00,-2614.746094,-31.000916
2026-08-25T16:23:19.751-04:00,-2607.421875,-23.944492
2026-08-25T16:23:19.751-04:00,-2600.097656,-18.193787
2026-08-25T16:23:19.751-04:00,-2592.773438,-16.157141
2026-08-25T16:23:19.751-04:00,-2585.449219,-20.612326
2026-08-25T16:23:19.751-04:00,-2578.125000,-31.033384
2026-08-25T16:23:19.751-04:00,-2570.800781,-17.012287
2026-08-25T16:23:19.751-04:00,-2563.476562,-13.869882
2026-08-25T16:23:19.751-04:00,-2556.152344,-15.123936
2026-08-25T16:23:19.751-04:00,-2548.828125,-18.497110
2026-08-25T16:23:19.751-04:00,-2541.503906,-18.484385
2026-08-25T16:23:19.751-04:00,-2534.179688,-20.258062
2026-08-25T16:23:19.751-04:00,-2526.855469,-20.842167
2026-08-25T16:23:19.751-04:00,-2519.531250,-20.091055
2026-08-25T16:23:19.751-04:00,-2512.207031,-19.829678
2026-08-25T16:23:19.751-04:00,-2504.882812,-19.035347
2026-08-25T16:23:19.751-04:00,-2497.558594,-19.376389
2026-08-25T16:23:19.751-04:00,-2490.234375,-26.565643
2026-08-25T16:23:19.751-04:00,-2482.910156,-23.148252
2026-08-25T16:23:19.751-04:00,-2475.585938,-18.366568
2026-08-25T16:23:19.751-04:00,-2468.261719,-20.741497
2026-08-25T16:23:19.751-04:00,-2460.937500,-19.774454
2026-08-25T16:23:19.751-04:00,-2453.613281,-14.314037
2026-08-25T16:23:19.751-04:00,-2446.289062,-13.223652
2026-08-25T16:23:19.751-04:00,-2438.964844,-19.044559
2026-08-25T16:23:19.751-04:00,-2431.640625,-23.213642
2026-08-25T16:23:19.751-04:00,-2424.316406,-22.600908
2026-08-25T16:23:19.751-04:00,-2416.992188,-25.006233
2026-08-25T16:23:19.751-04:00,-2409.667969,-26.181566
2026-08-25T16:23:19.751-04:00,-2402.343750,-21.170818
2026-08-25T16:23:19.751-04:00,-2395.019531,-18.011568
2026-08-25T16:23:19.751-04:00,-2387.695312,-21.570595
2026-08-25T16:23:19.751-04:00,-2380.371094,-26.830872
2026-08-25T16:23:19.751-04:00,-2373.046875,-25.350533
2026-08-25T16:23:19.751-04:00,-2365.722656,-30.028828
2026-08-25T16:23:19.751-04:00,-2358.398438,-19.818785
2026-08-25T16:23:19.751-04:00,-2351.074219,-20.486702
2026-08-25T16:23:19.751-04:00,-2343.750000,-32.866776
2026-08-25T16:23:19.751-04:00,-2336.425781,-26.381989
2026-08-25T16:23:19.751-04:00,-2329.101562,-21.628531
2026-08-25T16:23:19.751-04:00,-2321.777344,-18.765089
2026-08-25T16:23:19.751-04:00,-2314.453125,-21.314045
2026-08-25T16:23:19.751-04:00,-2307.128906,-26.176615
2026-08-25T16:23:19.751-04:00,-2299.804688,-22.064611
2026-08-25T16:23:19.751-04:00,-2292.480469,-17.956724
2026-08-25T16:23:19.751-04:00,-2285.156250,-17.621571
2026-08-25T16:23:19.751-04:00,-2277.832031,-25.198938
2026-08-25T16:23:19.751-04:00,-2270.507812,-24.427893
2026-08-25T16:23:19.751-04:00,-2263.183594,-22.119621
2026-08-25T16:23:19.751-04:00,-2255.859375,-23.471468
2026-08-25T16:23:19.751-04:00,-2248.535156,-24.887440
2026-08-25T16:23:19.751-04:00,-2241.210938,-24.804354
2026-08-25T16:23:19.751-04:00,-2233.886719,-25.394241
2026-08-25T16:23:19.751-04:00,-2226.562500,-32.120125
2026-08-25T16:23:19.751-04:00,-2219.238281,-29.090267
2026-08-25T16:23:19.751-04:00,-2211.914062,-38.833759
2026-08-25T16:23:19.751-04:00,-2204.589844,-22.490440
2026-08-25T16:23:19.751-04:00,-2197.265625,-19.438904
2026-08-25T16:23:19.751-04:00,-2189.941406,-20.331654
2026-08-25T16:23:19.751-04:00,-2182.617188,-18.765627
2026-08-25T16:23:19.751-04:00,-2175.292969,-19.688128
2026-08-25T16:23:19.751-04:00,-2167.968750,-32.203339
2026-08-25T16:23:19.751-04:00,-2160.644531,-21.663771
2026-08-25T16:23:19.751-04:00,-2153.320312,-21.590618
2026-08-25T16:23:19.751-04:00,-2145.996094,-38.069809
2026-08-25T16:23:19.751-04:00,-2138.671875,-27.093403
2026-08-25T16:23:19.751-04:00,-2131.347656,-29.979279
2026-08-25T16:23:19.751-04:00,-2124.023438,-22.800360
2026-08-25T16:23:19.751-04:00,-2116.699219,-25.310989
2026-08-25T16:23:19.751-04:00,-2109.375000,-33.893742
2026-08-25T16:23:19.751-04:00,-2102.050781,-32.119545
2026-08-25T16:23:19.751-04:00,-2094.726562,-35.321823
2026-08-25T16:23:19.751-04:00,-2087.402344,-25.590975
2026-08-25T16:23:19.751-04:00,-2080.078125,-25.690966
2026-08-25T16:23:19.751-04:00,-2072.753906,-27.615252
2026-08-25T16:23:19.751-04:00,-2065.429688,-26.459951
2026-08-25T16:23:19.751-04:00,-2058.105469,-32.848927
2026-08-25T16:23:19.751-04:00,-2050.781250,-24.959440
2026-08-25T16:23:19.751-04:00,-2043.457031,-19.568464
2026-08-25T16:23:19.751-04:00,-2036.132812,-21.301020
2026-08-25T16:23:19.751-04:00,-2028.808594,-24.447826
2026-08-25T16:23:19.751-04:00,-2021.484375,-20.806564
2026-08-25T16:23:19.751-04:00,-2014.160156,-24.509953
2026-08-25T16:23:19.751-04:00,-2006.835938,-36.376530
2026-08-25T16:23:19.751-04:00,-1999.511719,-38.207237
2026-08-25T16:23:19.751-04:00,-1992.187500,-25.411617
2026-08-25T16:23:19.751-04:00,-1984.863281,-17.768290
2026-08-25T16:23:19.751-04:00,-1977.539062,-16.208258
2026-08-25T16:23:19.751-04:00,-1970.214844,-18.239679
2026-08-25T16:23:19.751-04:00,-1962.890625,-33.214867
2026-08-25T16:23:19.751-04:00,-1955.566406,-19.273384
2026-08-25T16:23:19.751-04:00,-1948.242188,-15.313468
2026-08-25T16:23:19.751-04:00,-1940.917969,-16.807207
2026-08-25T16:23:19.751-04:00,-1933.593750,-22.830662
2026-08-25T16:23:19.751-04:00,-1926.269531,-21.530525
2026-08-25T16:23:19.751-04:00,-1918.945312,-22.231976
2026-08-25T16:23:19.751-04:00,-1911.621094,-26.488655
2026-08-25T16:23:19.751-04:00,-1904.296875,-21.530859
2026-08-25T16:23:19.751-04:00,-1896.972656,-25.823128
2026-08-25T16:23:19.751-04:00,-1889.648438,-23.932003
2026-08-25T16:23:19.751-04:00,-1882.324219,-19.027283
2026-08-25T16:23:19.751-04:00,-1875.000000,-19.717123
2026-08-25T16:23:19.751-04:00,-1867.675781,-20.642855
2026-08-25T16:23:19.751-04:00,-1860.351562,-16.361082
2026-08-25T16:23:19.751-04:00,-1853.027344,-14.282606
2026-08-25T16:23:19.751-04:00,-1845.703125,-14.607725
2026-08-25T16:23:19.751-04:00,-1838.378906,-18.243204
2026-08-25T16:23:19.751-04:00,-1831.054688,-25.079510
2026-08-25T16:23:19.751-04:00,-1823.730469,-28.287146
2026-08-25T16:23:19.751-04:00,-1816.406250,-31.505733
2026-08-25T16:23:19.751-04:00,-1809.082031,-22.886469
2026-08-25T16:23:19.751-04:00,-1801.757812,-17.843620
2026-08-25T16:23:19.751-04:00,-1794.433594,-19.116325
2026-08-25T16:23:19.751-04:00,-1787.109375,-23.832893
2026-08-25T16:23:19.751-04:00,-1779.785156,-23.140644
2026-08-25T16:23:19.751-04:00,-1772.460938,-20.554296
2026-08-25T16:23:19.751-04:00,-1765.136719,-22.496054
2026-08-25T16:23:19.751-04:00,-1757.812500,-22.852919
2026-08-25T16:23:19.751-04:00,-1750.488281,-17.838835
2026-08-25T16:23:19.751-04:00,-1743.164062,-19.428864
2026-08-25T16:23:19.751-04:00,-1735.839844,-23.940495
2026-08-25T16:23:19.751-04:00,-1728.515625,-15.825178
2026-08-25T16:23:19.751-04:00,-1721.191406,-16.256222
2026-08-25T16:23:19.751-04:00,-1713.867188,-18.565010
2026-08-25T16:23:19.751-04:00,-1706.542969,-19.164936
2026-08-25T16:23:19.751-04:00,-1699.218750,-22.516487
2026-08-25T16:23:19.751-04:00,-1691.894531,-27.914478
2026-08-25T16:23:19.751-04:00,-1684.570312,-33.447323
2026-08-25T16:23:19.751-04:00,-1677.246094,-22.216646
2026-08-25T16:23:19.751-04:00,-1669.921875,-22.215256
2026-08-25T16:23:19.751-04:00,-1662.597656,-28.475542
2026-08-25T16:23:19.751-04:00,-1655.273438,-28.872679
2026-08-25T16:23:19.751-04:00,-1647.949219,-26.351461
2026-08-25T16:23:19.751-04:00,-1640.625000,-34.711033
2026-08-25T16:23:19.751-04:00,-1633.300781,-30.939482
2026-08-25T16:23:19.751-04:00,-1625.976562,-27.398844
2026-08-25T16:23:19.751-04:00,-1618.652344,-26.555439
2026-08-25T16:23:19.751-04:00,-1611.328125,-37.826382
2026-08-25T16:23:19.751-04:00,-1604.003906,-37.472233
2026-08-25T16:23:19.751-04:00,-1596.679688,-26.002810
2026-08-25T16:23:19.751-04:00,-1589.355469,-20.758949
2026-08-25T16:23:19.751-04:00,-1582.031250,-17.690493
2026-08-25T16:23:19.751-04:00,-1574.707031,-18.569798
2026-08-25T16:23:19.751-04:00,-1567.382812,-21.211433
2026-08-25T16:23:19.751-04:00,-1560.058594,-21.089613
2026-08-25T16:23:19.751-04:00,-1552.734375,-23.881342
2026-08-25T16:23:19.751-04:00,-1545.410156,-28.941925
2026-08-25T16:23:19.751-04:00,-1538.085938,-20.795500
2026-08-25T16:23:19.751-04:00,-1530.761719,-24.161350
2026-08-25T16:23:19.751-04:00,-1523.437500,-20.556364
2026-08-25T16:23:19.751-04:00,-1516.113281,-18.661657
2026-08-25T16:23:19.751-04:00,-1508.789062,-21.673346
2026-08-25T16:23:19.751-04:00,-1501.464844,-26.828484
2026-08-25T16:23:19.751-04:00,-1494.140625,-25.887299
2026-08-25T16:23:19.751-04:00,-1486.816406,-21.570570
2026-08-25T16:23:19.751-04:00,-1479.492188,-17.940817
2026-08-25T16:23:19.751-04:00,-1472.167969,-14.456100
2026-08-25T16:23:19.751-04:00,-1464.843750,-13.431269
2026-08-25T16:23:19.751-04:00,-1457.519531,-15.864592
2026-08-25T16:23:19.751-04:00,-1450.195312,-19.785370
2026-08-25T16:23:19.751-04:00,-1442.871094,-24.284977
2026-08-25T16:23:19.751-04:00,-1435.546875,-21.881266
2026-08-25T16:23:19.751-04:00,-1428.222656,-16.851086
2026-08-25T16:23:19.751-04:00,-1420.898438,-15.473189
2026-08-25T16:23:19.751-04:00,-1413.574219,-16.889404
2026-08-25T16:23:19.751-04:00,-1406.250000,-20.577602
2026-08-25T16:23:19.751-04:00,-1398.925781,-22.596579
2026-08-25T16:23:19.751-04:00,-1391.601562,-18.632671
2026-08-25T16:23:19.751-04:00,-1384.277344,-18.978212
2026-08-25T16:23:19.751-04:00,-1376.953125,-25.392839
2026-08-25T16:23:19.751-04:00,-1369.628906,-20.592175
2026-08-25T16:23:19.751-04:00,-1362.304688,-15.404007
2026-08-25T16:23:19.751-04:00,-1354.980469,-16.261240
2026-08-25T16:23:19.751-04:00,-1347.656250,-20.491417
2026-08-25T16:23:19.751-04:00,-1340.332031,-17.447817
2026-08-25T16:23:19.751-04:00,-1333.007812,-14.389914
2026-08-25T16:23:19.751-04:00,-1325.683594,-14.070029
2026-08-25T16:23:19.751-04:00,-1318.359375,-14.775373
2026-08-25T16:23:19.751-04:00,-1311.035156,-17.975491
2026-08-25T16:23:19.751-04:00,-1303.710938,-27.764545
2026-08-25T16:23:19.751-04:00,-1296.386719,-25.193417
2026-08-25T16:23:19.751-04:00,-1289.062500,-21.622417
2026-08-25T16:23:19.751-04:00,-1281.738281,-23.041214
2026-08-25T16:23:19.751-04:00,-1274.414062,-33.862446
2026-08-25T16:23:19.751-04:00,-1267.089844,-27.698650
2026-08-25T16:23:19.751-04:00,-1259.765625,-19.959629
2026-08-25T16:23:19.751-04:00,-1252.441406,-19.566357
2026-08-25T16:23:19.751-04:00,-1245.117188,-28.824385
2026-08-25T16:23:19.751-04:00,-1237.792969,-20.550823
2026-08-25T16:23:19.751-04:00,-1230.468750,-18.561337
2026-08-25T16:23:19.751-04:00,-1223.144531,-21.115467
2026-08-25T16:23:19.751-04:00,-1215.820312,-31.741560
2026-08-25T16:23:19.751-04:00,-1208.496094,-20.367479
2026-08-25T16:23:19.751-04:00,-1201.171875,-20.062096
2026-08-25T16:23:19.751-04:00,-1193.847656,-25.805321
2026-08-25T16:23:19.751-04:00,-1186.523438,-30.446814
2026-08-25T16:23:19.751-04:00,-1179.199219,-36.570427
2026-08-25T16:23:19.751-04:00,-1171.875000,-26.926296
2026-08-25T16:23:19.751-04:00,-1164.550781,-21.112408
2026-08-25T16:23:19.751-04:00,-1157.226562,-18.069889
2026-08-25T16:23:19.751-04:00,-1149.902344,-18.922161
2026-08-25T16:23:19.751-04:00,-1142.578125,-16.324867
2026-08-25T16:23:19.751-04:00,-1135.253906,-18.667717
2026-08-25T16:23:19.751-04:00,-1127.929688,-34.910511
2026-08-25T16:23:19.751-04:00,-1120.605469,-22.573053
2026-08-25T16:23:19.751-04:00,-1113.281250,-17.233147
2026-08-25T16:23:19.751-04:00,-1105.957031,-15.688021
2026-08-25T16:23:19.751-04:00,-1098.632812,-18.895529
2026-08-25T16:23:19.751-04:00,-1091.308594,-19.718407
2026-08-25T16:23:19.751-04:00,-1083.984375,-17.165014
2026-08-25T16:23:19.751-04:00,-1076.660156,-20.851997
2026-08-25T16:23:19.751-04:00,-1069.335938,-22.670025
2026-08-25T16:23:19.751-04:00,-1062.011719,-22.497589
2026-08-25T16:23:19.751-04:00,-1054.687500,-22.067177
2026-08-25T16:23:19.751-04:00,-1047.363281,-18.069979
2026-08-25T16:23:19.751-04:00,-1040.039062,-14.146209
2026-08-25T16:23:19.751-04:00,-1032.714844,-12.381625
2026-08-25T16:23:19.751-04:00,-1025.390625,-12.945805
2026-08-25T16:23:19.751-04:00,-1018.066406,-17.621122
2026-08-25T16:23:19.751-04:00,-1010.742188,-20.967037
2026-08-25T16:23:19.751-04:00,-1003.417969,-23.449238
2026-08-25T16:23:19.751-04:00,-996.093750,-24.588200
2026-08-25T16:23:19.751-04:00,-988.769531,-20.434797
2026-08-25T16:23:19.751-04:00,-981.445312,-21.314924
2026-08-25T16:23:19.751-04:00,-974.121094,-23.781124
2026-08-25T16:23:19.751-04:00,-966.796875,-23.806677
2026-08-25T16:23:19.751-04:00,-959.472656,-23.937721
2026-08-25T16:23:19.751-04:00,-952.148438,-23.128361
2026-08-25T16:23:19.751-04:00,-944.824219,-36.736927
2026-08-25T16:23:19.751-04:00,-937.500000,-19.816786
2026-08-25T16:23:19.751-04:00,-930.175781,-15.738585
2026-08-25T16:23:19.751-04:00,-922.851562,-15.694569
2026-08-25T16:23:19.751-04:00,-915.527344,-18.823774
2026-08-25T16:23:19.751-04:00,-908.203125,-20.047733
2026-08-25T16:23:19.751-04:00,-900.878906,-17.338829
2026-08-25T16:23:19.751-04:00,-893.554688,-18.450811
2026-08-25T16:23:19.751-04:00,-886.230469,-20.625233
2026-08-25T16:23:19.751-04:00,-878.906250,-23.649254
2026-08-25T16:23:19.751-04:00,-871.582031,-25.165720
2026-08-25T16:23:19.751-04:00,-864.257812,-22.246466
2026-08-25T16:23:19.751-04:00,-856.933594,-19.624529
2026-08-25T16:23:19.751-04:00,-849.609375,-22.619385
2026-08-25T16:23:19.751-04:00,-842.285156,-21.232861
2026-08-25T16:23:19.751-04:00,-834.960938,-19.167969
2026-08-25T16:23:19.751-04:00,-827.636719,-19.631880
2026-08-25T16:23:19.751-04:00,-820.312500,-24.632114
2026-08-25T16:23:19.751-04:00,-812.988281,-22.887936
2026-08-25T16:23:19.751-04:00,-805.664062,-19.205067
2026-08-25T16:23:19.751-04:00,-798.339844,-24.451750
2026-08-25T16:23:19.751-04:00,-791.015625,-21.750383
2026-08-25T16:23:19.751-04:00,-783.691406,-24.996273
2026-08-25T16:23:19.751-04:00,-776.367188,-19.959063
2026-08-25T16:23:19.751-04:00,-769.042969,-23.376453
2026-08-25T16:23:19.751-04:00,-761.718750,-23.177774
2026-08-25T16:23:19.751-04:00,-754.394531,-16.772589
2026-08-25T16:23:19.751-04:00,-747.070312,-19.064980
2026-08-25T16:23:19.751-04:00,-739.746094,-26.829491
2026-08-25T16:23:19.751-04:00,-732.421875,-28.041895
2026-08-25T16:23:19.751-04:00,-725.097656,-24.204607
2026-08-25T16:23:19.751-04:00,-717.773438,-17.498783
2026-08-25T16:23:19.751-04:00,-710.449219,-18.159920
2026-08-25T16:23:19.751-04:00,-703.125000,-20.978996
2026-08-25T16:23:19.751-04:00,-695.800781,-25.843636
2026-08-25T16:23:19.751-04:00,-688.476562,-42.245049
2026-08-25T16:23:19.751-04:00,-681.152344,-25.290108
2026-08-25T16:23:19.751-04:00,-673.828125,-23.212568
2026-08-25T16:23:19.751-04:00,-666.503906,-23.760986
2026-08-25T16:23:19.751-04:00,-659.179688,-23.446415
2026-08-25T16:23:19.751-04:00,-651.855469,-22.728727
2026-08-25T16:23:19.751-04:00,-644.531250,-19.937336
2026-08-25T16:23:19.751-04:00,-637.207031,-16.271269
2026-08-25T16:23:19.751-04:00,-629.882812,-15.937197
2026-08-25T16:23:19.751-04:00,-622.558594,-19.910086
2026-08-25T16:23:19.751-04:00,-615.234375,-25.834921
2026-08-25T16:23:19.751-04:00,-607.910156,-22.029446
2026-08-25T16:23:19.751-04:00,-600.585938,-17.176903
2026-08-25T16:23:19.751-04:00,-593.261719,-16.179266
2026-08-25T16:23:19.751-04:00,-585.937500,-18.450132
2026-08-25T16:23:19.751-04:00,-578.613281,-24.622137
2026-08-25T16:23:19.751-04:00,-571.289062,-34.495129
2026-08-25T16:23:19.751-04:00,-563.964844,-31.052916
2026-08-25T16:23:19.751-04:00,-556.640625,-18.547277
2026-08-25T16:23:19.751-04:00,-549.316406,-17.262453
2026-08-25T16:23:19.751-04:00,-541.992188,-21.188009
2026-08-25T16:23:19.751-04:00,-534.667969,-26.925953
2026-08-25T16:23:19.751-04:00,-527.343750,-21.775669
2026-08-25T16:23:19.751-04:00,-520.019531,-20.191515
2026-08-25T16:23:19.751-04:00,-512.695312,-20.126698
2026-08-25T16:23:19.751-04:00,-505.371094,-18.051121
2026-08-25T16:23:19.751-04:00,-498.046875,-16.511583
2026-08-25T16:23:19.751-04:00,-490.722656,-17.207254
2026-08-25T16:23:19.751-04:00,-483.398438,-17.800543
2026-08-25T16:23:19.751-04:00,-476.074219,-23.994131
2026-08-25T16:23:19.751-04:00,-468.750000,-20.292004
2026-08-25T16:23:19.751-04:00,-461.425781,-16.097857
2026-08-25T16:23:19.751-04:00,-454.101562,-15.158731
2026-08-25T16:23:19.751-04:00,-446.777344,-17.651630
2026-08-25T16:23:19.751-04:00,-439.453125,-23.967007
2026-08-25T16:23:19.751-04:00,-432.128906,-21.850340
2026-08-25T16:23:19.751-04:00,-424.804688,-18.332819
2026-08-25T16:23:19.751-04:00,-417.480469,-16.624552
2026-08-25T16:23:19.751-04:00,-410.156250,-14.478713
2026-08-25T16:23:19.751-04:00,-402.832031,-13.410873
2026-08-25T16:23:19.751-04:00,-395.507812,-13.777009
2026-08-25T16:23:19.751-04:00,-388.183594,-16.607662
2026-08-25T16:23:19.751-04:00,-380.859375,-22.235054
2026-08-25T16:23:19.751-04:00,-373.535156,-36.351379
2026-08-25T16:23:19.751-04:00,-366.210938,-18.078077
2026-08-25T16:23:19.751-04:00,-358.886719,-14.404497
2026-08-25T16:23:19.751-04:00,-351.562500,-16.277624
2026-08-25T16:23:19.751-04:00,-344.238281,-19.366158
2026-08-25T16:23:19.751-04:00,-336.914062,-15.821520
2026-08-25T16:23:19.751-04:00,-329.589844,-15.102243
2026-08-25T16:23:19.751-04:00,-322.265625,-17.750401
2026-08-25T16:23:19.751-04:00,-314.941406,-25.209158
2026-08-25T16:23:19.751-04:00,-307.617188,-35.280373
2026-08-25T16:23:19.751-04:00,-300.292969,-35.111980
2026-08-25T16:23:19.751-04:00,-292.968750,-22.205755
2026-08-25T16:23:19.751-04:00,-285.644531,-22.410078
2026-08-25T16:23:19.751-04:00,-278.320312,-27.753771
2026-08-25T16:23:19.751-04:00,-270.996094,-32.470139
2026-08-25T16:23:19.751-04:00,-263.671875,-20.663071
2026-08-25T16:23:19.751-04:00,-256.347656,-15.806236
2026-08-25T16:23:19.751-04:00,-249.023438,-17.932169
2026-08-25T16:23:19.751-04:00,-241.699219,-16.907505
2026-08-25T16:23:19.751-04:00,-234.375000,-15.292893
2026-08-25T16:23:19.751-04:00,-227.050781,-19.269382
2026-08-25T16:23:19.751-04:00,-219.726562,-32.391781
2026-08-25T16:23:19.751-04:00,-212.402344,-24.079630
2026-08-25T16:23:19.751-04:00,-205.078125,-17.856937
2026-08-25T16:23:19.751-04:00,-197.753906,-14.674024
2026-08-25T16:23:19.751-04:00,-190.429688,-13.991380
2026-08-25T16:23:19.751-04:00,-183.105469,-15.443806
2026-08-25T16:23:19.751-04:00,-175.781250,-17.210560
2026-08-25T16:23:19.751-04:00,-168.457031,-15.791649
2026-08-25T16:23:19.751-04:00,-161.132812,-14.186305
2026-08-25T16:23:19.751-04:00,-153.808594,-17.219414
2026-08-25T16:23:19.751-04:00,-146.484375,-28.312407
2026-08-25T16:23:19.751-04:00,-139.160156,-17.223450
2026-08-25T16:23:19.751-04:00,-131.835938,-11.037699
2026-08-25T16:23:19.751-04:00,-124.511719,-10.194421
2026-08-25T16:23:19.751-04:00,-117.187500,-14.572350
2026-08-25T16:23:19.751-04:00,-109.863281,-22.390673
2026-08-25T16:23:19.751-04:00,-102.539062,-22.562111
2026-08-25T16:23:19.751-04:00,-95.214844,-26.615355
2026-08-25T16:23:19.751-04:00,-87.890625,-22.131004
2026-08-25T16:23:19.751-04:00,-80.566406,-17.924126
2026-08-25T16:23:19.751-04:00,-73.242188,-21.747046
2026-08-25T16:23:19.751-04:00,-65.917969,-21.771162
2026-08-25T16:23:19.751-04:00,-58.593750,-17.671383
2026-08-25T16:23:19.751-04:00,-51.269531,-18.952400
2026-08-25T16:23:19.751-04:00,-43.945312,-35.647892
2026-08-25T16:23:19.751-04:00,-36.621094,-23.793587
2026-08-25T16:23:19.751-04:00,-29.296875,-25.431870
2026-08-25T16:23:19.751-04:00,-21.972656,-20.433735
2026-08-25T16:23:19.751-04:00,-14.648438,-18.092508
2026-08-25T16:23:19.751-04:00,-7.324219,-25.039217
2026-08-25T16:23:19.751-04:00,0.000000,-28.638403
2026-08-25T16:23:19.751-04:00,7.324219,-20.523722
2026-08-25T16:23:19.751-04:00,14.648438,-19.711273
2026-08-25T16:23:19.751-04:00,21.972656,-22.143881
2026-08-25T16:23:19.751-04:00,29.296875,-22.394056
2026-08-25T16:23:19.751-04:00,36.621094,-15.757029
2026-08-25T16:23:19.751-04:00,43.945312,-13.716125
2026-08-25T16:23:19.751-04:00,51.269531,-16.031279
2026-08-25T16:23:19.751-04:00,58.593750,-23.159893
2026-08-25T16:23:19.751-04:00,65.917969,-33.035191
2026-08-25T16:23:19.751-04:00,73.242188,-22.612209
2026-08-25T16:23:19.751-04:00,80.566406,-18.003727
2026-08-25T16:23:19.751-04:00,87.890625,-20.943289
2026-08-25T16:23:19.751-04:00,95.214844,-23.980103
2026-08-25T16:23:19.751-04:00,102.539062,-22.944319
2026-08-25T16:23:19.751-04:00,109.863281,-24.623745
2026-08-25T16:23:19.751-04:00,117.187500,-23.879391
2026-08-25T16:23:19.751-04:00,124.511719,-29.422331
2026-08-25T16:23:19.751-04:00,131.835938,-26.078432
2026-08-25T16:23:19.751-04:00,139.160156,-19.744099
2026-08-25T16:23:19.751-04:00,146.484375,-17.271482
2026-08-25T16:23:19.751-04:00,153.808594,-17.555794
2026-08-25T16:23:19.751-04:00,161.132812,-18.781763
2026-08-25T16:23:19.751-04:00,168.457031,-21.914776
2026-08-25T16:23:19.751-04:00,175.781250,-29.083950
2026-08-25T16:23:19.751-04:00,183.105469,-25.006409
2026-08-25T16:23:19.751-04:00,190.429688,-21.083035
2026-08-25T16:23:19.751-04:00,197.753906,-30.785246
2026-08-25T16:23:19.751-04:00,205.078125,-23.432766
2026-08-25T16:23:19.751-04:00,212.402344,-19.010380
2026-08-25T16:23:19.751-04:00,219.726562,-20.139849
2026-08-25T16:23:19.751-04:00,227.050781,-21.175177
2026-08-25T16:23:19.751-04:00,234.375000,-21.023331
2026-08-25T16:23:19.751-04:00,241.699219,-21.390936
2026-08-25T16:23:19.751-04:00,249.023438,-22.677776
2026-08-25T16:23:19.751-04:00,256.347656,-27.873337
2026-08-25T16:23:19.751-04:00,263.671875,-25.331913
2026-08-25T16:23:19.751-04:00,270.996094,-25.309179
2026-08-25T16:23:19.751-04:00,278.320312,-32.991531
2026-08-25T16:23:19.751-04:00,285.644531,-28.490675
2026-08-25T16:23:19.751-04:00,292.968750,-26.396635
2026-08-25T16:23:19.751-04:00,300.292969,-32.451244
2026-08-25T16:23:19.751-04:00,307.617188,-25.043896
2026-08-25T16:23:19.751-04:00,314.941406,-19.474264
2026-08-25T16:23:19.751-04:00,322.265625,-19.883331
2026-08-25T16:23:19.751-04:00,329.589844,-21.322033
2026-08-25T16:23:19.751-04:00,336.914062,-21.083357
2026-08-25T16:23:19.751-04:00,344.238281,-24.309313
2026-08-25T16:23:19.751-04:00,351.562500,-32.332668
2026-08-25T16:23:19.751-04:00,358.886719,-25.569117
2026-08-25T16:23:19.751-04:00,366.210938,-28.920547
2026-08-25T16:23:19.751-04:00,373.535156,-17.124855
2026-08-25T16:23:19.751-04:00,380.859375,-17.818626
2026-08-25T16:23:19.751-04:00,388.183594,-20.142038
2026-08-25T16:23:19.751-04:00,395.507812,-18.387239
2026-08-25T16:23:19.751-04:00,402.832031,-20.677128
2026-08-25T16:23:19.751-04:00,410.156250,-19.687174
2026-08-25T16:23:19.751-04:00,417.480469,-21.609404
2026-08-25T16:23:19.751-04:00,424.804688,-30.190231
2026-08-25T16:23:19.751-04:00,432.128906,-19.394430
2026-08-25T16:23:19.751-04:00,439.453125,-18.595940
2026-08-25T16:23:19.751-04:00,446.777344,-22.940819
2026-08-25T16:23:19.751-04:00,454.101562,-25.099865
2026-08-25T16:23:19.751-04:00,461.425781,-21.641087
2026-08-25T16:23:19.751-04:00,468.750000,-20.558393
2026-08-25T16:23:19.751-04:00,476.074219,-22.374897
2026-08-25T16:23:19.751-04:00,483.398438,-20.733259
2026-08-25T16:23:19.751-04:00,490.722656,-22.951859
2026-08-25T16:23:19.751-04:00,498.046875,-22.289591
2026-08-25T16:23:19.751-04:00,505.371094,-21.196175
2026-08-25T16:23:19.751-04:00,512.695312,-15.971503
2026-08-25T16:23:19.751-04:00,520.019531,-16.902840
2026-08-25T16:23:19.751-04:00,527.343750,-26.785065
2026-08-25T16:23:19.751-04:00,534.667969,-24.644091
2026-08-25T16:23:19.751-04:00,541.992188,-29.577896
2026-08-25T16:23:19.751-04:00,549.316406,-22.892540
2026-08-25T16:23:19.751-04:00,556.640625,-20.557993
2026-08-25T16:23:19.751-04:00,563.964844,-21.513119
2026-08-25T16:23:19.751-04:00,571.289062,-31.272804
2026-08-25T16:23:19.751-04:00,578.613281,-41.129303
2026-08-25T16:23:19.751-04:00,585.937500,-21.782724
2026-08-25T16:23:19.751-04:00,593.261719,-17.639124
2026-08-25T16:23:19.751-04:00,600.585938,-18.930824
2026-08-25T16:23:19.751-04:00,607.910156,-20.873524
2026-08-25T16:23:19.751-04:00,615.234375,-20.576923
2026-08-25T16:23:19.751-04:00,622.558594,-18.295868
2026-08-25T16:23:19.751-04:00,629.882812,-18.661755
2026-08-25T16:23:19.751-04:00,637.207031,-19.827505
2026-08-25T16:23:19.751-04:00,644.531250,-18.459892
2026-08-25T16:23:19.751-04:00,651.855469,-16.718456
2026-08-25T16:23:19.751-04:00,659.179688,-16.769089
2026-08-25T16:23:19.751-04:00,666.503906,-19.534044
2026-08-25T16:23:19.751-04:00,673.828125,-22.975449
2026-08-25T16:23:19.751-04:00,681.152344,-21.355755
2026-08-25T16:23:19.751-04:00,688.476562,-21.780365
2026-08-25T16:23:19.751-04:00,695.800781,-26.093498
2026-08-25T16:23:19.751-04:00,703.125000,-15.890003
2026-08-25T16:23:19.751-04:00,710.449219,-16.236885
2026-08-25T16:23:19.751-04:00,717.773438,-24.371418
2026-08-25T16:23:19.751-04:00,725.097656,-23.966156
2026-08-25T16:23:19.751-04:00,732.421875,-20.858528
2026-08-25T16:23:19.751-04:00,739.746094,-17.582850
2026-08-25T16:23:19.751-04:00,747.070312,-18.378847
2026-08-25T16:23:19.751-04:00,754.394531,-23.809034
2026-08-25T16:23:19.751-04:00,761.718750,-28.193295
2026-08-25T16:23:19.751-04:00,769.042969,-24.413345
2026-08-25T16:23:19.751-04:00,776.367188,-22.256422
2026-08-25T16:23:19.751-04:00,783.691406,-27.756927
2026-08-25T16:23:19.751-04:00,791.015625,-21.000290
2026-08-25T16:23:19.751-04:00,798.339844,-18.407448
2026-08-25T16:23:19.751-04:00,805.664062,-21.157909
2026-08-25T16:23:19.751-04:00,812.988281,-22.680376
2026-08-25T16:23:19.751-04:00,820.312500,-20.626593
2026-08-25T16:23:19.751-04:00,827.636719,-29.714958
2026-08-25T16:23:19.751-04:00,834.960938,-19.888187
2026-08-25T16:23:19.751-04:00,842.285156,-15.819875
2026-08-25T16:23:19.751-04:00,849.609375,-15.477488
2026-08-25T16:23:19.751-04:00,856.933594,-13.801052
2026-08-25T16:23:19.751-04:00,864.257812,-13.109294
2026-08-25T16:23:19.751-04:00,871.582031,-14.139348
2026-08-25T16:23:19.751-04:00,878.906250,-18.443996
2026-08-25T16:23:19.751-04:00,886.230469,-27.057457
2026-08-25T16:23:19.751-04:00,893.554688,-29.779308
2026-08-25T16:23:19.751-04:00,900.878906,-23.628481
2026-08-25T16:23:19.751-04:00,908.203125,-28.043289
2026-08-25T16:23:19.751-04:00,915.527344,-42.502781
2026-08-25T16:23:19.751-04:00,922.851562,-30.368088
2026-08-25T16:23:19.751-04:00,930.175781,-30.266792
2026-08-25T16:23:19.751-04:00,937.500000,-30.483437
2026-08-25T16:23:19.751-04:00,944.824219,-20.927610
2026-08-25T16:23:19.751-04:00,952.148438,-20.097702
2026-08-25T16:23:19.751-04:00,959.472656,-25.522326
2026-08-25T16:23:19.751-04:00,966.796875,-19.953882
2026-08-25T16:23:19.751-04:00,974.121094,-20.904856
2026-08-25T16:23:19.751-04:00,981.445312,-26.856489
2026-08-25T16:23:19.751-04:00,988.769531,-33.975960
2026-08-25T16:23:19.751-04:00,996.093750,-31.118505
2026-08-25T16:23:19.751-04:00,1003.417969,-22.264891
2026-08-25T16:23:19.751-04:00,1010.742188,-26.940178
2026-08-25T16:23:19.751-04:00,1018.066406,-22.872791
2026-08-25T16:23:19.751-04:00,1025.390625,-21.338303
2026-08-25T16:23:19.751-04:00,1032.714844,-28.422428
2026-08-25T16:23:19.751-04:00,1040.039062,-20.663654
2026-08-25T16:23:19.751-04:00,1047.363281,-18.896957
2026-08-25T16:23:19.751-04:00,1054.687500,-21.986290
2026-08-25T16:23:19.751-04:00,1062.011719,-18.081676
2026-08-25T16:23:19.751-04:00,1069.335938,-17.440563
2026-08-25T16:23:19.751-04:00,1076.660156,-21.206644
2026-08-25T16:23:19.751-04:00,1083.984375,-25.459003
2026-08-25T16:23:19.751-04:00,1091.308594,-18.620968
2026-08-25T16:23:19.751-04:00,1098.632812,-15.256461
2026-08-25T16:23:19.751-04:00,1105.957031,-14.970813
2026-08-25T16:23:19.751-04:00,1113.281250,-14.322391
2026-08-25T16:23:19.751-04:00,1120.605469,-12.930927
2026-08-25T16:23:19.751-04:00,1127.929688,-14.815951
2026-08-25T16:23:19.751-04:00,1135.253906,-15.657062
2026-08-25T16:23:19.751-04:00,1142.578125,-16.377369
2026-08-25T16:23:19.751-04:00,1149.902344,-20.793736
2026-08-25T16:23:19.751-04:00,1157.226562,-18.035503
2026-08-25T16:23:19.751-04:00,1164.550781,-16.101067
2026-08-25T16:23:19.751-04:00,1171.875000,-22.563677
2026-08-25T16:23:19.751-04:00,1179.199219,-23.203033
2026-08-25T16:23:19.751-04:00,1186.523438,-21.598274
2026-08-25T16:23:19.751-04:00,1193.847656,-23.732735
2026-08-25T16:23:19.751-04:00,1201.171875,-27.466669
2026-08-25T16:23:19.751-04:00,1208.496094,-27.302990
2026-08-25T16:23:19.751-04:00,1215.820312,-26.419115
2026-08-25T16:23:19.751-04:00,1223.144531,-48.364685
2026-08-25T16:23:19.751-04:00,1230.468750,-19.459616
2026-08-25T16:23:19.751-04:00,1237.792969,-15.752162
2026-08-25T16:23:19.751-04:00,1245.117188,-15.623865
2026-08-25T16:23:19.751-04:00,1252.441406,-16.160366
2026-08-25T16:23:19.751-04:00,1259.765625,-19.955975
2026-08-25T16:23:19.751-04:00,1267.089844,-20.540850
2026-08-25T16:23:19.751-04:00,1274.414062,-15.049558
2026-08-25T16:23:19.751-04:00,1281.738281,-14.476763
2026-08-25T16:23:19.751-04:00,1289.062500,-16.705212
2026-08-25T16:23:19.751-04:00,1296.386719,-19.168444
2026-08-25T16:23:19.751-04:00,1303.710938,-21.975246
2026-08-25T16:23:19.751-04:00,1311.035156,-32.710144
2026-08-25T16:23:19.751-04:00,1318.359375,-22.212355
2026-08-25T16:23:19.751-04:00,1325.683594,-20.647839
2026-08-25T16:23:19.751-04:00,1333.007812,-27.647696
2026-08-25T16:23:19.751-04:00,1340.332031,-23.748409
2026-08-25T16:23:19.751-04:00,1347.656250,-20.532625
2026-08-25T16:23:19.751-04:00,1354.980469,-25.237904
2026-08-25T16:23:19.751-04:00,1362.304688,-23.025711
2026-08-25T16:23:19.751-04:00,1369.628906,-20.269888
2026-08-25T16:23:19.751-04:00,1376.953125,-20.099922
2026-08-25T16:23:19.751-04:00,1384.277344,-31.146793
2026-08-25T16:23:19.751-04:00,1391.601562,-21.417927
2026-08-25T16:23:19.751-04:00,1398.925781,-28.842728
2026-08-25T16:23:19.751-04:00,1406.250000,-16.959558
2026-08-25T16:23:19.751-04:00,1413.574219,-18.001566
2026-08-25T16:23:19.751-04:00,1420.898438,-25.285973
2026-08-25T16:23:19.751-04:00,1428.222656,-23.066780
2026-08-25T16:23:19.751-04:00,1435.546875,-20.497929
2026-08-25T16:23:19.751-04:00,1442.871094,-24.714401
2026-08-25T16:23:19.751-04:00,1450.195312,-21.897949
2026-08-25T16:23:19.751-04:00,1457.519531,-13.656469
2026-08-25T16:23:19.751-04:00,1464.843750,-12.031939
2026-08-25T16:23:19.751-04:00,1472.167969,-12.822680
2026-08-25T16:23:19.751-04:00,1479.492188,-17.119272
2026-08-25T16:23:19.751-04:00,1486.816406,-37.182594
2026-08-25T16:23:19.751-04:00,1494.140625,-15.863476
2026-08-25T16:23:19.751-04:00,1501.464844,-14.239946
2026-08-25T16:23:19.751-04:00,1508.789062,-24.242456
2026-08-25T16:23:19.751-04:00,1516.113281,-28.454485
2026-08-25T16:23:19.751-04:00,1523.437500,-23.714075
2026-08-25T16:23:19.751-04:00,1530.761719,-20.553795
2026-08-25T16:23:19.751-04:00,1538.085938,-19.492020
2026-08-25T16:23:19.751-04:00,1545.410156,-21.719135
2026-08-25T16:23:19.751-04:00,1552.734375,-23.237410
2026-08-25T16:23:19.751-04:00,1560.058594,-21.403009
2026-08-25T16:23:19.751-04:00,1567.382812,-17.960299
2026-08-25T16:23:19.751-04:00,1574.707031,-17.498924
2026-08-25T16:23:19.751-04:00,1582.031250,-20.003704
2026-08-25T16:23:19.751-04:00,1589.355469,-19.597561
2026-08-25T16:23:19.751-04:00,1596.679688,-19.314857
2026-08-25T16:23:19.751-04:00,1604.003906,-20.217363
2026-08-25T16:23:19.751-04:00,1611.328125,-23.438303
2026-08-25T16:23:19.751-04:00,1618.652344,-26.115808
2026-08-25T16:23:19.751-04:00,1625.976562,-24.928764
2026-08-25T16:23:19.751-04:00,1633.300781,-24.132463
2026-08-25T16:23:19.751-04:00,1640.625000,-31.087471
2026-08-25T16:23:19.751-04:00,1647.949219,-23.169094
2026-08-25T16:23:19.751-04:00,1655.273438,-19.873068
2026-08-25T16:23:19.751-04:00,1662.597656,-23.027449
2026-08-25T16:23:19.751-04:00,1669.921875,-15.157438
2026-08-25T16:23:19.751-04:00,1677.246094,-10.868284
2026-08-25T16:23:19.751-04:00,1684.570312,-10.924726
2026-08-25T16:23:19.751-04:00,1691.894531,-13.983747
2026-08-25T16:23:19.751-04:00,1699.218750,-17.194330
2026-08-25T16:23:19.751-04:00,1706.542969,-21.563133
2026-08-25T16:23:19.751-04:00,1713.867188,-31.565876
2026-08-25T16:23:19.751-04:00,1721.191406,-30.574188
2026-08-25T16:23:19.751-04:00,1728.515625,-19.994631
2026-08-25T16:23:19.751-04:00,1735.839844,-15.410291
2026-08-25T16:23:19.751-04:00,1743.164062,-15.244837
2026-08-25T16:23:19.751-04:00,1750.488281,-16.451948
2026-08-25T16:23:19.751-04:00,1757.812500,-16.577003
2026-08-25T16:23:19.751-04:00,1765.136719,-17.859905
2026-08-25T16:23:19.751-04:00,1772.460938,-19.631027
2026-08-25T16:23:19.751-04:00,1779.785156,-18.127438
2026-08-25T16:23:19.751-04:00,1787.109375,-14.723015
2026-08-25T16:23:19.751-04:00,1794.433594,-14.374323
2026-08-25T16:23:19.751-04:00,1801.757812,-18.506325
2026-08-25T16:23:19.751-04:00,1809.082031,-18.283049
2026-08-25T16:23:19.751-04:00,1816.406250,-17.259933
2026-08-25T16:23:19.751-04:00,1823.730469,-20.495672
2026-08-25T16:23:19.751-04:00,1831.054688,-45.183739
2026-08-25T16:23:19.751-04:00,1838.378906,-18.308203
2026-08-25T16:23:19.751-04:00,1845.703125,-14.335598
2026-08-25T16:23:19.751-04:00,1853.027344,-16.984062
2026-08-25T16:23:19.751-04:00,1860.351562,-25.398600
2026-08-25T16:23:19.751-04:00,1867.675781,-31.017618
2026-08-25T16:23:19.751-04:00,1875.000000,-28.106649
2026-08-25T16:23:19.751-04:00,1882.324219,-27.082455
2026-08-25T16:23:19.751-04:00,1889.648438,-21.823566
2026-08-25T16:23:19.751-04:00,1896.972656,-22.553627
2026-08-25T16:23:19.751-04:00,1904.296875,-29.036978
2026-08-25T16:23:19.751-04:00,1911.621094,-20.932602
2026-08-25T16:23:19.751-04:00,1918.945312,-17.678883
2026-08-25T16:23:19.751-04:00,1926.269531,-23.611374
2026-08-25T16:23:19.751-04:00,1933.593750,-17.330912
2026-08-25T16:23:19.751-04:00,1940.917969,-16.363346
2026-08-25T16:23:19.751-04:00,1948.242188,-19.583891
2026-08-25T16:23:19.751-04:00,1955.566406,-21.806393
2026-08-25T16:23:19.751-04:00,1962.890625,-17.107298
2026-08-25T16:23:19.751-04:00,1970.214844,-16.319067
2026-08-25T16:23:19.751-04:00,1977.539062,-16.914188
2026-08-25T16:23:19.751-04:00,1984.863281,-16.871582
2026-08-25T16:23:19.751-04:00,1992.187500,-19.629217
2026-08-25T16:23:19.751-04:00,1999.511719,-24.310436
2026-08-25T16:23:19.751-04:00,2006.835938,-24.137259
2026-08-25T16:23:19.751-04:00,2014.160156,-23.997011
2026-08-25T16:23:19.751-04:00,2021.484375,-27.824171
2026-08-25T16:23:19.751-04:00,2028.808594,-25.452738
2026-08-25T16:23:19.751-04:00,2036.132812,-26.856611
2026-08-25T16:23:19.751-04:00,2043.457031,-27.108162
2026-08-25T16:23:19.751-04:00,2050.781250,-19.628553
2026-08-25T16:23:19.751-04:00,2058.105469,-19.269705
2026-08-25T16:23:19.751-04:00,2065.429688,-22.490406
2026-08-25T16:23:19.751-04:00,2072.753906,-18.742228
2026-08-25T16:23:19.751-04:00,2080.078125,-19.232176
2026-08-25T16:23:19.751-04:00,2087.402344,-21.252565
2026-08-25T16:23:19.751-04:00,2094.726562,-23.271832
2026-08-25T16:23:19.751-04:00,2102.050781,-23.863247
2026-08-25T16:23:19.751-04:00,2109.375000,-23.990269
2026-08-25T16:23:19.751-04:00,2116.699219,-22.812159
2026-08-25T16:23:19.751-04:00,2124.023438,-24.764311
2026-08-25T16:23:19.751-04:00,2131.347656,-36.103729
2026-08-25T16:23:19.751-04:00,2138.671875,-21.609722
2026-08-25T16:23:19.751-04:00,2145.996094,-19.652275
2026-08-25T16:23:19.751-04:00,2153.320312,-33.710003
2026-08-25T16:23:19.751-04:00,2160.644531,-25.469357
2026-08-25T16:23:19.751-04:00,2167.968750,-24.134830
2026-08-25T16:23:19.751-04:00,2175.292969,-21.045332
2026-08-25T16:23:19.751-04:00,2182.617188,-20.588198
2026-08-25T16:23:19.751-04:00,2189.941406,-21.777964
2026-08-25T16:23:19.751-04:00,2197.265625,-25.080927
2026-08-25T16:23:19.751-04:00,2204.589844,-26.507053
2026-08-25T16:23:19.751-04:00,2211.914062,-22.773764
2026-08-25T16:23:19.751-04:00,2219.238281,-23.940794
2026-08-25T16:23:19.751-04:00,2226.562500,-21.736423
2026-08-25T16:23:19.751-04:00,2233.886719,-15.123529
2026-08-25T16:23:19.751-04:00,2241.210938,-14.176927
2026-08-25T16:23:19.751-04:00,2248.535156,-18.609867
2026-08-25T16:23:19.751-04:00,2255.859375,-23.110447
2026-08-25T16:23:19.751-04:00,2263.183594,-19.397243
2026-08-25T16:23:19.751-04:00,2270.507812,-17.262300
2026-08-25T16:23:19.751-04:00,2277.832031,-21.103106
2026-08-25T16:23:19.751-04:00,2285.156250,-20.750235
2026-08-25T16:23:19.751-04:00,2292.480469,-17.234686
2026-08-25T16:23:19.751-04:00,2299.804688,-17.260511
2026-08-25T16:23:19.751-04:00,2307.128906,-18.259560
2026-08-25T16:23:19.751-04:00,2314.453125,-18.218105
2026-08-25T16:23:19.751-04:00,2321.777344,-19.509134
2026-08-25T16:23:19.751-04:00,2329.101562,-30.818256
2026-08-25T16:23:19.751-04:00,2336.425781,-18.219181
2026-08-25T16:23:19.751-04:00,2343.750000,-16.235832
2026-08-25T16:23:19.751-04:00,2351.074219,-19.502409
2026-08-25T16:23:19.751-04:00,2358.398438,-21.033085
2026-08-25T16:23:19.751-04:00,2365.722656,-20.416397
2026-08-25T16:23:19.751-04:00,2373.046875,-21.301006
2026-08-25T16:23:19.751-04:00,2380.371094,-22.595512
2026-08-25T16:23:19.751-04:00,2387.695312,-19.195650
2026-08-25T16:23:19.751-04:00,2395.019531,-15.361055
2026-08-25T16:23:19.751-04:00,2402.343750,-15.031219
2026-08-25T16:23:19.751-04:00,2409.667969,-15.788382
2026-08-25T16:23:19.751-04:00,2416.992188,-13.916812
2026-08-25T16:23:19.751-04:00,2424.316406,-12.940227
2026-08-25T16:23:19.751-04:00,2431.640625,-14.379442
2026-08-25T16:23:19.751-04:00,2438.964844,-17.878717
2026-08-25T16:23:19.751-04:00,2446.289062,-19.569960
2026-08-25T16:23:19.751-04:00,2453.613281,-17.735594
2026-08-25T16:23:19.751-04:00,2460.937500,-20.004757
2026-08-25T16:23:19.751-04:00,2468.261719,-18.929945
2026-08-25T16:23:19.751-04:00,2475.585938,-20.498590
2026-08-25T16:23:19.751-04:00,2482.910156,-31.258356
2026-08-25T16:23:19.751-04:00,2490.234375,-22.674818
2026-08-25T16:23:19.751-04:00,2497.558594,-21.807873
2026-08-25T16:23:19.751-04:00,2504.882812,-21.019943
2026-08-25T16:23:19.751-04:00,2512.207031,-21.561592
2026-08-25T16:23:19.751-04:00,2519.531250,-24.614544
2026-08-25T16:23:19.751-04:00,2526.855469,-21.795929
2026-08-25T16:23:19.751-04:00,2534.179688,-27.434580
2026-08-25T16:23:19.751-04:00,2541.503906,-24.323328
2026-08-25T16:23:19.751-04:00,2548.828125,-19.371870
2026-08-25T16:23:19.751-04:00,2556.152344,-19.298542
2026-08-25T16:23:19.751-04:00,2563.476562,-18.728691
2026-08-25T16:23:19.751-04:00,2570.800781,-22.062222
2026-08-25T16:23:19.751-04:00,2578.125000,-31.226582
2026-08-25T16:23:19.751-04:00,2585.449219,-21.065464
2026-08-25T16:23:19.751-04:00,2592.773438,-19.562248
2026-08-25T16:23:19.751-04:00,2600.097656,-17.826944
2026-08-25T16:23:19.751-04:00,2607.421875,-20.460928
2026-08-25T16:23:19.751-04:00,2614.746094,-30.925228
2026-08-25T16:23:19.751-04:00,2622.070312,-25.266380
2026-08-25T16:23:19.751-04:00,2629.394531,-18.214926
2026-08-25T16:23:19.751-04:00,2636.718750,-19.972036
2026-08-25T16:23:19.751-04:00,2644.042969,-21.943485
2026-08-25T16:23:19.751-04:00,2651.367188,-12.748182
2026-08-25T16:23:19.751-04:00,2658.691406,-10.538734
2026-08-25T16:23:19.751-04:00,2666.015625,-11.961948
2026-08-25T16:23:19.751-04:00,2673.339844,-17.068544
2026-08-25T16:23:19.751-04:00,2680.664062,-24.708879
2026-08-25T16:23:19.751-04:00,2687.988281,-21.324549
2026-08-25T16:23:19.751-04:00,2695.312500,-16.556007
2026-08-25T16:23:19.751-04:00,2702.636719,-16.862158
2026-08-25T16:23:19.751-04:00,2709.960938,-15.725947
2026-08-25T16:23:19.751-04:00,2717.285156,-16.064198
2026-08-25T16:23:19.751-04:00,2724.609375,-24.261944
2026-08-25T16:23:19.751-04:00,2731.933594,-21.073378
2026-08-25T16:23:19.751-04:00,2739.257812,-15.638000
2026-08-25T16:23:19.751-04:00,2746.582031,-14.128519
2026-08-25T16:23:19.751-04:00,2753.906250,-15.285062
2026-08-25T16:23:19.751-04:00,2761.230469,-16.462351
2026-08-25T16:23:19.751-04:00,2768.554688,-20.877720
2026-08-25T16:23:19.751-04:00,2775.878906,-34.607857
2026-08-25T16:23:19.751-04:00,2783.203125,-22.506063
2026-08-25T16:23:19.751-04:00,2790.527344,-19.285234
2026-08-25T16:23:19.751-04:00,2797.851562,-23.239775
2026-08-25T16:23:19.751-04:00,2805.175781,-25.167379
2026-08-25T16:23:19.751-04:00,2812.500000,-23.959633
2026-08-25T16:23:19.751-04:00,2819.824219,-37.429718
2026-08-25T16:23:19.751-04:00,2827.148438,-28.040413
2026-08-25T16:23:19.751-04:00,2834.472656,-30.455986
2026-08-25T16:23:19.751-04:00,2841.796875,-19.785416
2026-08-25T16:23:19.751-04:00,2849.121094,-15.667330
2026-08-25T16:23:19.751-04:00,2856.445312,-15.243669
2026-08-25T16:23:19.751-04:00,2863.769531,-16.834166
2026-08-25T16:23:19.751-04:00,2871.093750,-17.474049
2026-08-25T16:23:19.751-04:00,2878.417969,-19.689697
2026-08-25T16:23:19.751-04:00,2885.742188,-21.653385
2026-08-25T16:23:19.751-04:00,2893.066406,-21.665546
2026-08-25T16:23:19.751-04:00,2900.390625,-26.033590
2026-08-25T16:23:19.751-04:00,2907.714844,-25.173737
2026-08-25T16:23:19.751-04:00,2915.039062,-21.742571
2026-08-25T16:23:19.751-04:00,2922.363281,-19.679878
2026-08-25T16:23:19.751-04:00,2929.687500,-19.908821
2026-08-25T16:23:19.751-04:00,2937.011719,-29.131264
2026-08-25T16:23:19.751-04:00,2944.335938,-21.362293
2026-08-25T16:23:19.751-04:00,2951.660156,-17.868332
2026-08-25T16:23:19.751-04:00,2958.984375,-26.032475
2026-08-25T16:23:19.751-04:00,2966.308594,-17.913958
2026-08-25T16:23:19.751-04:00,2973.632812,-20.589113
2026-08-25T16:23:19.751-04:00,2980.957031,-29.435606
2026-08-25T16:23:19.751-04:00,2988.281250,-23.083544
2026-08-25T16:23:19.751-04:00,2995.605469,-17.862394
2026-08-25T16:23:19.751-04:00,3002.929688,-17.150610
2026-08-25T16:23:19.751-04:00,3010.253906,-18.594799
2026-08-25T16:23:19.751-04:00,3017.578125,-26.240557
2026-08-25T16:23:19.751-04:00,3024.902344,-20.076124
2026-08-25T16:23:19.751-04:00,3032.226562,-19.215738
2026-08-25T16:23:19.751-04:00,3039.550781,-22.731531
2026-08-25T16:23:19.751-04:00,3046.875000,-19.575083
2026-08-25T16:23:19.751-04:00,3054.199219,-18.984045
2026-08-25T16:23:19.751-04:00,3061.523438,-28.972551
2026-08-25T16:23:19.751-04:00,3068.847656,-26.859421
2026-08-25T16:23:19.751-04:00,3076.171875,-23.832930
2026-08-25T16:23:19.751-04:00,3083.496094,-29.585739
2026-08-25T16:23:19.751-04:00,3090.820312,-25.533049
2026-08-25T16:23:19.751-04:00,3098.144531,-25.195000
2026-08-25T16:23:19.751-04:00,3105.468750,-31.384657
2026-08-25T16:23:19.751-04:00,3112.792969,-24.471256
2026-08-25T16:23:19.751-04:00,3120.117188,-20.803396
2026-08-25T16:23:19.751-04:00,3127.441406,-18.989513
2026-08-25T16:23:19.751-04:00,3134.765625,-14.529037
2026-08-25T16:23:19.751-04:00,3142.089844,-12.083210
2026-08-25T16:23:19.751-04:00,3149.414062,-13.237220
2026-08-25T16:23:19.751-04:00,3156.738281,-15.761206
2026-08-25T16:23:19.751-04:00,3164.062500,-15.410553
2026-08-25T16:23:19.751-04:00,3171.386719,-15.583373
2026-08-25T16:23:19.751-04:00,3178.710938,-19.999249
2026-08-25T16:23:19.751-04:00,3186.035156,-15.699653
2026-08-25T16:23:19.751-04:00,3193.359375,-16.553652
2026-08-25T16:23:19.751-04:00,3200.683594,-15.461470
2026-08-25T16:23:19.751-04:00,3208.007812,-16.474871
2026-08-25T16:23:19.751-04:00,3215.332031,-22.911221
2026-08-25T16:23:19.751-04:00,3222.656250,-30.630070
2026-08-25T16:23:19.751-04:00,3229.980469,-21.881332
2026-08-25T16:23:19.751-04:00,3237.304688,-16.302141
2026-08-25T16:23:19.751-04:00,3244.628906,-17.561001
2026-08-25T16:23:19.751-04:00,3251.953125,-24.221100
2026-08-25T16:23:19.751-04:00,3259.277344,-22.384474
2026-08-25T16:23:19.751-04:00,3266.601562,-29.691906
2026-08-25T16:23:19.751-04:00,3273.925781,-25.876368
2026-08-25T16:23:19.751-04:00,3281.250000,-24.727215
2026-08-25T16:23:19.751-04:00,3288.574219,-21.418268
2026-08-25T16:23:19.751-04:00,3295.898438,-23.632511
2026-08-25T16:23:19.751-04:00,3303.222656,-33.007511
2026-08-25T16:23:19.751-04:00,3310.546875,-33.834618
2026-08-25T16:23:19.751-04:00,3317.871094,-29.548662
2026-08-25T16:23:19.751-04:00,3325.195312,-20.664089
2026-08-25T16:23:19.751-04:00,3332.519531,-20.379238
2026-08-25T16:23:19.751-04:00,3339.843750,-21.777952
2026-08-25T16:23:19.751-04:00,3347.167969,-24.499958
2026-08-25T16:23:19.751-04:00,3354.492188,-21.917143
2026-08-25T16:23:19.751-04:00,3361.816406,-19.621403
2026-08-25T16:23:19.751-04:00,3369.140625,-22.517044
2026-08-25T16:23:19.751-04:00,3376.464844,-44.114395
2026-08-25T16:23:19.751-04:00,3383.789062,-25.530491
2026-08-25T16:23:19.751-04:00,3391.113281,-26.435175
2026-08-25T16:23:19.751-04:00,3398.437500,-28.050337
2026-08-25T16:23:19.751-04:00,3405.761719,-25.279491
2026-08-25T16:23:19.751-04:00,3413.085938,-28.460049
2026-08-25T16:23:19.751-04:00,3420.410156,-22.376781
2026-08-25T16:23:19.751-04:00,3427.734375,-19.946339
2026-08-25T16:23:19.751-04:00,3435.058594,-29.401205
2026-08-25T16:23:19.751-04:00,3442.382812,-14.625895
2026-08-25T16:23:19.751-04:00,3449.707031,-14.241756
2026-08-25T16:23:19.751-04:00,3457.031250,-21.377815
2026-08-25T16:23:19.751-04:00,3464.355469,-22.400387
2026-08-25T16:23:19.751-04:00,3471.679688,-16.585781
2026-08-25T16:23:19.751-04:00,3479.003906,-18.538568
2026-08-25T16:23:19.751-04:00,3486.328125,-23.243294
2026-08-25T16:23:19.751-04:00,3493.652344,-40.452023
2026-08-25T16:23:19.751-04:00,3500.976562,-29.703838
2026-08-25T16:23:19.751-04:00,3508.300781,-42.928066
2026-08-25T16:23:19.751-04:00,3515.625000,-23.240232
2026-08-25T16:23:19.751-04:00,3522.949219,-19.109201
2026-08-25T16:23:19.751-04:00,3530.273438,-20.321152
2026-08-25T16:23:19.751-04:00,3537.597656,-20.832121
2026-08-25T16:23:19.751-04:00,3544.921875,-24.117256
2026-08-25T16:23:19.751-04:00,3552.246094,-26.817949
2026-08-25T16:23:19.751-04:00,3559.570312,-17.342472
2026-08-25T16:23:19.751-04:00,3566.894531,-16.956272
2026-08-25T16:23:19.751-04:00,3574.218750,-17.804169
2026-08-25T16:23:19.751-04:00,3581.542969,-19.025490
2026-08-25T16:23:19.751-04:00,3588.867188,-19.596355
2026-08-25T16:23:19.751-04:00,3596.191406,-18.491308
2026-08-25T16:23:19.751-04:00,3603.515625,-19.466206
2026-08-25T16:23:19.751-04:00,3610.839844,-22.106684
2026-08-25T16:23:19.751-04:00,3618.164062,-21.823977
2026-08-25T16:23:19.751-04:00,3625.488281,-21.979614
2026-08-25T16:23:19.751-04:00,3632.812500,-28.305922
2026-08-25T16:23:19.751-04:00,3640.136719,-22.704575
2026-08-25T16:23:19.751-04:00,3647.460938,-19.888680
2026-08-25T16:23:19.751-04:00,3654.785156,-23.282835
2026-08-25T16:23:19.751-04:00,3662.109375,-27.983841
2026-08-25T16:23:19.751-04:00,3669.433594,-31.765793
2026-08-25T16:23:19.751-04:00,3676.757812,-44.446114
2026-08-25T16:23:19.751-04:00,3684.082031,-29.918991
2026-08-25T16:23:19.751-04:00,3691.406250,-21.785383
2026-08-25T16:23:19.751-04:00,3698.730469,-21.139828
2026-08-25T16:23:19.751-04:00,3706.054688,-30.749739
2026-08-25T16:23:19.751-04:00,3713.378906,-27.899479
2026-08-25T16:23:19.751-04:00,3720.703125,-24.457783
2026-08-25T16:23:19.751-04:00,3728.027344,-18.711203
2026-08-25T16:23:19.751-04:00,3735.351562,-15.465178
2026-08-25T16:23:19.751-04:00,3742.675781,-14.414396
2026-08-25T16:23:19.751-04:00,3750.000000,-15.101794
2026-08-25T16:23:19.751-04:00,3757.324219,-17.358320
2026-08-25T16:23:19.751-04:00,3764.648438,-21.750307
2026-08-25T16:23:19.751-04:00,3771.972656,-20.740910
2026-08-25T16:23:19.751-04:00,3779.296875,-21.350536
2026-08-25T16:23:19.751-04:00,3786.621094,-19.840483
2026-08-25T16:23:19.751-04:00,3793.945312,-26.778316
2026-08-25T16:23:19.751-04:00,3801.269531,-32.406704
2026-08-25T16:23:19.751-04:00,3808.593750,-29.043335
2026-08-25T16:23:19.751-04:00,3815.917969,-23.406853
2026-08-25T16:23:19.751-04:00,3823.242188,-19.975527
2026-08-25T16:23:19.751-04:00,3830.566406,-24.621412
2026-08-25T16:23:19.751-04:00,3837.890625,-17.857330
2026-08-25T16:23:19.751-04:00,3845.214844,-27.065689
2026-08-25T16:23:19.751-04:00,3852.539062,-20.312616
2026-08-25T16:23:19.751-04:00,3859.863281,-15.879465
2026-08-25T16:23:19.751-04:00,3867.187500,-16.281445
2026-08-25T16:23:19.751-04:00,3874.511719,-25.007668
2026-08-25T16:23:19.751-04:00,3881.835938,-23.783218
2026-08-25T16:23:19.751-04:00,3889.160156,-20.829504
2026-08-25T16:23:19.751-04:00,3896.484375,-20.074394
2026-08-25T16:23:19.751-04:00,3903.808594,-19.853615
2026-08-25T16:23:19.751-04:00,3911.132812,-21.323544
2026-08-25T16:23:19.751-04:00,3918.457031,-26.150703
2026-08-25T16:23:19.751-04:00,3925.781250,-22.663929
2026-08-25T16:23:19.751-04:00,3933.105469,-16.801796
2026-08-25T16:23:19.751-04:00,3940.429688,-14.394644
2026-08-25T16:23:19.751-04:00,3947.753906,-13.306841
2026-08-25T16:23:19.751-04:00,3955.078125,-13.818692
2026-08-25T16:23:19.751-04:00,3962.402344,-17.963446
2026-08-25T16:23:19.751-04:00,3969.726562,-31.875637
2026-08-25T16:23:19.751-04:00,3977.050781,-19.573601
2026-08-25T16:23:19.751-04:00,3984.375000,-19.083805
2026-08-25T16:23:19.751-04:00,3991.699219,-20.473885
2026-08-25T16:23:19.751-04:00,3999.023438,-20.945406
2026-08-25T16:23:19.751-04:00,4006.347656,-24.520916
2026-08-25T16:23:19.751-04:00,4013.671875,-28.795349
2026-08-25T16:23:19.751-04:00,4020.996094,-17.234686
2026-08-25T16:23:19.751-04:00,4028.320312,-15.388887
2026-08-25T16:23:19.751-04:00,4035.644531,-22.697887
2026-08-25T16:23:19.751-04:00,4042.968750,-17.959673
2026-08-25T16:23:19.751-04:00,4050.292969,-13.276528
2026-08-25T16:23:19.751-04:00,4057.617188,-17.204811
2026-08-25T16:23:19.751-04:00,4064.941406,-21.494150
2026-08-25T16:23:19.751-04:00,4072.265625,-21.870293
2026-08-25T16:23:19.751-04:00,4079.589844,-16.986601
2026-08-25T16:23:19.751-04:00,4086.914062,-13.923036
2026-08-25T16:23:19.751-04:00,4094.238281,-15.477296
2026-08-25T16:23:19.751-04:00,4101.562500,-18.262579
2026-08-25T16:23:19.751-04:00,4108.886719,-17.393299
2026-08-25T16:23:19.751-04:00,4116.210938,-16.133221
2026-08-25T16:23:19.751-04:00,4123.535156,-17.716169
2026-08-25T16:23:19.751-04:00,4130.859375,-20.298861
2026-08-25T16:23:19.751-04:00,4138.183594,-22.522070
2026-08-25T16:23:19.751-04:00,4145.507812,-34.906895
2026-08-25T16:23:19.751-04:00,4152.832031,-25.205591
2026-08-25T16:23:19.751-04:00,4160.156250,-21.318834
2026-08-25T16:23:19.751-04:00,4167.480469,-21.670456
2026-08-25T16:23:19.751-04:00,4174.804688,-20.492012
2026-08-25T16:23:19.751-04:00,4182.128906,-18.451962
2026-08-25T16:23:19.751-04:00,4189.453125,-17.096035
2026-08-25T16:23:19.751-04:00,4196.777344,-17.327435
2026-08-25T16:23:19.751-04:00,4204.101562,-19.879301
2026-08-25T16:23:19.751-04:00,4211.425781,-23.210955
2026-08-25T16:23:19.751-04:00,4218.750000,-18.408831
2026-08-25T16:23:19.751-04:00,4226.074219,-15.870815
2026-08-25T16:23:19.751-04:00,4233.398438,-18.044849
2026-08-25T16:23:19.751-04:00,4240.722656,-26.504272
2026-08-25T16:23:19.751-04:00,4248.046875,-26.755621
2026-08-25T16:23:19.751-04:00,4255.371094,-20.575335
2026-08-25T16:23:19.751-04:00,4262.695312,-18.432247
2026-08-25T16:23:19.751-04:00,4270.019531,-19.603342
2026-08-25T16:23:19.751-04:00,4277.343750,-32.170158
2026-08-25T16:23:19.751-04:00,4284.667969,-20.416281
2026-08-25T16:23:19.751-04:00,4291.992188,-22.468760
2026-08-25T16:23:19.751-04:00,4299.316406,-27.452785
2026-08-25T16:23:19.751-04:00,4306.640625,-32.294971
2026-08-25T16:23:19.751-04:00,4313.964844,-27.357100
2026-08-25T16:23:19.751-04:00,4321.289062,-20.962870
2026-08-25T16:23:19.751-04:00,4328.613281,-19.588112
2026-08-25T16:23:19.751-04:00,4335.937500,-19.625555
2026-08-25T16:23:19.751-04:00,4343.261719,-19.017292
2026-08-25T16:23:19.751-04:00,4350.585938,-20.449947
2026-08-25T16:23:19.751-04:00,4357.910156,-23.276905
2026-08-25T16:23:19.751-04:00,4365.234375,-24.785387
2026-08-25T16:23:19.751-04:00,4372.558594,-20.333305
2026-08-25T16:23:19.751-04:00,4379.882812,-19.975309
2026-08-25T16:23:19.751-04:00,4387.207031,-20.361637
2026-08-25T16:23:19.751-04:00,4394.531250,-20.610630
2026-08-25T16:23:19.751-04:00,4401.855469,-23.124500
2026-08-25T16:23:19.751-04:00,4409.179688,-28.150913
2026-08-25T16:23:19.751-04:00,4416.503906,-30.014832
2026-08-25T16:23:19.751-04:00,4423.828125,-30.959360
2026-08-25T16:23:19.751-04:00,4431.152344,-29.035013
2026-08-25T16:23:19.751-04:00,4438.476562,-20.392323
2026-08-25T16:23:19.751-04:00,4445.800781,-21.888016
2026-08-25T16:23:19.751-04:00,4453.125000,-20.494282
2026-08-25T16:23:19.751-04:00,4460.449219,-17.082903
2026-08-25T16:23:19.751-04:00,4467.773438,-15.476294
2026-08-25T16:23:19.751-04:00,4475.097656,-18.239794
2026-08-25T16:23:19.751-04:00,4482.421875,-22.833948
2026-08-25T16:23:19.751-04:00,4489.746094,-22.465506
2026-08-25T16:23:19.751-04:00,4497.070312,-21.231081
2026-08-25T16:23:19.751-04:00,4504.394531,-23.311630
2026-08-25T16:23:19.751-04:00,4511.718750,-28.220016
2026-08-25T16:23:19.751-04:00,4519.042969,-26.369581
2026-08-25T16:23:19.751-04:00,4526.367188,-26.452120
2026-08-25T16:23:19.751-04:00,4533.691406,-30.232737
2026-08-25T16:23:19.751-04:00,4541.015625,-26.481567
2026-08-25T16:23:19.751-04:00,4548.339844,-31.797171
2026-08-25T16:23:19.751-04:00,4555.664062,-27.506983
2026-08-25T16:23:19.751-04:00,4562.988281,-17.645376
2026-08-25T16:23:19.751-04:00,4570.312500,-17.666702
2026-08-25T16:23:19.751-04:00,4577.636719,-26.043852
2026-08-25T16:23:19.751-04:00,4584.960938,-22.519775
2026-08-25T16:23:19.751-04:00,4592.285156,-23.727484
2026-08-25T16:23:19.751-04:00,4599.609375,-27.321426
2026-08-25T16:23:19.751-04:00,4606.933594,-31.867088
2026-08-25T16:23:19.751-04:00,4614.257812,-37.588043
2026-08-25T16:23:19.751-04:00,4621.582031,-23.850964
2026-08-25T16:23:19.751-04:00,4628.906250,-18.695269
2026-08-25T16:23:19.751-04:00,4636.230469,-17.332066
2026-08-25T16:23:19.751-04:00,4643.554688,-17.961081
2026-08-25T16:23:19.751-04:00,4650.878906,-23.778219
2026-08-25T16:23:19.751-04:00,4658.203125,-27.379644
2026-08-25T16:23:19.751-04:00,4665.527344,-25.516403
2026-08-25T16:23:19.751-04:00,4672.851562,-23.436226
2026-08-25T16:23:19.751-04:00,4680.175781,-15.522561
2026-08-25T16:23:19.751-04:00,4687.500000,-15.929764
2026-08-25T16:23:19.751-04:00,4694.824219,-15.792152
2026-08-25T16:23:19.751-04:00,4702.148438,-15.231047
2026-08-25T16:23:19.751-04:00,4709.472656,-19.004452
2026-08-25T16:23:19.751-04:00,4716.796875,-21.997452
2026-08-25T16:23:19.751-04:00,4724.121094,-21.599106
2026-08-25T16:23:19.751-04:00,4731.445312,-25.878222
2026-08-25T16:23:19.751-04:00,4738.769531,-23.241375
2026-08-25T16:23:19.751-04:00,4746.093750,-17.935312
2026-08-25T16:23:19.751-04:00,4753.417969,-21.344416
2026-08-25T16:23:19.751-04:00,4760.742188,-28.258648
2026-08-25T16:23:19.751-04:00,4768.066406,-24.090885
2026-08-25T16:23:19.751-04:00,4775.390625,-27.957802
2026-08-25T16:23:19.751-04:00,4782.714844,-26.424524
2026-08-25T16:23:19.751-04:00,4790.039062,-26.894186
2026-08-25T16:23:19.751-04:00,4797.363281,-23.889660
2026-08-25T16:23:19.751-04:00,4804.687500,-22.608059
2026-08-25T16:23:19.751-04:00,4812.011719,-27.294044
2026-08-25T16:23:19.751-04:00,4819.335938,-34.629543
2026-08-25T16:23:19.751-04:00,4826.660156,-21.196650
2026-08-25T16:23:19.751-04:00,4833.984375,-15.758110
2026-08-25T16:23:19.751-04:00,4841.308594,-13.639574
2026-08-25T16:23:19.751-04:00,4848.632812,-12.616073
2026-08-25T16:23:19.751-04:00,4855.957031,-13.585640
2026-08-25T16:23:19.751-04:00,4863.281250,-15.180269
2026-08-25T16:23:19.751-04:00,4870.605469,-17.765266
2026-08-25T16:23:19.751-04:00,4877.929688,-28.276531
2026-08-25T16:23:19.751-04:00,4885.253906,-29.371162
2026-08-25T16:23:19.751-04:00,4892.578125,-24.465942
2026-08-25T16:23:19.751-04:00,4899.902344,-23.629955
2026-08-25T16:23:19.751-04:00,4907.226562,-26.652163
2026-08-25T16:23:19.751-04:00,4914.550781,-24.158926
2026-08-25T16:23:19.751-04:00,4921.875000,-21.318237
2026-08-25T16:23:19.751-04:00,4929.199219,-18.796185
2026-08-25T16:23:19.751-04:00,4936.523438,-16.012707
2026-08-25T16:23:19.751-04:00,4943.847656,-17.592413
2026-08-25T16:23:19.751-04:00,4951.171875,-21.196941
2026-08-25T16:23:19.751-04:00,4958.496094,-20.926313
2026-08-25T16:23:19.751-04:00,4965.820312,-21.564043
2026-08-25T16:23:19.751-04:00,4973.144531,-22.676128
2026-08-25T16:23:19.751-04:00,4980.468750,-36.853249
2026-08-25T16:23:19.751-04:00,4987.792969,-26.669724
2026-08-25T16:23:19.751-04:00,4995.117188,-18.711742
2026-08-25T16:23:20.789-04:00,-4995.117188,-23.938545
2026-08-25T16:23:20.789-04:00,-4987.792969,-27.988979
2026-08-25T16:23:20.789-04:00,-4980.468750,-31.813181
2026-08-25T16:23:20.789-04:00,-4973.144531,-25.504608
2026-08-25T16:23:20.789-04:00,-4965.820312,-18.455742
2026-08-25T16:23:20.789-04:00,-4958.496094,-15.550390
2026-08-25T16:23:20.789-04:00,-4951.171875,-14.531284
2026-08-25T16:23:20.789-04:00,-4943.847656,-16.364305
2026-08-25T16:23:20.789-04:00,-4936.523438,-22.830669
2026-08-25T16:23:20.789-04:00,-4929.199219,-28.600863
2026-08-25T16:23:20.789-04:00,-4921.875000,-28.827614
2026-08-25T16:23:20.789-04:00,-4914.550781,-24.524136
2026-08-25T16:23:20.789-04:00,-4907.226562,-22.047081
2026-08-25T16:23:20.789-04:00,-4899.902344,-19.836094
2026-08-25T16:23:20.789-04:00,-4892.578125,-19.600044
2026-08-25T16:23:20.789-04:00,-4885.253906,-18.302769
2026-08-25T16:23:20.789-04:00,-4877.929688,-19.887646
2026-08-25T16:23:20.789-04:00,-4870.605469,-23.503962
2026-08-25T16:23:20.789-04:00,-4863.281250,-21.128384
2026-08-25T16:23:20.789-04:00,-4855.957031,-20.689323
2026-08-25T16:23:20.789-04:00,-4848.632812,-23.557247
2026-08-25T16:23:20.789-04:00,-4841.308594,-25.399422
2026-08-25T16:23:20.789-04:00,-4833.984375,-31.670765
2026-08-25T16:23:20.789-04:00,-4826.660156,-29.079504
2026-08-25T16:23:20.789-04:00,-4819.335938,-19.915796
2026-08-25T16:23:20.789-04:00,-4812.011719,-16.450140
2026-08-25T16:23:20.789-04:00,-4804.687500,-15.358891
2026-08-25T16:23:20.789-04:00,-4797.363281,-18.945448
2026-08-25T16:23:20.789-04:00,-4790.039062,-32.933338
2026-08-25T16:23:20.789-04:00,-4782.714844,-31.044428
2026-08-25T16:23:20.789-04:00,-4775.390625,-27.769321
2026-08-25T16:23:20.789-04:00,-4768.066406,-27.083128
2026-08-25T16:23:20.789-04:00,-4760.742188,-23.738605
2026-08-25T16:23:20.789-04:00,-4753.417969,-20.288128
2026-08-25T16:23:20.789-04:00,-4746.093750,-18.352865
2026-08-25T16:23:20.789-04:00,-4738.769531,-16.817228
2026-08-25T16:23:20.789-04:00,-4731.445312,-18.587296
2026-08-25T16:23:20.789-04:00,-4724.121094,-21.330097
2026-08-25T16:23:20.789-04:00,-4716.796875,-19.993122
2026-08-25T16:23:20.789-04:00,-4709.472656,-20.336323
2026-08-25T16:23:20.789-04:00,-4702.148438,-21.931553
2026-08-25T16:23:20.789-04:00,-4694.824219,-23.168934
2026-08-25T16:23:20.789-04:00,-4687.500000,-27.988304
2026-08-25T16:23:20.789-04:00,-4680.175781,-27.783068
2026-08-25T16:23:20.789-04:00,-4672.851562,-22.638262
2026-08-25T16:23:20.789-04:00,-4665.527344,-17.477879
2026-08-25T16:23:20.789-04:00,-4658.203125,-16.193838
2026-08-25T16:23:20.789-04:00,-4650.878906,-22.232313
2026-08-25T16:23:20.789-04:00,-4643.554688,-38.548885
2026-08-25T16:23:20.789-04:00,-4636.230469,-28.067535
2026-08-25T16:23:20.789-04:00,-4628.906250,-26.497259
2026-08-25T16:23:20.789-04:00,-4621.582031,-37.177742
2026-08-25T16:23:20.789-04:00,-4614.257812,-24.626596
2026-08-25T16:23:20.789-04:00,-4606.933594,-20.163116
2026-08-25T16:23:20.789-04:00,-4599.609375,-17.464720
2026-08-25T16:23:20.789-04:00,-4592.285156,-16.171381
2026-08-25T16:23:20.789-04:00,-4584.960938,-17.787411
2026-08-25T16:23:20.789-04:00,-4577.636719,-18.943470
2026-08-25T16:23:20.789-04:00,-4570.312500,-17.962278
2026-08-25T16:23:20.789-04:00,-4562.988281,-18.874561
2026-08-25T16:23:20.789-04:00,-4555.664062,-20.428230
2026-08-25T16:23:20.789-04:00,-4548.339844,-21.865957
2026-08-25T16:23:20.789-04:00,-4541.015625,-23.571590
2026-08-25T16:23:20.789-04:00,-4533.691406,-24.750210
2026-08-25T16:23:20.789-04:00,-4526.367188,-27.528145
2026-08-25T16:23:20.789-04:00,-4519.042969,-18.301834
2026-08-25T16:23:20.789-04:00,-4511.718750,-16.958221
2026-08-25T16:23:20.789-04:00,-4504.394531,-24.948786
2026-08-25T16:23:20.789-04:00,-4497.070312,-31.821451
2026-08-25T16:23:20.789-04:00,-4489.746094,-23.948109
2026-08-25T16:23:20.789-04:00,-4482.421875,-21.615383
2026-08-25T16:23:20.789-04:00,-4475.097656,-28.204742
2026-08-25T16:23:20.789-04:00,-4467.773438,-32.936901
2026-08-25T16:23:20.789-04:00,-4460.449219,-22.925756
2026-08-25T16:23:20.789-04:00,-4453.125000,-17.992800
2026-08-25T16:23:20.789-04:00,-4445.800781,-15.656629
2026-08-25T16:23:20.789-04:00,-4438.476562,-16.206501
2026-08-25T16:23:20.789-04:00,-4431.152344,-17.045126
2026-08-25T16:23:20.789-04:00,-4423.828125,-16.804893
2026-08-25T16:23:20.789-04:00,-4416.503906,-17.621492
2026-08-25T16:23:20.789-04:00,-4409.179688,-19.385700
2026-08-25T16:23:20.789-04:00,-4401.855469,-22.274582
2026-08-25T16:23:20.789-04:00,-4394.531250,-22.851364
2026-08-25T16:23:20.789-04:00,-4387.207031,-24.891056
2026-08-25T16:23:20.789-04:00,-4379.882812,-32.297760
2026-08-25T16:23:20.789-04:00,-4372.558594,-19.654228
2026-08-25T16:23:20.789-04:00,-4365.234375,-19.569990
2026-08-25T16:23:20.789-04:00,-4357.910156,-39.823524
2026-08-25T16:23:20.789-04:00,-4350.585938,-23.570724
2026-08-25T16:23:20.789-04:00,-4343.261719,-20.194809
2026-08-25T16:23:20.789-04:00,-4335.937500,-19.266010
2026-08-25T16:23:20.789-04:00,-4328.613281,-24.431892
2026-08-25T16:23:20.789-04:00,-4321.289062,-35.611408
2026-08-25T16:23:20.789-04:00,-4313.964844,-24.833601
2026-08-25T16:23:20.789-04:00,-4306.640625,-18.774597
2026-08-25T16:23:20.789-04:00,-4299.316406,-15.067123
2026-08-25T16:23:20.789-04:00,-4291.992188,-14.445189
2026-08-25T16:23:20.789-04:00,-4284.667969,-15.401931
2026-08-25T16:23:20.789-04:00,-4277.343750,-15.899157
2026-08-25T16:23:20.789-04:00,-4270.019531,-16.555679
2026-08-25T16:23:20.789-04:00,-4262.695312,-18.412271
2026-08-25T16:23:20.789-04:00,-4255.371094,-22.570774
2026-08-25T16:23:20.789-04:00,-4248.046875,-24.030497
2026-08-25T16:23:20.789-04:00,-4240.722656,-26.600861
2026-08-25T16:23:20.789-04:00,-4233.398438,-23.394032
2026-08-25T16:23:20.789-04:00,-4226.074219,-20.978733
2026-08-25T16:23:20.789-04:00,-4218.750000,-25.211256
2026-08-25T16:23:20.789-04:00,-4211.425781,-26.122503
2026-08-25T16:23:20.789-04:00,-4204.101562,-18.927170
2026-08-25T16:23:20.789-04:00,-4196.777344,-18.357491
2026-08-25T16:23:20.789-04:00,-4189.453125,-19.142206
2026-08-25T16:23:20.789-04:00,-4182.128906,-24.008217
2026-08-25T16:23:20.789-04:00,-4174.804688,-30.529921
2026-08-25T16:23:20.789-04:00,-4167.480469,-29.838284
2026-08-25T16:23:20.789-04:00,-4160.156250,-20.166933
2026-08-25T16:23:20.789-04:00,-4152.832031,-14.554209
2026-08-25T16:23:20.789-04:00,-4145.507812,-13.968583
2026-08-25T16:23:20.789-04:00,-4138.183594,-15.981621
2026-08-25T16:23:20.789-04:00,-4130.859375,-16.538031
2026-08-25T16:23:20.789-04:00,-4123.535156,-16.264380
2026-08-25T16:23:20.789-04:00,-4116.210938,-18.223013
2026-08-25T16:23:20.789-04:00,-4108.886719,-24.388550
2026-08-25T16:23:20.789-04:00,-4101.562500,-23.007757
2026-08-25T16:23:20.789-04:00,-4094.238281,-22.240528
2026-08-25T16:23:20.789-04:00,-4086.914062,-19.694265
2026-08-25T16:23:20.789-04:00,-4079.589844,-22.877581
2026-08-25T16:23:20.789-04:00,-4072.265625,-43.920132
2026-08-25T16:23:20.789-04:00,-4064.941406,-20.276829
2026-08-25T16:23:20.789-04:00,-4057.617188,-17.430759
2026-08-25T16:23:20.789-04:00,-4050.292969,-19.381935
2026-08-25T16:23:20.789-04:00,-4042.968750,-21.968910
2026-08-25T16:23:20.789-04:00,-4035.644531,-25.732553
2026-08-25T16:23:20.789-04:00,-4028.320312,-28.152813
2026-08-25T16:23:20.789-04:00,-4020.996094,-38.361031
2026-08-25T16:23:20.789-04:00,-4013.671875,-20.812757
2026-08-25T16:23:20.789-04:00,-4006.347656,-15.082368
2026-08-25T16:23:20.789-04:00,-3999.023438,-15.295730
2026-08-25T16:23:20.789-04:00,-3991.699219,-18.308996
2026-08-25T16:23:20.789-04:00,-3984.375000,-18.191364
2026-08-25T16:23:20.789-04:00,-3977.050781,-16.539608
2026-08-25T16:23:20.789-04:00,-3969.726562,-17.556767
2026-08-25T16:23:20.789-04:00,-3962.402344,-22.714041
2026-08-25T16:23:20.789-04:00,-3955.078125,-21.511215
2026-08-25T16:23:20.789-04:00,-3947.753906,-19.439610
2026-08-25T16:23:20.789-04:00,-3940.429688,-18.194548
2026-08-25T16:23:20.789-04:00,-3933.105469,-24.865562
2026-08-25T16:23:20.789-04:00,-3925.781250,-22.878654
2026-08-25T16:23:20.789-04:00,-3918.457031,-16.596397
2026-08-25T16:23:20.789-04:00,-3911.132812,-16.238092
2026-08-25T16:23:20.789-04:00,-3903.808594,-19.045132
2026-08-25T16:23:20.789-04:00,-3896.484375,-22.579405
2026-08-25T16:23:20.789-04:00,-3889.160156,-25.331062
2026-08-25T16:23:20.789-04:00,-3881.835938,-25.358810
2026-08-25T16:23:20.789-04:00,-3874.511719,-29.855747
2026-08-25T16:23:20.789-04:00,-3867.187500,-19.271624
2026-08-25T16:23:20.789-04:00,-3859.863281,-14.751906
2026-08-25T16:23:20.789-04:00,-3852.539062,-16.497780
2026-08-25T16:23:20.789-04:00,-3845.214844,-21.528400
2026-08-25T16:23:20.789-04:00,-3837.890625,-21.610430
2026-08-25T16:23:20.789-04:00,-3830.566406,-18.883173
2026-08-25T16:23:20.789-04:00,-3823.242188,-19.174561
2026-08-25T16:23:20.789-04:00,-3815.917969,-21.297319
2026-08-25T16:23:20.789-04:00,-3808.593750,-19.472328
2026-08-25T16:23:20.789-04:00,-3801.269531,-17.568789
2026-08-25T16:23:20.789-04:00,-3793.945312,-17.824160
2026-08-25T16:23:20.789-04:00,-3786.621094,-23.933067
2026-08-25T16:23:20.789-04:00,-3779.296875,-19.095606
2026-08-25T16:23:20.789-04:00,-3771.972656,-16.136707
2026-08-25T16:23:20.789-04:00,-3764.648438,-17.808575
2026-08-25T16:23:20.789-04:00,-3757.324219,-21.647207
2026-08-25T16:23:20.789-04:00,-3750.000000,-24.934269
2026-08-25T16:23:20.789-04:00,-3742.675781,-24.610409
2026-08-25T16:23:20.789-04:00,-3735.351562,-23.189461
2026-08-25T16:23:20.789-04:00,-3728.027344,-28.119522
2026-08-25T16:23:20.789-04:00,-3720.703125,-19.512741
2026-08-25T16:23:20.789-04:00,-3713.378906,-15.952134
2026-08-25T16:23:20.789-04:00,-3706.054688,-19.240149
2026-08-25T16:23:20.789-04:00,-3698.730469,-23.278875
2026-08-25T16:23:20.789-04:00,-3691.406250,-25.732250
2026-08-25T16:23:20.789-04:00,-3684.082031,-22.193144
2026-08-25T16:23:20.789-04:00,-3676.757812,-21.192772
2026-08-25T16:23:20.789-04:00,-3669.433594,-21.394379
2026-08-25T16:23:20.789-04:00,-3662.109375,-19.950064
2026-08-25T16:23:20.789-04:00,-3654.785156,-18.555315
2026-08-25T16:23:20.789-04:00,-3647.460938,-20.222273
2026-08-25T16:23:20.789-04:00,-3640.136719,-24.264545
2026-08-25T16:23:20.789-04:00,-3632.812500,-17.990395
2026-08-25T16:23:20.789-04:00,-3625.488281,-16.873093
2026-08-25T16:23:20.789-04:00,-3618.164062,-19.751858
2026-08-25T16:23:20.789-04:00,-3610.839844,-23.905249
2026-08-25T16:23:20.789-04:00,-3603.515625,-26.153690
2026-08-25T16:23:20.789-04:00,-3596.191406,-22.987904
2026-08-25T16:23:20.789-04:00,-3588.867188,-21.619019
2026-08-25T16:23:20.789-04:00,-3581.542969,-24.213837
2026-08-25T16:23:20.789-04:00,-3574.218750,-18.175756
2026-08-25T16:23:20.789-04:00,-3566.894531,-17.043982
2026-08-25T16:23:20.789-04:00,-3559.570312,-20.509150
2026-08-25T16:23:20.789-04:00,-3552.246094,-20.339668
2026-08-25T16:23:20.789-04:00,-3544.921875,-26.322985
2026-08-25T16:23:20.789-04:00,-3537.597656,-22.986506
2026-08-25T16:23:20.789-04:00,-3530.273438,-21.870296
2026-08-25T16:23:20.789-04:00,-3522.949219,-21.913307
2026-08-25T16:23:20.789-04:00,-3515.625000,-20.623753
2026-08-25T16:23:20.789-04:00,-3508.300781,-19.060263
2026-08-25T16:23:20.789-04:00,-3500.976562,-21.275503
2026-08-25T16:23:20.789-04:00,-3493.652344,-22.417706
2026-08-25T16:23:20.789-04:00,-3486.328125,-18.538015
2026-08-25T16:23:20.789-04:00,-3479.003906,-19.482933
2026-08-25T16:23:20.789-04:00,-3471.679688,-25.398148
2026-08-25T16:23:20.789-04:00,-3464.355469,-27.755630
2026-08-25T16:23:20.789-04:00,-3457.031250,-23.602922
2026-08-25T16:23:20.789-04:00,-3449.707031,-20.121948
2026-08-25T16:23:20.789-04:00,-3442.382812,-21.298483
2026-08-25T16:23:20.789-04:00,-3435.058594,-26.450911
2026-08-25T16:23:20.789-04:00,-3427.734375,-18.731920
2026-08-25T16:23:20.789-04:00,-3420.410156,-19.163933
2026-08-25T16:23:20.789-04:00,-3413.085938,-20.076134
2026-08-25T16:23:20.789-04:00,-3405.761719,-19.101265
2026-08-25T16:23:20.789-04:00,-3398.437500,-29.363661
2026-08-25T16:23:20.789-04:00,-3391.113281,-26.375397
2026-08-25T16:23:20.789-04:00,-3383.789062,-24.864037
2026-08-25T16:23:20.789-04:00,-3376.464844,-24.407581
2026-08-25T16:23:20.789-04:00,-3369.140625,-21.257227
2026-08-25T16:23:20.789-04:00,-3361.816406,-18.947922
2026-08-25T16:23:20.789-04:00,-3354.492188,-20.943111
2026-08-25T16:23:20.789-04:00,-3347.167969,-21.551992
2026-08-25T16:23:20.789-04:00,-3339.843750,-20.674334
2026-08-25T16:23:20.789-04:00,-3332.519531,-23.102077
2026-08-25T16:23:20.789-04:00,-3325.195312,-25.643116
2026-08-25T16:23:20.789-04:00,-3317.871094,-24.195259
2026-08-25T16:23:20.789-04:00,-3310.546875,-21.365578
2026-08-25T16:23:20.789-04:00,-3303.222656,-18.716156
2026-08-25T16:23:20.789-04:00,-3295.898438,-20.760078
2026-08-25T16:23:20.789-04:00,-3288.574219,-24.569771
2026-08-25T16:23:20.789-04:00,-3281.250000,-18.209045
2026-08-25T16:23:20.789-04:00,-3273.925781,-19.818264
2026-08-25T16:23:20.789-04:00,-3266.601562,-18.188097
2026-08-25T16:23:20.789-04:00,-3259.277344,-18.316191
2026-08-25T16:23:20.789-04:00,-3251.953125,-35.122391
2026-08-25T16:23:20.789-04:00,-3244.628906,-23.648098
2026-08-25T16:23:20.789-04:00,-3237.304688,-22.593811
2026-08-25T16:23:20.789-04:00,-3229.980469,-26.062069
2026-08-25T16:23:20.789-04:00,-3222.656250,-22.847977
2026-08-25T16:23:20.789-04:00,-3215.332031,-18.926918
2026-08-25T16:23:20.789-04:00,-3208.007812,-19.765865
2026-08-25T16:23:20.789-04:00,-3200.683594,-21.643303
2026-08-25T16:23:20.789-04:00,-3193.359375,-22.743870
2026-08-25T16:23:20.789-04:00,-3186.035156,-23.591850
2026-08-25T16:23:20.789-04:00,-3178.710938,-24.242498
2026-08-25T16:23:20.789-04:00,-3171.386719,-26.564655
2026-08-25T16:23:20.789-04:00,-3164.062500,-23.181892
2026-08-25T16:23:20.789-04:00,-3156.738281,-18.855328
2026-08-25T16:23:20.789-04:00,-3149.414062,-20.170763
2026-08-25T16:23:20.789-04:00,-3142.089844,-21.380274
2026-08-25T16:23:20.789-04:00,-3134.765625,-18.782761
2026-08-25T16:23:20.789-04:00,-3127.441406,-21.461040
2026-08-25T16:23:20.789-04:00,-3120.117188,-16.624739
2026-08-25T16:23:20.789-04:00,-3112.792969,-18.009054
2026-08-25T16:23:20.789-04:00,-3105.468750,-37.255207
2026-08-25T16:23:20.789-04:00,-3098.144531,-21.071297
2026-08-25T16:23:20.789-04:00,-3090.820312,-20.444389
2026-08-25T16:23:20.789-04:00,-3083.496094,-24.773731
2026-08-25T16:23:20.789-04:00,-3076.171875,-23.599583
2026-08-25T16:23:20.789-04:00,-3068.847656,-18.359997
2026-08-25T16:23:20.789-04:00,-3061.523438,-18.814758
2026-08-25T16:23:20.789-04:00,-3054.199219,-21.062269
2026-08-25T16:23:20.789-04:00,-3046.875000,-21.891914
2026-08-25T16:23:20.789-04:00,-3039.550781,-21.862026
2026-08-25T16:23:20.789-04:00,-3032.226562,-22.562513
2026-08-25T16:23:20.789-04:00,-3024.902344,-25.029600
2026-08-25T16:23:20.789-04:00,-3017.578125,-22.148611
2026-08-25T16:23:20.789-04:00,-3010.253906,-19.172386
2026-08-25T16:23:20.789-04:00,-3002.929688,-19.827599
2026-08-25T16:23:20.789-04:00,-2995.605469,-19.022449
2026-08-25T16:23:20.789-04:00,-2988.281250,-19.354631
2026-08-25T16:23:20.789-04:00,-2980.957031,-19.274130
2026-08-25T16:23:20.789-04:00,-2973.632812,-15.325699
2026-08-25T16:23:20.789-04:00,-2966.308594,-17.688793
2026-08-25T16:23:20.789-04:00,-2958.984375,-31.166460
2026-08-25T16:23:20.789-04:00,-2951.660156,-20.757854
2026-08-25T16:23:20.789-04:00,-2944.335938,-20.442122
2026-08-25T16:23:20.789-04:00,-2937.011719,-24.878223
2026-08-25T16:23:20.789-04:00,-2929.687500,-23.683079
2026-08-25T16:23:20.789-04:00,-2922.363281,-19.500587
2026-08-25T16:23:20.789-04:00,-2915.039062,-20.366119
2026-08-25T16:23:20.789-04:00,-2907.714844,-20.462288
2026-08-25T16:23:20.789-04:00,-2900.390625,-20.200596
2026-08-25T16:23:20.789-04:00,-2893.066406,-21.770037
2026-08-25T16:23:20.789-04:00,-2885.742188,-23.165756
2026-08-25T16:23:20.789-04:00,-2878.417969,-23.792059
2026-08-25T16:23:20.789-04:00,-2871.093750,-20.058876
2026-08-25T16:23:20.789-04:00,-2863.769531,-18.073009
2026-08-25T16:23:20.789-04:00,-2856.445312,-17.724606
2026-08-25T16:23:20.789-04:00,-2849.121094,-17.366310
2026-08-25T16:23:20.789-04:00,-2841.796875,-18.953514
2026-08-25T16:23:20.789-04:00,-2834.472656,-16.820780
2026-08-25T16:23:20.789-04:00,-2827.148438,-15.035017
2026-08-25T16:23:20.789-04:00,-2819.824219,-18.165998
2026-08-25T16:23:20.789-04:00,-2812.500000,-24.882910
2026-08-25T16:23:20.789-04:00,-2805.175781,-21.477774
2026-08-25T16:23:20.789-04:00,-2797.851562,-22.078033
2026-08-25T16:23:20.789-04:00,-2790.527344,-26.063385
2026-08-25T16:23:20.789-04:00,-2783.203125,-24.452835
2026-08-25T16:23:20.789-04:00,-2775.878906,-22.047235
2026-08-25T16:23:20.789-04:00,-2768.554688,-23.400782
2026-08-25T16:23:20.789-04:00,-2761.230469,-20.469730
2026-08-25T16:23:20.789-04:00,-2753.906250,-20.020729
2026-08-25T16:23:20.789-04:00,-2746.582031,-23.835180
2026-08-25T16:23:20.789-04:00,-2739.257812,-25.186693
2026-08-25T16:23:20.789-04:00,-2731.933594,-22.516489
2026-08-25T16:23:20.789-04:00,-2724.609375,-19.671963
2026-08-25T16:23:20.789-04:00,-2717.285156,-18.629539
2026-08-25T16:23:20.789-04:00,-2709.960938,-17.692705
2026-08-25T16:23:20.789-04:00,-2702.636719,-17.296457
2026-08-25T16:23:20.789-04:00,-2695.312500,-18.265499
2026-08-25T16:23:20.789-04:00,-2687.988281,-16.768236
2026-08-25T16:23:20.789-04:00,-2680.664062,-15.662405
2026-08-25T16:23:20.789-04:00,-2673.339844,-17.226835
2026-08-25T16:23:20.789-04:00,-2666.015625,-22.019260
2026-08-25T16:23:20.789-04:00,-2658.691406,-24.808544
2026-08-25T16:23:20.789-04:00,-2651.367188,-25.924894
2026-08-25T16:23:20.789-04:00,-2644.042969,-29.775398
2026-08-25T16:23:20.789-04:00,-2636.718750,-28.116922
2026-08-25T16:23:20.789-04:00,-2629.394531,-24.447088
2026-08-25T16:23:20.789-04:00,-2622.070312,-26.457767
2026-08-25T16:23:20.789-04:00,-2614.746094,-21.320992
2026-08-25T16:23:20.789-04:00,-2607.421875,-21.646809
2026-08-25T16:23:20.789-04:00,-2600.097656,-31.080292
2026-08-25T16:23:20.789-04:00,-2592.773438,-29.706562
2026-08-25T16:23:20.789-04:00,-2585.449219,-21.501657
2026-08-25T16:23:20.789-04:00,-2578.125000,-19.354443
2026-08-25T16:23:20.789-04:00,-2570.800781,-18.565310
2026-08-25T16:23:20.789-04:00,-2563.476562,-16.637268
2026-08-25T16:23:20.789-04:00,-2556.152344,-16.021276
2026-08-25T16:23:20.789-04:00,-2548.828125,-17.676867
2026-08-25T16:23:20.789-04:00,-2541.503906,-18.090771
2026-08-25T16:23:20.789-04:00,-2534.179688,-16.971262
2026-08-25T16:23:20.789-04:00,-2526.855469,-17.173655
2026-08-25T16:23:20.789-04:00,-2519.531250,-20.947433
2026-08-25T16:23:20.789-04:00,-2512.207031,-26.522253
2026-08-25T16:23:20.789-04:00,-2504.882812,-28.918125
2026-08-25T16:23:20.789-04:00,-2497.558594,-33.890785
2026-08-25T16:23:20.789-04:00,-2490.234375,-28.314064
2026-08-25T16:23:20.789-04:00,-2482.910156,-24.074335
2026-08-25T16:23:20.789-04:00,-2475.585938,-40.712158
2026-08-25T16:23:20.789-04:00,-2468.261719,-21.791420
2026-08-25T16:23:20.789-04:00,-2460.937500,-23.121557
2026-08-25T16:23:20.789-04:00,-2453.613281,-28.850704
2026-08-25T16:23:20.789-04:00,-2446.289062,-34.093250
2026-08-25T16:23:20.789-04:00,-2438.964844,-22.766315
2026-08-25T16:23:20.789-04:00,-2431.640625,-19.318995
2026-08-25T16:23:20.789-04:00,-2424.316406,-17.730673
2026-08-25T16:23:20.789-04:00,-2416.992188,-16.047396
2026-08-25T16:23:20.789-04:00,-2409.667969,-16.251537
2026-08-25T16:23:20.789-04:00,-2402.343750,-18.839527
2026-08-25T16:23:20.789-04:00,-2395.019531,-19.265295
2026-08-25T16:23:20.789-04:00,-2387.695312,-17.217815
2026-08-25T16:23:20.789-04:00,-2380.371094,-17.768513
2026-08-25T16:23:20.789-04:00,-2373.046875,-22.814674
2026-08-25T16:23:20.789-04:00,-2365.722656,-29.099979
2026-08-25T16:23:20.789-04:00,-2358.398438,-28.160603
2026-08-25T16:23:20.789-04:00,-2351.074219,-33.320644
2026-08-25T16:23:20.789-04:00,-2343.750000,-25.139982
2026-08-25T16:23:20.789-04:00,-2336.425781,-22.616882
2026-08-25T16:23:20.789-04:00,-2329.101562,-45.373531
2026-08-25T16:23:20.789-04:00,-2321.777344,-22.906763
2026-08-25T16:23:20.789-04:00,-2314.453125,-25.045486
2026-08-25T16:23:20.789-04:00,-2307.128906,-23.939106
2026-08-25T16:23:20.789-04:00,-2299.804688,-27.409225
2026-08-25T16:23:20.789-04:00,-2292.480469,-22.052662
2026-08-25T16:23:20.789-04:00,-2285.156250,-17.596588
2026-08-25T16:23:20.789-04:00,-2277.832031,-16.262819
2026-08-25T16:23:20.789-04:00,-2270.507812,-15.891067
2026-08-25T16:23:20.789-04:00,-2263.183594,-17.190887
2026-08-25T16:23:20.789-04:00,-2255.859375,-19.833157
2026-08-25T16:23:20.789-04:00,-2248.535156,-19.616423
2026-08-25T16:23:20.789-04:00,-2241.210938,-18.139368
2026-08-25T16:23:20.789-04:00,-2233.886719,-20.470589
2026-08-25T16:23:20.789-04:00,-2226.562500,-27.657158
2026-08-25T16:23:20.789-04:00,-2219.238281,-32.264381
2026-08-25T16:23:20.789-04:00,-2211.914062,-30.236347
2026-08-25T16:23:20.789-04:00,-2204.589844,-35.282455
2026-08-25T16:23:20.789-04:00,-2197.265625,-23.367262
2026-08-25T16:23:20.789-04:00,-2189.941406,-23.714602
2026-08-25T16:23:20.789-04:00,-2182.617188,-31.624405
2026-08-25T16:23:20.789-04:00,-2175.292969,-25.398636
2026-08-25T16:23:20.789-04:00,-2167.968750,-28.260710
2026-08-25T16:23:20.789-04:00,-2160.644531,-22.533579
2026-08-25T16:23:20.789-04:00,-2153.320312,-29.671362
2026-08-25T16:23:20.789-04:00,-2145.996094,-21.955931
2026-08-25T16:23:20.789-04:00,-2138.671875,-16.870693
2026-08-25T16:23:20.789-04:00,-2131.347656,-15.752529
2026-08-25T16:23:20.789-04:00,-2124.023438,-15.728537
2026-08-25T16:23:20.789-04:00,-2116.699219,-17.408478
2026-08-25T16:23:20.789-04:00,-2109.375000,-20.391251
2026-08-25T16:23:20.789-04:00,-2102.050781,-19.699728
2026-08-25T16:23:20.789-04:00,-2094.726562,-18.657267
2026-08-25T16:23:20.789-04:00,-2087.402344,-22.999876
2026-08-25T16:23:20.789-04:00,-2080.078125,-36.277458
2026-08-25T16:23:20.789-04:00,-2072.753906,-35.505592
2026-08-25T16:23:20.789-04:00,-2065.429688,-32.578644
2026-08-25T16:23:20.789-04:00,-2058.105469,-34.216778
2026-08-25T16:23:20.789-04:00,-2050.781250,-23.926125
2026-08-25T16:23:20.789-04:00,-2043.457031,-25.085987
2026-08-25T16:23:20.789-04:00,-2036.132812,-25.793026
2026-08-25T16:23:20.789-04:00,-2028.808594,-25.606516
2026-08-25T16:23:20.789-04:00,-2021.484375,-26.423004
2026-08-25T16:23:20.789-04:00,-2014.160156,-21.904903
2026-08-25T16:23:20.789-04:00,-2006.835938,-29.609486
2026-08-25T16:23:20.789-04:00,-1999.511719,-23.439339
2026-08-25T16:23:20.789-04:00,-1992.187500,-18.076855
2026-08-25T16:23:20.789-04:00,-1984.863281,-16.597921
2026-08-25T16:23:20.789-04:00,-1977.539062,-16.189524
2026-08-25T16:23:20.789-04:00,-1970.214844,-17.762939
2026-08-25T16:23:20.789-04:00,-1962.890625,-20.855753
2026-08-25T16:23:20.789-04:00,-1955.566406,-20.030020
2026-08-25T16:23:20.789-04:00,-1948.242188,-19.072838
2026-08-25T16:23:20.789-04:00,-1940.917969,-23.849085
2026-08-25T16:23:20.789-04:00,-1933.593750,-35.078556
2026-08-25T16:23:20.789-04:00,-1926.269531,-39.033962
2026-08-25T16:23:20.789-04:00,-1918.945312,-41.311371
2026-08-25T16:23:20.789-04:00,-1911.621094,-33.470627
2026-08-25T16:23:20.789-04:00,-1904.296875,-27.131092
2026-08-25T16:23:20.789-04:00,-1896.972656,-23.766851
2026-08-25T16:23:20.789-04:00,-1889.648438,-21.432238
2026-08-25T16:23:20.789-04:00,-1882.324219,-23.561249
2026-08-25T16:23:20.789-04:00,-1875.000000,-25.002647
2026-08-25T16:23:20.789-04:00,-1867.675781,-22.379364
2026-08-25T16:23:20.789-04:00,-1860.351562,-30.900965
2026-08-25T16:23:20.789-04:00,-1853.027344,-24.619480
2026-08-25T16:23:20.789-04:00,-1845.703125,-19.048912
2026-08-25T16:23:20.789-04:00,-1838.378906,-16.889359
2026-08-25T16:23:20.789-04:00,-1831.054688,-15.901637
2026-08-25T16:23:20.789-04:00,-1823.730469,-17.892805
2026-08-25T16:23:20.789-04:00,-1816.406250,-22.022961
2026-08-25T16:23:20.789-04:00,-1809.082031,-20.879864
2026-08-25T16:23:20.789-04:00,-1801.757812,-20.068165
2026-08-25T16:23:20.789-04:00,-1794.433594,-24.423519
2026-08-25T16:23:20.789-04:00,-1787.109375,-33.420452
2026-08-25T16:23:20.789-04:00,-1779.785156,-37.409389
2026-08-25T16:23:20.789-04:00,-1772.460938,-29.411917
2026-08-25T16:23:20.789-04:00,-1765.136719,-28.643301
2026-08-25T16:23:20.789-04:00,-1757.812500,-32.263474
2026-08-25T16:23:20.789-04:00,-1750.488281,-22.651529
2026-08-25T16:23:20.789-04:00,-1743.164062,-20.472294
2026-08-25T16:23:20.789-04:00,-1735.839844,-21.613119
2026-08-25T16:23:20.789-04:00,-1728.515625,-21.567698
2026-08-25T16:23:20.789-04:00,-1721.191406,-22.363756
2026-08-25T16:23:20.789-04:00,-1713.867188,-28.479359
2026-08-25T16:23:20.789-04:00,-1706.542969,-26.259420
2026-08-25T16:23:20.789-04:00,-1699.218750,-20.616198
2026-08-25T16:23:20.789-04:00,-1691.894531,-17.365671
2026-08-25T16:23:20.789-04:00,-1684.570312,-16.146290
2026-08-25T16:23:20.789-04:00,-1677.246094,-19.695642
2026-08-25T16:23:20.789-04:00,-1669.921875,-25.779339
2026-08-25T16:23:20.789-04:00,-1662.597656,-24.124474
2026-08-25T16:23:20.789-04:00,-1655.273438,-23.842180
2026-08-25T16:23:20.789-04:00,-1647.949219,-29.111862
2026-08-25T16:23:20.789-04:00,-1640.625000,-42.663933
2026-08-25T16:23:20.789-04:00,-1633.300781,-35.872597
2026-08-25T16:23:20.789-04:00,-1625.976562,-25.645916
2026-08-25T16:23:20.789-04:00,-1618.652344,-27.527637
2026-08-25T16:23:20.789-04:00,-1611.328125,-27.813778
2026-08-25T16:23:20.789-04:00,-1604.003906,-21.973669
2026-08-25T16:23:20.789-04:00,-1596.679688,-18.013159
2026-08-25T16:23:20.789-04:00,-1589.355469,-16.828730
2026-08-25T16:23:20.789-04:00,-1582.031250,-17.504257
2026-08-25T16:23:20.789-04:00,-1574.707031,-20.143253
2026-08-25T16:23:20.789-04:00,-1567.382812,-27.764532
2026-08-25T16:23:20.789-04:00,-1560.058594,-29.820269
2026-08-25T16:23:20.789-04:00,-1552.734375,-21.814304
2026-08-25T16:23:20.789-04:00,-1545.410156,-18.612349
2026-08-25T16:23:20.789-04:00,-1538.085938,-18.388807
2026-08-25T16:23:20.789-04:00,-1530.761719,-25.328186
2026-08-25T16:23:20.789-04:00,-1523.437500,-28.832932
2026-08-25T16:23:20.789-04:00,-1516.113281,-28.855320
2026-08-25T16:23:20.789-04:00,-1508.789062,-26.445189
2026-08-25T16:23:20.789-04:00,-1501.464844,-30.822733
2026-08-25T16:23:20.789-04:00,-1494.140625,-45.048592
2026-08-25T16:23:20.789-04:00,-1486.816406,-27.274193
2026-08-25T16:23:20.789-04:00,-1479.492188,-22.670624
2026-08-25T16:23:20.789-04:00,-1472.167969,-25.335443
2026-08-25T16:23:20.789-04:00,-1464.843750,-27.948046
2026-08-25T16:23:20.789-04:00,-1457.519531,-22.477917
2026-08-25T16:23:20.789-04:00,-1450.195312,-16.970860
2026-08-25T16:23:20.789-04:00,-1442.871094,-15.206940
2026-08-25T16:23:20.789-04:00,-1435.546875,-16.255451
2026-08-25T16:23:20.789-04:00,-1428.222656,-18.977068
2026-08-25T16:23:20.789-04:00,-1420.898438,-24.587936
2026-08-25T16:23:20.789-04:00,-1413.574219,-31.562090
2026-08-25T16:23:20.789-04:00,-1406.250000,-24.496355
2026-08-25T16:23:20.789-04:00,-1398.925781,-20.657185
2026-08-25T16:23:20.789-04:00,-1391.601562,-21.584023
2026-08-25T16:23:20.789-04:00,-1384.277344,-28.322802
2026-08-25T16:23:20.789-04:00,-1376.953125,-26.464186
2026-08-25T16:23:20.789-04:00,-1369.628906,-30.535484
2026-08-25T16:23:20.789-04:00,-1362.304688,-26.143942
2026-08-25T16:23:20.789-04:00,-1354.980469,-31.260111
2026-08-25T16:23:20.789-04:00,-1347.656250,-34.032124
2026-08-25T16:23:20.789-04:00,-1340.332031,-23.022156
2026-08-25T16:23:20.789-04:00,-1333.007812,-21.780235
2026-08-25T16:23:20.789-04:00,-1325.683594,-26.953249
2026-08-25T16:23:20.789-04:00,-1318.359375,-29.407804
2026-08-25T16:23:20.789-04:00,-1311.035156,-22.081009
2026-08-25T16:23:20.789-04:00,-1303.710938,-17.042994
2026-08-25T16:23:20.789-04:00,-1296.386719,-15.430194
2026-08-25T16:23:20.789-04:00,-1289.062500,-16.218536
2026-08-25T16:23:20.789-04:00,-1281.738281,-18.461493
2026-08-25T16:23:20.789-04:00,-1274.414062,-24.046429
2026-08-25T16:23:20.789-04:00,-1267.089844,-27.470552
2026-08-25T16:23:20.789-04:00,-1259.765625,-28.304546
2026-08-25T16:23:20.789-04:00,-1252.441406,-24.575829
2026-08-25T16:23:20.789-04:00,-1245.117188,-24.558590
2026-08-25T16:23:20.789-04:00,-1237.792969,-27.348175
2026-08-25T16:23:20.789-04:00,-1230.468750,-31.272070
2026-08-25T16:23:20.789-04:00,-1223.144531,-27.786505
2026-08-25T16:23:20.789-04:00,-1215.820312,-25.117952
2026-08-25T16:23:20.789-04:00,-1208.496094,-29.737183
2026-08-25T16:23:20.789-04:00,-1201.171875,-30.756886
2026-08-25T16:23:20.789-04:00,-1193.847656,-22.850025
2026-08-25T16:23:20.789-04:00,-1186.523438,-21.992826
2026-08-25T16:23:20.789-04:00,-1179.199219,-25.277790
2026-08-25T16:23:20.789-04:00,-1171.875000,-26.013241
2026-08-25T16:23:20.789-04:00,-1164.550781,-21.844194
2026-08-25T16:23:20.789-04:00,-1157.226562,-18.099754
2026-08-25T16:23:20.789-04:00,-1149.902344,-16.540113
2026-08-25T16:23:20.789-04:00,-1142.578125,-16.234453
2026-08-25T16:23:20.789-04:00,-1135.253906,-17.849705
2026-08-25T16:23:20.789-04:00,-1127.929688,-23.112968
2026-08-25T16:23:20.789-04:00,-1120.605469,-26.807812
2026-08-25T16:23:20.789-04:00,-1113.281250,-34.478615
2026-08-25T16:23:20.789-04:00,-1105.957031,-29.841667
2026-08-25T16:23:20.789-04:00,-1098.632812,-21.804152
2026-08-25T16:23:20.789-04:00,-1091.308594,-20.937454
2026-08-25T16:23:20.789-04:00,-1083.984375,-23.057480
2026-08-25T16:23:20.789-04:00,-1076.660156,-22.236885
2026-08-25T16:23:20.789-04:00,-1069.335938,-23.852985
2026-08-25T16:23:20.789-04:00,-1062.011719,-27.363846
2026-08-25T16:23:20.789-04:00,-1054.687500,-27.763454
2026-08-25T16:23:20.789-04:00,-1047.363281,-24.952085
2026-08-25T16:23:20.789-04:00,-1040.039062,-23.727982
2026-08-25T16:23:20.789-04:00,-1032.714844,-24.871384
2026-08-25T16:23:20.789-04:00,-1025.390625,-23.491219
2026-08-25T16:23:20.789-04:00,-1018.066406,-21.883728
2026-08-25T16:23:20.789-04:00,-1010.742188,-19.584177
2026-08-25T16:23:20.789-04:00,-1003.417969,-17.934299
2026-08-25T16:23:20.789-04:00,-996.093750,-17.514055
2026-08-25T16:23:20.789-04:00,-988.769531,-19.815231
2026-08-25T16:23:20.789-04:00,-981.445312,-25.270313
2026-08-25T16:23:20.789-04:00,-974.121094,-25.762611
2026-08-25T16:23:20.789-04:00,-966.796875,-26.344233
2026-08-25T16:23:20.789-04:00,-959.472656,-25.450951
2026-08-25T16:23:20.789-04:00,-952.148438,-19.300425
2026-08-25T16:23:20.789-04:00,-944.824219,-19.525362
2026-08-25T16:23:20.789-04:00,-937.500000,-21.125347
2026-08-25T16:23:20.789-04:00,-930.175781,-20.574474
2026-08-25T16:23:20.789-04:00,-922.851562,-21.982100
2026-08-25T16:23:20.789-04:00,-915.527344,-23.362312
2026-08-25T16:23:20.789-04:00,-908.203125,-23.152691
2026-08-25T16:23:20.789-04:00,-900.878906,-22.316971
2026-08-25T16:23:20.789-04:00,-893.554688,-21.782301
2026-08-25T16:23:20.789-04:00,-886.230469,-22.346004
2026-08-25T16:23:20.789-04:00,-878.906250,-21.417690
2026-08-25T16:23:20.789-04:00,-871.582031,-20.922173
2026-08-25T16:23:20.789-04:00,-864.257812,-18.868631
2026-08-25T16:23:20.789-04:00,-856.933594,-19.245171
2026-08-25T16:23:20.789-04:00,-849.609375,-20.139130
2026-08-25T16:23:20.789-04:00,-842.285156,-22.486135
2026-08-25T16:23:20.789-04:00,-834.960938,-28.071634
2026-08-25T16:23:20.789-04:00,-827.636719,-25.971062
2026-08-25T16:23:20.789-04:00,-820.312500,-24.876728
2026-08-25T16:23:20.789-04:00,-812.988281,-22.466078
2026-08-25T16:23:20.789-04:00,-805.664062,-18.006992
2026-08-25T16:23:20.789-04:00,-798.339844,-18.398773
2026-08-25T16:23:20.789-04:00,-791.015625,-19.548103
2026-08-25T16:23:20.789-04:00,-783.691406,-19.201681
2026-08-25T16:23:20.789-04:00,-776.367188,-20.939163
2026-08-25T16:23:20.789-04:00,-769.042969,-23.149315
2026-08-25T16:23:20.789-04:00,-761.718750,-22.406214
2026-08-25T16:23:20.789-04:00,-754.394531,-20.288914
2026-08-25T16:23:20.789-04:00,-747.070312,-21.402466
2026-08-25T16:23:20.789-04:00,-739.746094,-24.248770
2026-08-25T16:23:20.789-04:00,-732.421875,-25.208426
2026-08-25T16:23:20.789-04:00,-725.097656,-21.182688
2026-08-25T16:23:20.789-04:00,-717.773438,-18.788937
2026-08-25T16:23:20.789-04:00,-710.449219,-22.195015
2026-08-25T16:23:20.789-04:00,-703.125000,-23.125284
2026-08-25T16:23:20.789-04:00,-695.800781,-23.435858
2026-08-25T16:23:20.789-04:00,-688.476562,-27.273926
2026-08-25T16:23:20.789-04:00,-681.152344,-25.976641
2026-08-25T16:23:20.789-04:00,-673.828125,-24.969563
2026-08-25T16:23:20.789-04:00,-666.503906,-21.501862
2026-08-25T16:23:20.789-04:00,-659.179688,-18.195181
2026-08-25T16:23:20.789-04:00,-651.855469,-19.639694
2026-08-25T16:23:20.789-04:00,-644.531250,-21.327072
2026-08-25T16:23:20.789-04:00,-637.207031,-20.013103
2026-08-25T16:23:20.789-04:00,-629.882812,-21.677048
2026-08-25T16:23:20.789-04:00,-622.558594,-24.177122
2026-08-25T16:23:20.789-04:00,-615.234375,-21.921669
2026-08-25T16:23:20.789-04:00,-607.910156,-20.703974
2026-08-25T16:23:20.789-04:00,-600.585938,-24.743021
2026-08-25T16:23:20.789-04:00,-593.261719,-30.013382
2026-08-25T16:23:20.789-04:00,-585.937500,-26.236702
2026-08-25T16:23:20.789-04:00,-578.613281,-19.449379
2026-08-25T16:23:20.789-04:00,-571.289062,-19.397078
2026-08-25T16:23:20.789-04:00,-563.964844,-25.230164
2026-08-25T16:23:20.789-04:00,-556.640625,-23.061609
2026-08-25T16:23:20.789-04:00,-549.316406,-22.015644
2026-08-25T16:23:20.789-04:00,-541.992188,-24.636641
2026-08-25T16:23:20.789-04:00,-534.667969,-24.876743
2026-08-25T16:23:20.789-04:00,-527.343750,-23.910763
2026-08-25T16:23:20.789-04:00,-520.019531,-19.759319
2026-08-25T16:23:20.789-04:00,-512.695312,-18.329803
2026-08-25T16:23:20.789-04:00,-505.371094,-23.498428
2026-08-25T16:23:20.789-04:00,-498.046875,-26.510286
2026-08-25T16:23:20.789-04:00,-490.722656,-21.560654
2026-08-25T16:23:20.789-04:00,-483.398438,-22.356003
2026-08-25T16:23:20.789-04:00,-476.074219,-24.608932
2026-08-25T16:23:20.789-04:00,-468.750000,-21.810524
2026-08-25T16:23:20.789-04:00,-461.425781,-22.290771
2026-08-25T16:23:20.789-04:00,-454.101562,-30.452822
2026-08-25T16:23:20.789-04:00,-446.777344,-33.126659
2026-08-25T16:23:20.789-04:00,-439.453125,-23.726971
2026-08-25T16:23:20.789-04:00,-432.128906,-19.711887
2026-08-25T16:23:20.789-04:00,-424.804688,-20.943771
2026-08-25T16:23:20.789-04:00,-417.480469,-25.563236
2026-08-25T16:23:20.789-04:00,-410.156250,-25.215979
2026-08-25T16:23:20.789-04:00,-402.832031,-22.705910
2026-08-25T16:23:20.789-04:00,-395.507812,-22.841665
2026-08-25T16:23:20.789-04:00,-388.183594,-22.518766
2026-08-25T16:23:20.789-04:00,-380.859375,-22.547028
2026-08-25T16:23:20.789-04:00,-373.535156,-19.412458
2026-08-25T16:23:20.789-04:00,-366.210938,-21.114796
2026-08-25T16:23:20.789-04:00,-358.886719,-32.186577
2026-08-25T16:23:20.789-04:00,-351.562500,-26.695852
2026-08-25T16:23:20.789-04:00,-344.238281,-22.424957
2026-08-25T16:23:20.789-04:00,-336.914062,-21.692047
2026-08-25T16:23:20.789-04:00,-329.589844,-24.495262
2026-08-25T16:23:20.789-04:00,-322.265625,-24.721842
2026-08-25T16:23:20.789-04:00,-314.941406,-27.358627
2026-08-25T16:23:20.789-04:00,-307.617188,-29.527615
2026-08-25T16:23:20.789-04:00,-300.292969,-25.700443
2026-08-25T16:23:20.789-04:00,-292.968750,-22.031948
2026-08-25T16:23:20.789-04:00,-285.644531,-21.439621
2026-08-25T16:23:20.789-04:00,-278.320312,-23.959789
2026-08-25T16:23:20.789-04:00,-270.996094,-28.083305
2026-08-25T16:23:20.789-04:00,-263.671875,-24.934834
2026-08-25T16:23:20.789-04:00,-256.347656,-21.608177
2026-08-25T16:23:20.789-04:00,-249.023438,-20.231207
2026-08-25T16:23:20.789-04:00,-241.699219,-20.056421
2026-08-25T16:23:20.789-04:00,-234.375000,-20.705276
2026-08-25T16:23:20.789-04:00,-227.050781,-18.650442
2026-08-25T16:23:20.789-04:00,-219.726562,-22.360689
2026-08-25T16:23:20.789-04:00,-212.402344,-23.724863
2026-08-25T16:23:20.789-04:00,-205.078125,-24.628902
2026-08-25T16:23:20.789-04:00,-197.753906,-20.699539
2026-08-25T16:23:20.789-04:00,-190.429688,-19.565489
2026-08-25T16:23:20.789-04:00,-183.105469,-22.253510
2026-08-25T16:23:20.789-04:00,-175.781250,-24.444008
2026-08-25T16:23:20.789-04:00,-168.457031,-31.535858
2026-08-25T16:23:20.789-04:00,-161.132812,-30.147268
2026-08-25T16:23:20.789-04:00,-153.808594,-25.629498
2026-08-25T16:23:20.789-04:00,-146.484375,-22.066502
2026-08-25T16:23:20.789-04:00,-139.160156,-20.956097
2026-08-25T16:23:20.789-04:00,-131.835938,-21.574820
2026-08-25T16:23:20.789-04:00,-124.511719,-25.737427
2026-08-25T16:23:20.789-04:00,-117.187500,-25.366098
2026-08-25T16:23:20.789-04:00,-109.863281,-21.932194
2026-08-25T16:23:20.789-04:00,-102.539062,-19.254005
2026-08-25T16:23:20.789-04:00,-95.214844,-19.084909
2026-08-25T16:23:20.789-04:00,-87.890625,-21.397970
2026-08-25T16:23:20.789-04:00,-80.566406,-20.844574
2026-08-25T16:23:20.789-04:00,-73.242188,-20.922146
2026-08-25T16:23:20.789-04:00,-65.917969,-20.690296
2026-08-25T16:23:20.789-04:00,-58.593750,-26.978924
2026-08-25T16:23:20.789-04:00,-51.269531,-22.312656
2026-08-25T16:23:20.789-04:00,-43.945312,-23.109148
2026-08-25T16:23:20.789-04:00,-36.621094,-23.362085
2026-08-25T16:23:20.789-04:00,-29.296875,-22.546513
2026-08-25T16:23:20.789-04:00,-21.972656,-29.738251
2026-08-25T16:23:20.789-04:00,-14.648438,-31.735716
2026-08-25T16:23:20.789-04:00,-7.324219,-25.695803
2026-08-25T16:23:20.789-04:00,0.000000,-22.478476
2026-08-25T16:23:20.789-04:00,7.324219,-22.763309
2026-08-25T16:23:20.789-04:00,14.648438,-23.166412
2026-08-25T16:23:20.789-04:00,21.972656,-25.915804
2026-08-25T16:23:20.789-04:00,29.296875,-31.199015
2026-08-25T16:23:20.789-04:00,36.621094,-26.328630
2026-08-25T16:23:20.789-04:00,43.945312,-20.320959
2026-08-25T16:23:20.789-04:00,51.269531,-19.785702
2026-08-25T16:23:20.789-04:00,58.593750,-22.305880
2026-08-25T16:23:20.789-04:00,65.917969,-21.173107
2026-08-25T16:23:20.789-04:00,73.242188,-18.039593
2026-08-25T16:23:20.789-04:00,80.566406,-19.239643
2026-08-25T16:23:20.789-04:00,87.890625,-35.997536
2026-08-25T16:23:20.789-04:00,95.214844,-25.361631
2026-08-25T16:23:20.789-04:00,102.539062,-24.210175
2026-08-25T16:23:20.789-04:00,109.863281,-20.185015
2026-08-25T16:23:20.789-04:00,117.187500,-20.031525
2026-08-25T16:23:20.789-04:00,124.511719,-26.669065
2026-08-25T16:23:20.789-04:00,131.835938,-44.195587
2026-08-25T16:23:20.789-04:00,139.160156,-25.925091
2026-08-25T16:23:20.789-04:00,146.484375,-20.729328
2026-08-25T16:23:20.789-04:00,153.808594,-22.247871
2026-08-25T16:23:20.789-04:00,161.132812,-23.207985
2026-08-25T16:23:20.789-04:00,168.457031,-23.555248
2026-08-25T16:23:20.789-04:00,175.781250,-28.528095
2026-08-25T16:23:20.789-04:00,183.105469,-26.992813
2026-08-25T16:23:20.789-04:00,190.429688,-22.041176
2026-08-25T16:23:20.789-04:00,197.753906,-21.620071
2026-08-25T16:23:20.789-04:00,205.078125,-23.241066
2026-08-25T16:23:20.789-04:00,212.402344,-20.102865
2026-08-25T16:23:20.789-04:00,219.726562,-16.945530
2026-08-25T16:23:20.789-04:00,227.050781,-19.599131
2026-08-25T16:23:20.789-04:00,234.375000,-37.101547
2026-08-25T16:23:20.789-04:00,241.699219,-28.415615
2026-08-25T16:23:20.789-04:00,249.023438,-23.602476
2026-08-25T16:23:20.789-04:00,256.347656,-19.383572
2026-08-25T16:23:20.789-04:00,263.671875,-19.396090
2026-08-25T16:23:20.789-04:00,270.996094,-24.667679
2026-08-25T16:23:20.789-04:00,278.320312,-29.498919
2026-08-25T16:23:20.789-04:00,285.644531,-22.703524
2026-08-25T16:23:20.789-04:00,292.968750,-20.195932
2026-08-25T16:23:20.789-04:00,300.292969,-22.545952
2026-08-25T16:23:20.789-04:00,307.617188,-21.833282
2026-08-25T16:23:20.789-04:00,314.941406,-25.362890
2026-08-25T16:23:20.789-04:00,322.265625,-36.704315
2026-08-25T16:23:20.789-04:00,329.589844,-30.114014
2026-08-25T16:23:20.789-04:00,336.914062,-22.413351
2026-08-25T16:23:20.789-04:00,344.238281,-21.254328
2026-08-25T16:23:20.789-04:00,351.562500,-22.799656
2026-08-25T16:23:20.789-04:00,358.886719,-18.976435
2026-08-25T16:23:20.789-04:00,366.210938,-15.905553
2026-08-25T16:23:20.789-04:00,373.535156,-19.336950
2026-08-25T16:23:20.789-04:00,380.859375,-32.327049
2026-08-25T16:23:20.789-04:00,388.183594,-28.132868
2026-08-25T16:23:20.789-04:00,395.507812,-24.444904
2026-08-25T16:23:20.789-04:00,402.832031,-20.788116
2026-08-25T16:23:20.789-04:00,410.156250,-21.311089
2026-08-25T16:23:20.789-04:00,417.480469,-26.686934
2026-08-25T16:23:20.789-04:00,424.804688,-26.642815
2026-08-25T16:23:20.789-04:00,432.128906,-21.192610
2026-08-25T16:23:20.789-04:00,439.453125,-21.300886
2026-08-25T16:23:20.789-04:00,446.777344,-24.355618
2026-08-25T16:23:20.789-04:00,454.101562,-22.141628
2026-08-25T16:23:20.789-04:00,461.425781,-28.709095
2026-08-25T16:23:20.789-04:00,468.750000,-34.580902
2026-08-25T16:23:20.789-04:00,476.074219,-27.434500
2026-08-25T16:23:20.789-04:00,483.398438,-21.335287
2026-08-25T16:23:20.789-04:00,490.722656,-21.058052
2026-08-25T16:23:20.789-04:00,498.046875,-22.684462
2026-08-25T16:23:20.789-04:00,505.371094,-18.604086
2026-08-25T16:23:20.789-04:00,512.695312,-16.331966
2026-08-25T16:23:20.789-04:00,520.019531,-20.839214
2026-08-25T16:23:20.789-04:00,527.343750,-31.437138
2026-08-25T16:23:20.789-04:00,534.667969,-25.901167
2026-08-25T16:23:20.789-04:00,541.992188,-25.030479
2026-08-25T16:23:20.789-04:00,549.316406,-25.729980
2026-08-25T16:23:20.789-04:00,556.640625,-25.560856
2026-08-25T16:23:20.789-04:00,563.964844,-27.572411
2026-08-25T16:23:20.789-04:00,571.289062,-24.811428
2026-08-25T16:23:20.789-04:00,578.613281,-21.538260
2026-08-25T16:23:20.789-04:00,585.937500,-24.721169
2026-08-25T16:23:20.789-04:00,593.261719,-24.960173
2026-08-25T16:23:20.789-04:00,600.585938,-23.581221
2026-08-25T16:23:20.789-04:00,607.910156,-28.599245
2026-08-25T16:23:20.789-04:00,615.234375,-26.240910
2026-08-25T16:23:20.789-04:00,622.558594,-22.880457
2026-08-25T16:23:20.789-04:00,629.882812,-20.302185
2026-08-25T16:23:20.789-04:00,637.207031,-21.884281
2026-08-25T16:23:20.789-04:00,644.531250,-22.444492
2026-08-25T16:23:20.789-04:00,651.855469,-17.980640
2026-08-25T16:23:20.789-04:00,659.179688,-17.231516
2026-08-25T16:23:20.789-04:00,666.503906,-24.166801
2026-08-25T16:23:20.789-04:00,673.828125,-35.016792
2026-08-25T16:23:20.789-04:00,681.152344,-25.742380
2026-08-25T16:23:20.789-04:00,688.476562,-27.015217
2026-08-25T16:23:20.789-04:00,695.800781,-26.255667
2026-08-25T16:23:20.789-04:00,703.125000,-23.655811
2026-08-25T16:23:20.789-04:00,710.449219,-26.481297
2026-08-25T16:23:20.789-04:00,717.773438,-24.738733
2026-08-25T16:23:20.789-04:00,725.097656,-24.097397
2026-08-25T16:23:20.789-04:00,732.421875,-33.131927
2026-08-25T16:23:20.789-04:00,739.746094,-22.736320
2026-08-25T16:23:20.789-04:00,747.070312,-22.740906
2026-08-25T16:23:20.789-04:00,754.394531,-29.020197
2026-08-25T16:23:20.789-04:00,761.718750,-27.839485
2026-08-25T16:23:20.789-04:00,769.042969,-23.079605
2026-08-25T16:23:20.789-04:00,776.367188,-21.729733
2026-08-25T16:23:20.789-04:00,783.691406,-25.091198
2026-08-25T16:23:20.789-04:00,791.015625,-23.779663
2026-08-25T16:23:20.789-04:00,798.339844,-17.953186
2026-08-25T16:23:20.789-04:00,805.664062,-17.575584
2026-08-25T16:23:20.789-04:00,812.988281,-25.420498
2026-08-25T16:23:20.789-04:00,820.312500,-30.432819
2026-08-25T16:23:20.789-04:00,827.636719,-24.448570
2026-08-25T16:23:20.789-04:00,834.960938,-27.699379
2026-08-25T16:23:20.789-04:00,842.285156,-23.986443
2026-08-25T16:23:20.789-04:00,849.609375,-22.411938
2026-08-25T16:23:20.789-04:00,856.933594,-27.040188
2026-08-25T16:23:20.789-04:00,864.257812,-26.666656
2026-08-25T16:23:20.789-04:00,871.582031,-31.187874
2026-08-25T16:23:20.789-04:00,878.906250,-28.921276
2026-08-25T16:23:20.789-04:00,886.230469,-21.790104
2026-08-25T16:23:20.789-04:00,893.554688,-22.337227
2026-08-25T16:23:20.789-04:00,900.878906,-26.546513
2026-08-25T16:23:20.789-04:00,908.203125,-26.927292
2026-08-25T16:23:20.789-04:00,915.527344,-24.519432
2026-08-25T16:23:20.789-04:00,922.851562,-25.891617
2026-08-25T16:23:20.789-04:00,930.175781,-26.985020
2026-08-25T16:23:20.789-04:00,937.500000,-22.945889
2026-08-25T16:23:20.789-04:00,944.824219,-16.995800
2026-08-25T16:23:20.789-04:00,952.148438,-16.782661
2026-08-25T16:23:20.789-04:00,959.472656,-24.714651
2026-08-25T16:23:20.789-04:00,966.796875,-28.379887
2026-08-25T16:23:20.789-04:00,974.121094,-23.149569
2026-08-25T16:23:20.789-04:00,981.445312,-22.947540
2026-08-25T16:23:20.789-04:00,988.769531,-21.104792
2026-08-25T16:23:20.789-04:00,996.093750,-23.203533
2026-08-25T16:23:20.789-04:00,1003.417969,-29.919960
2026-08-25T16:23:20.789-04:00,1010.742188,-28.852722
2026-08-25T16:23:20.789-04:00,1018.066406,-36.069153
2026-08-25T16:23:20.789-04:00,1025.390625,-26.848049
2026-08-25T16:23:20.789-04:00,1032.714844,-21.992189
2026-08-25T16:23:20.789-04:00,1040.039062,-22.209839
2026-08-25T16:23:20.789-04:00,1047.363281,-23.035709
2026-08-25T16:23:20.789-04:00,1054.687500,-22.712831
2026-08-25T16:23:20.789-04:00,1062.011719,-25.403183
2026-08-25T16:23:20.789-04:00,1069.335938,-34.986118
2026-08-25T16:23:20.789-04:00,1076.660156,-27.165182
2026-08-25T16:23:20.789-04:00,1083.984375,-21.853939
2026-08-25T16:23:20.789-04:00,1091.308594,-16.364229
2026-08-25T16:23:20.789-04:00,1098.632812,-16.736023
2026-08-25T16:23:20.789-04:00,1105.957031,-25.840828
2026-08-25T16:23:20.789-04:00,1113.281250,-25.894100
2026-08-25T16:23:20.789-04:00,1120.605469,-21.034536
2026-08-25T16:23:20.789-04:00,1127.929688,-20.086113
2026-08-25T16:23:20.789-04:00,1135.253906,-19.777868
2026-08-25T16:23:20.789-04:00,1142.578125,-22.240170
2026-08-25T16:23:20.789-04:00,1149.902344,-27.197554
2026-08-25T16:23:20.789-04:00,1157.226562,-28.832052
2026-08-25T16:23:20.789-04:00,1164.550781,-31.716854
2026-08-25T16:23:20.789-04:00,1171.875000,-30.195366
2026-08-25T16:23:20.789-04:00,1179.199219,-23.443607
2026-08-25T16:23:20.789-04:00,1186.523438,-22.581238
2026-08-25T16:23:20.789-04:00,1193.847656,-21.899488
2026-08-25T16:23:20.789-04:00,1201.171875,-21.695917
2026-08-25T16:23:20.789-04:00,1208.496094,-27.251091
2026-08-25T16:23:20.789-04:00,1215.820312,-36.210678
2026-08-25T16:23:20.789-04:00,1223.144531,-27.053467
2026-08-25T16:23:20.789-04:00,1230.468750,-20.849173
2026-08-25T16:23:20.789-04:00,1237.792969,-15.588717
2026-08-25T16:23:20.789-04:00,1245.117188,-16.209150
2026-08-25T16:23:20.789-04:00,1252.441406,-27.518383
2026-08-25T16:23:20.789-04:00,1259.765625,-23.291512
2026-08-25T16:23:20.789-04:00,1267.089844,-20.091475
2026-08-25T16:23:20.789-04:00,1274.414062,-20.764095
2026-08-25T16:23:20.789-04:00,1281.738281,-19.977539
2026-08-25T16:23:20.789-04:00,1289.062500,-21.010324
2026-08-25T16:23:20.789-04:00,1296.386719,-25.490707
2026-08-25T16:23:20.789-04:00,1303.710938,-25.884687
2026-08-25T16:23:20.789-04:00,1311.035156,-24.939510
2026-08-25T16:23:20.789-04:00,1318.359375,-33.174049
2026-08-25T16:23:20.789-04:00,1325.683594,-25.569086
2026-08-25T16:23:20.789-04:00,1333.007812,-23.203812
2026-08-25T16:23:20.789-04:00,1340.332031,-21.197617
2026-08-25T16:23:20.789-04:00,1347.656250,-21.278067
2026-08-25T16:23:20.789-04:00,1354.980469,-29.678459
2026-08-25T16:23:20.789-04:00,1362.304688,-33.561684
2026-08-25T16:23:20.789-04:00,1369.628906,-26.344986
2026-08-25T16:23:20.789-04:00,1376.953125,-19.382956
2026-08-25T16:23:20.789-04:00,1384.277344,-15.189707
2026-08-25T16:23:20.789-04:00,1391.601562,-15.980778
2026-08-25T16:23:20.789-04:00,1398.925781,-26.894209
2026-08-25T16:23:20.789-04:00,1406.250000,-23.531225
2026-08-25T16:23:20.789-04:00,1413.574219,-20.935951
2026-08-25T16:23:20.789-04:00,1420.898438,-24.488707
2026-08-25T16:23:20.789-04:00,1428.222656,-21.366661
2026-08-25T16:23:20.789-04:00,1435.546875,-20.227432
2026-08-25T16:23:20.789-04:00,1442.871094,-24.243176
2026-08-25T16:23:20.789-04:00,1450.195312,-24.611826
2026-08-25T16:23:20.789-04:00,1457.519531,-23.632946
2026-08-25T16:23:20.789-04:00,1464.843750,-28.854750
2026-08-25T16:23:20.789-04:00,1472.167969,-33.320229
2026-08-25T16:23:20.789-04:00,1479.492188,-29.489197
2026-08-25T16:23:20.789-04:00,1486.816406,-23.438856
2026-08-25T16:23:20.789-04:00,1494.140625,-23.442551
2026-08-25T16:23:20.789-04:00,1501.464844,-35.047718
2026-08-25T16:23:20.789-04:00,1508.789062,-28.839828
2026-08-25T16:23:20.789-04:00,1516.113281,-25.253052
2026-08-25T16:23:20.789-04:00,1523.437500,-18.590925
2026-08-25T16:23:20.789-04:00,1530.761719,-15.174489
2026-08-25T16:23:20.789-04:00,1538.085938,-16.713694
2026-08-25T16:23:20.789-04:00,1545.410156,-28.356483
2026-08-25T16:23:20.789-04:00,1552.734375,-26.989506
2026-08-25T16:23:20.789-04:00,1560.058594,-25.297569
2026-08-25T16:23:20.789-04:00,1567.382812,-38.287312
2026-08-25T16:23:20.789-04:00,1574.707031,-21.970245
2026-08-25T16:23:20.789-04:00,1582.031250,-20.479395
2026-08-25T16:23:20.789-04:00,1589.355469,-25.246784
2026-08-25T16:23:20.789-04:00,1596.679688,-25.380306
2026-08-25T16:23:20.789-04:00,1604.003906,-25.558281
2026-08-25T16:23:20.789-04:00,1611.328125,-29.023611
2026-08-25T16:23:20.789-04:00,1618.652344,-30.537188
2026-08-25T16:23:20.789-04:00,1625.976562,-29.993034
2026-08-25T16:23:20.789-04:00,1633.300781,-22.802088
2026-08-25T16:23:20.789-04:00,1640.625000,-23.270559
2026-08-25T16:23:20.789-04:00,1647.949219,-33.205402
2026-08-25T16:23:20.789-04:00,1655.273438,-26.921177
2026-08-25T16:23:20.789-04:00,1662.597656,-22.105202
2026-08-25T16:23:20.789-04:00,1669.921875,-17.118076
2026-08-25T16:23:20.789-04:00,1677.246094,-14.943651
2026-08-25T16:23:20.789-04:00,1684.570312,-17.517933
2026-08-25T16:23:20.789-04:00,1691.894531,-25.154840
2026-08-25T16:23:20.789-04:00,1699.218750,-27.620972
2026-08-25T16:23:20.789-04:00,1706.542969,-30.759409
2026-08-25T16:23:20.789-04:00,1713.867188,-27.983688
2026-08-25T16:23:20.789-04:00,1721.191406,-19.358179
2026-08-25T16:23:20.789-04:00,1728.515625,-20.427170
2026-08-25T16:23:20.789-04:00,1735.839844,-26.240143
2026-08-25T16:23:20.789-04:00,1743.164062,-26.399567
2026-08-25T16:23:20.789-04:00,1750.488281,-29.591082
2026-08-25T16:23:20.789-04:00,1757.812500,-36.298660
2026-08-25T16:23:20.789-04:00,1765.136719,-27.275558
2026-08-25T16:23:20.789-04:00,1772.460938,-25.997536
2026-08-25T16:23:20.789-04:00,1779.785156,-22.351936
2026-08-25T16:23:20.789-04:00,1787.109375,-24.801514
2026-08-25T16:23:20.789-04:00,1794.433594,-34.937634
2026-08-25T16:23:20.789-04:00,1801.757812,-23.372070
2026-08-25T16:23:20.789-04:00,1809.082031,-19.707529
2026-08-25T16:23:20.789-04:00,1816.406250,-16.535936
2026-08-25T16:23:20.789-04:00,1823.730469,-15.444550
2026-08-25T16:23:20.789-04:00,1831.054688,-17.980783
2026-08-25T16:23:20.789-04:00,1838.378906,-23.012266
2026-08-25T16:23:20.789-04:00,1845.703125,-26.066826
2026-08-25T16:23:20.789-04:00,1853.027344,-26.568848
2026-08-25T16:23:20.789-04:00,1860.351562,-22.052822
2026-08-25T16:23:20.789-04:00,1867.675781,-17.989079
2026-08-25T16:23:20.789-04:00,1875.000000,-21.888973
2026-08-25T16:23:20.789-04:00,1882.324219,-29.535349
2026-08-25T16:23:20.789-04:00,1889.648438,-30.117519
2026-08-25T16:23:20.789-04:00,1896.972656,-30.169725
2026-08-25T16:23:20.789-04:00,1904.296875,-28.783596
2026-08-25T16:23:20.789-04:00,1911.621094,-24.248028
2026-08-25T16:23:20.789-04:00,1918.945312,-21.585045
2026-08-25T16:23:20.789-04:00,1926.269531,-20.406034
2026-08-25T16:23:20.789-04:00,1933.593750,-24.725740
2026-08-25T16:23:20.789-04:00,1940.917969,-35.416298
2026-08-25T16:23:20.789-04:00,1948.242188,-22.645082
2026-08-25T16:23:20.789-04:00,1955.566406,-20.064480
2026-08-25T16:23:20.789-04:00,1962.890625,-18.194666
2026-08-25T16:23:20.789-04:00,1970.214844,-17.427240
2026-08-25T16:23:20.789-04:00,1977.539062,-18.714600
2026-08-25T16:23:20.789-04:00,1984.863281,-22.664968
2026-08-25T16:23:20.789-04:00,1992.187500,-27.749313
2026-08-25T16:23:20.789-04:00,1999.511719,-24.505255
2026-08-25T16:23:20.789-04:00,2006.835938,-18.426567
2026-08-25T16:23:20.789-04:00,2014.160156,-17.012012
2026-08-25T16:23:20.789-04:00,2021.484375,-23.136196
2026-08-25T16:23:20.789-04:00,2028.808594,-29.245203
2026-08-25T16:23:20.789-04:00,2036.132812,-31.536921
2026-08-25T16:23:20.789-04:00,2043.457031,-26.260853
2026-08-25T16:23:20.789-04:00,2050.781250,-24.379017
2026-08-25T16:23:20.789-04:00,2058.105469,-23.288641
2026-08-25T16:23:20.789-04:00,2065.429688,-20.266235
2026-08-25T16:23:20.789-04:00,2072.753906,-19.128384
2026-08-25T16:23:20.789-04:00,2080.078125,-23.068102
2026-08-25T16:23:20.789-04:00,2087.402344,-38.327797
2026-08-25T16:23:20.789-04:00,2094.726562,-23.913708
2026-08-25T16:23:20.789-04:00,2102.050781,-22.782661
2026-08-25T16:23:20.789-04:00,2109.375000,-21.860378
2026-08-25T16:23:20.789-04:00,2116.699219,-20.566004
2026-08-25T16:23:20.789-04:00,2124.023438,-20.231659
2026-08-25T16:23:20.789-04:00,2131.347656,-23.175795
2026-08-25T16:23:20.789-04:00,2138.671875,-35.136646
2026-08-25T16:23:20.789-04:00,2145.996094,-24.545872
2026-08-25T16:23:20.789-04:00,2153.320312,-17.641851
2026-08-25T16:23:20.789-04:00,2160.644531,-18.014896
2026-08-25T16:23:20.789-04:00,2167.968750,-26.468103
2026-08-25T16:23:20.789-04:00,2175.292969,-30.375034
2026-08-25T16:23:20.789-04:00,2182.617188,-36.653885
2026-08-25T16:23:20.789-04:00,2189.941406,-29.349186
2026-08-25T16:23:20.789-04:00,2197.265625,-29.042997
2026-08-25T16:23:20.789-04:00,2204.589844,-25.324677
2026-08-25T16:23:20.789-04:00,2211.914062,-20.019566
2026-08-25T16:23:20.789-04:00,2219.238281,-18.743338
2026-08-25T16:23:20.789-04:00,2226.562500,-24.330448
2026-08-25T16:23:20.789-04:00,2233.886719,-30.680771
2026-08-25T16:23:20.789-04:00,2241.210938,-25.526325
2026-08-25T16:23:20.789-04:00,2248.535156,-28.155508
2026-08-25T16:23:20.789-04:00,2255.859375,-28.172947
2026-08-25T16:23:20.789-04:00,2263.183594,-21.341936
2026-08-25T16:23:20.789-04:00,2270.507812,-19.411301
2026-08-25T16:23:20.789-04:00,2277.832031,-22.036736
2026-08-25T16:23:20.789-04:00,2285.156250,-28.680136
2026-08-25T16:23:20.789-04:00,2292.480469,-23.479443
2026-08-25T16:23:20.789-04:00,2299.804688,-17.893414
2026-08-25T16:23:20.789-04:00,2307.128906,-19.490715
2026-08-25T16:23:20.789-04:00,2314.453125,-35.629787
2026-08-25T16:23:20.789-04:00,2321.777344,-29.809052
2026-08-25T16:23:20.789-04:00,2329.101562,-37.743652
2026-08-25T16:23:20.789-04:00,2336.425781,-29.606428
2026-08-25T16:23:20.789-04:00,2343.750000,-31.865486
2026-08-25T16:23:20.789-04:00,2351.074219,-28.672312
2026-08-25T16:23:20.789-04:00,2358.398438,-22.566355
2026-08-25T16:23:20.789-04:00,2365.722656,-20.838631
2026-08-25T16:23:20.789-04:00,2373.046875,-25.738659
2026-08-25T16:23:20.789-04:00,2380.371094,-26.685598
2026-08-25T16:23:20.789-04:00,2387.695312,-26.459768
2026-08-25T16:23:20.789-04:00,2395.019531,-30.679724
2026-08-25T16:23:20.789-04:00,2402.343750,-26.443111
2026-08-25T16:23:20.789-04:00,2409.667969,-18.305109
2026-08-25T16:23:20.789-04:00,2416.992188,-17.050611
2026-08-25T16:23:20.789-04:00,2424.316406,-21.812099
2026-08-25T16:23:20.789-04:00,2431.640625,-32.747189
2026-08-25T16:23:20.789-04:00,2438.964844,-22.367247
2026-08-25T16:23:20.789-04:00,2446.289062,-18.518345
2026-08-25T16:23:20.789-04:00,2453.613281,-22.051718
2026-08-25T16:23:20.789-04:00,2460.937500,-28.295553
2026-08-25T16:23:20.789-04:00,2468.261719,-25.333763
2026-08-25T16:23:20.789-04:00,2475.585938,-30.332613
2026-08-25T16:23:20.789-04:00,2482.910156,-31.008091
2026-08-25T16:23:20.789-04:00,2490.234375,-33.166466
2026-08-25T16:23:20.789-04:00,2497.558594,-29.185610
2026-08-25T16:23:20.789-04:00,2504.882812,-24.008453
2026-08-25T16:23:20.789-04:00,2512.207031,-22.691799
2026-08-25T16:23:20.789-04:00,2519.531250,-23.711533
2026-08-25T16:23:20.789-04:00,2526.855469,-25.119480
2026-08-25T16:23:20.789-04:00,2534.179688,-28.175261
2026-08-25T16:23:20.789-04:00,2541.503906,-31.911568
2026-08-25T16:23:20.789-04:00,2548.828125,-21.582081
2026-08-25T16:23:20.789-04:00,2556.152344,-15.979889
2026-08-25T16:23:20.789-04:00,2563.476562,-16.656792
2026-08-25T16:23:20.789-04:00,2570.800781,-23.813946
2026-08-25T16:23:20.789-04:00,2578.125000,-28.794327
2026-08-25T16:23:20.789-04:00,2585.449219,-20.792839
2026-08-25T16:23:20.789-04:00,2592.773438,-17.822422
2026-08-25T16:23:20.789-04:00,2600.097656,-22.262791
2026-08-25T16:23:20.789-04:00,2607.421875,-23.314569
2026-08-25T16:23:20.789-04:00,2614.746094,-23.749990
2026-08-25T16:23:20.789-04:00,2622.070312,-26.260773
2026-08-25T16:23:20.789-04:00,2629.394531,-26.545038
2026-08-25T16:23:20.789-04:00,2636.718750,-28.753454
2026-08-25T16:23:20.789-04:00,2644.042969,-25.569040
2026-08-25T16:23:20.789-04:00,2651.367188,-21.534336
2026-08-25T16:23:20.789-04:00,2658.691406,-19.981710
2026-08-25T16:23:20.789-04:00,2666.015625,-21.747383
2026-08-25T16:23:20.789-04:00,2673.339844,-24.277321
2026-08-25T16:23:20.789-04:00,2680.664062,-24.729263
2026-08-25T16:23:20.789-04:00,2687.988281,-29.320848
2026-08-25T16:23:20.789-04:00,2695.312500,-19.784660
2026-08-25T16:23:20.789-04:00,2702.636719,-14.812521
2026-08-25T16:23:20.789-04:00,2709.960938,-16.092768
2026-08-25T16:23:20.789-04:00,2717.285156,-22.941067
2026-08-25T16:23:20.789-04:00,2724.609375,-23.868635
2026-08-25T16:23:20.789-04:00,2731.933594,-20.302164
2026-08-25T16:23:20.789-04:00,2739.257812,-19.356270
2026-08-25T16:23:20.789-04:00,2746.582031,-22.416428
2026-08-25T16:23:20.789-04:00,2753.906250,-20.126802
2026-08-25T16:23:20.789-04:00,2761.230469,-22.484421
2026-08-25T16:23:20.789-04:00,2768.554688,-20.956154
2026-08-25T16:23:20.789-04:00,2775.878906,-22.263926
2026-08-25T16:23:20.789-04:00,2783.203125,-25.700474
2026-08-25T16:23:20.789-04:00,2790.527344,-21.773863
2026-08-25T16:23:20.789-04:00,2797.851562,-17.968971
2026-08-25T16:23:20.789-04:00,2805.175781,-17.363932
2026-08-25T16:23:20.789-04:00,2812.500000,-18.964718
2026-08-25T16:23:20.789-04:00,2819.824219,-19.354717
2026-08-25T16:23:20.789-04:00,2827.148438,-20.200155
2026-08-25T16:23:20.789-04:00,2834.472656,-30.188416
2026-08-25T16:23:20.789-04:00,2841.796875,-19.456270
2026-08-25T16:23:20.789-04:00,2849.121094,-15.240413
2026-08-25T16:23:20.789-04:00,2856.445312,-17.115042
2026-08-25T16:23:20.789-04:00,2863.769531,-22.832348
2026-08-25T16:23:20.789-04:00,2871.093750,-22.692612
2026-08-25T16:23:20.789-04:00,2878.417969,-21.935707
2026-08-25T16:23:20.789-04:00,2885.742188,-23.827799
2026-08-25T16:23:20.789-04:00,2893.066406,-22.248745
2026-08-25T16:23:20.789-04:00,2900.390625,-19.473831
2026-08-25T16:23:20.789-04:00,2907.714844,-21.891300
2026-08-25T16:23:20.789-04:00,2915.039062,-18.576029
2026-08-25T16:23:20.789-04:00,2922.363281,-20.725197
2026-08-25T16:23:20.789-04:00,2929.687500,-26.316235
2026-08-25T16:23:20.789-04:00,2937.011719,-23.233608
2026-08-25T16:23:20.789-04:00,2944.335938,-18.796175
2026-08-25T16:23:20.789-04:00,2951.660156,-17.752773
2026-08-25T16:23:20.789-04:00,2958.984375,-18.088493
2026-08-25T16:23:20.789-04:00,2966.308594,-16.913465
2026-08-25T16:23:20.789-04:00,2973.632812,-17.887836
2026-08-25T16:23:20.789-04:00,2980.957031,-31.253565
2026-08-25T16:23:20.789-04:00,2988.281250,-20.096001
2026-08-25T16:23:20.789-04:00,2995.605469,-15.887447
2026-08-25T16:23:20.789-04:00,3002.929688,-18.466040
2026-08-25T16:23:20.789-04:00,3010.253906,-26.627335
2026-08-25T16:23:20.789-04:00,3017.578125,-25.186472
2026-08-25T16:23:20.789-04:00,3024.902344,-28.789593
2026-08-25T16:23:20.789-04:00,3032.226562,-27.014313
2026-08-25T16:23:20.789-04:00,3039.550781,-20.764143
2026-08-25T16:23:20.789-04:00,3046.875000,-20.091021
2026-08-25T16:23:20.789-04:00,3054.199219,-22.195795
2026-08-25T16:23:20.789-04:00,3061.523438,-18.697418
2026-08-25T16:23:20.789-04:00,3068.847656,-22.018454
2026-08-25T16:23:20.789-04:00,3076.171875,-28.396221
2026-08-25T16:23:20.789-04:00,3083.496094,-30.109211
2026-08-25T16:23:20.789-04:00,3090.820312,-19.437843
2026-08-25T16:23:20.789-04:00,3098.144531,-16.356180
2026-08-25T16:23:20.789-04:00,3105.468750,-15.857840
2026-08-25T16:23:20.789-04:00,3112.792969,-15.833466
2026-08-25T16:23:20.789-04:00,3120.117188,-18.006384
2026-08-25T16:23:20.789-04:00,3127.441406,-27.547318
2026-08-25T16:23:20.789-04:00,3134.765625,-18.223251
2026-08-25T16:23:20.789-04:00,3142.089844,-15.337934
2026-08-25T16:23:20.789-04:00,3149.414062,-19.007326
2026-08-25T16:23:20.789-04:00,3156.738281,-30.513157
2026-08-25T16:23:20.789-04:00,3164.062500,-30.471226
2026-08-25T16:23:20.789-04:00,3171.386719,-39.906418
2026-08-25T16:23:20.789-04:00,3178.710938,-24.466530
2026-08-25T16:23:20.789-04:00,3186.035156,-19.963205
2026-08-25T16:23:20.789-04:00,3193.359375,-20.354984
2026-08-25T16:23:20.789-04:00,3200.683594,-25.617924
2026-08-25T16:23:20.789-04:00,3208.007812,-20.796167
2026-08-25T16:23:20.789-04:00,3215.332031,-23.305399
2026-08-25T16:23:20.789-04:00,3222.656250,-25.899744
2026-08-25T16:23:20.789-04:00,3229.980469,-28.627285
2026-08-25T16:23:20.789-04:00,3237.304688,-18.158052
2026-08-25T16:23:20.789-04:00,3244.628906,-13.955756
2026-08-25T16:23:20.789-04:00,3251.953125,-14.203353
2026-08-25T16:23:20.789-04:00,3259.277344,-17.289566
2026-08-25T16:23:20.789-04:00,3266.601562,-21.844631
2026-08-25T16:23:20.789-04:00,3273.925781,-26.060431
2026-08-25T16:23:20.789-04:00,3281.250000,-17.413216
2026-08-25T16:23:20.789-04:00,3288.574219,-15.009585
2026-08-25T16:23:20.789-04:00,3295.898438,-18.624260
2026-08-25T16:23:20.789-04:00,3303.222656,-31.612967
2026-08-25T16:23:20.789-04:00,3310.546875,-30.733257
2026-08-25T16:23:20.789-04:00,3317.871094,-32.979660
2026-08-25T16:23:20.789-04:00,3325.195312,-24.590668
2026-08-25T16:23:20.789-04:00,3332.519531,-19.155399
2026-08-25T16:23:20.789-04:00,3339.843750,-19.732422
2026-08-25T16:23:20.789-04:00,3347.167969,-27.461927
2026-08-25T16:23:20.789-04:00,3354.492188,-26.082310
2026-08-25T16:23:20.789-04:00,3361.816406,-33.486401
2026-08-25T16:23:20.789-04:00,3369.140625,-26.716499
2026-08-25T16:23:20.789-04:00,3376.464844,-22.367657
2026-08-25T16:23:20.789-04:00,3383.789062,-15.760931
2026-08-25T16:23:20.789-04:00,3391.113281,-12.973568
2026-08-25T16:23:20.789-04:00,3398.437500,-14.309239
2026-08-25T16:23:20.789-04:00,3405.761719,-19.631660
2026-08-25T16:23:20.789-04:00,3413.085938,-30.670940
2026-08-25T16:23:20.789-04:00,3420.410156,-25.452732
2026-08-25T16:23:20.789-04:00,3427.734375,-17.918711
2026-08-25T16:23:20.789-04:00,3435.058594,-16.487598
2026-08-25T16:23:20.789-04:00,3442.382812,-21.088772
2026-08-25T16:23:20.789-04:00,3449.707031,-29.542854
2026-08-25T16:23:20.789-04:00,3457.031250,-24.808138
2026-08-25T16:23:20.789-04:00,3464.355469,-24.682398
2026-08-25T16:23:20.789-04:00,3471.679688,-23.805933
2026-08-25T16:23:20.789-04:00,3479.003906,-20.247023
2026-08-25T16:23:20.789-04:00,3486.328125,-22.790766
2026-08-25T16:23:20.789-04:00,3493.652344,-34.304726
2026-08-25T16:23:20.789-04:00,3500.976562,-30.515795
2026-08-25T16:23:20.789-04:00,3508.300781,-29.221035
2026-08-25T16:23:20.789-04:00,3515.625000,-23.793648
2026-08-25T16:23:20.789-04:00,3522.949219,-20.837194
2026-08-25T16:23:20.789-04:00,3530.273438,-15.313436
2026-08-25T16:23:20.789-04:00,3537.597656,-13.219231
2026-08-25T16:23:20.789-04:00,3544.921875,-15.084536
2026-08-25T16:23:20.789-04:00,3552.246094,-21.785900
2026-08-25T16:23:20.789-04:00,3559.570312,-31.362022
2026-08-25T16:23:20.789-04:00,3566.894531,-22.195648
2026-08-25T16:23:20.789-04:00,3574.218750,-19.149818
2026-08-25T16:23:20.789-04:00,3581.542969,-19.956810
2026-08-25T16:23:20.789-04:00,3588.867188,-28.017269
2026-08-25T16:23:20.789-04:00,3596.191406,-23.739685
2026-08-25T16:23:20.789-04:00,3603.515625,-20.065287
2026-08-25T16:23:20.789-04:00,3610.839844,-20.233078
2026-08-25T16:23:20.789-04:00,3618.164062,-20.698851
2026-08-25T16:23:20.789-04:00,3625.488281,-20.750010
2026-08-25T16:23:20.789-04:00,3632.812500,-27.996349
2026-08-25T16:23:20.789-04:00,3640.136719,-27.641832
2026-08-25T16:23:20.789-04:00,3647.460938,-28.157465
2026-08-25T16:23:20.789-04:00,3654.785156,-25.966551
2026-08-25T16:23:20.789-04:00,3662.109375,-23.930389
2026-08-25T16:23:20.789-04:00,3669.433594,-19.233835
2026-08-25T16:23:20.789-04:00,3676.757812,-15.004554
2026-08-25T16:23:20.789-04:00,3684.082031,-14.086017
2026-08-25T16:23:20.789-04:00,3691.406250,-15.962561
2026-08-25T16:23:20.789-04:00,3698.730469,-21.719433
2026-08-25T16:23:20.789-04:00,3706.054688,-29.942205
2026-08-25T16:23:20.789-04:00,3713.378906,-23.559835
2026-08-25T16:23:20.789-04:00,3720.703125,-22.275562
2026-08-25T16:23:20.789-04:00,3728.027344,-25.263580
2026-08-25T16:23:20.789-04:00,3735.351562,-45.380501
2026-08-25T16:23:20.789-04:00,3742.675781,-23.844355
2026-08-25T16:23:20.789-04:00,3750.000000,-20.802753
2026-08-25T16:23:20.789-04:00,3757.324219,-20.669260
2026-08-25T16:23:20.789-04:00,3764.648438,-20.125837
2026-08-25T16:23:20.789-04:00,3771.972656,-23.805222
2026-08-25T16:23:20.789-04:00,3779.296875,-30.456577
2026-08-25T16:23:20.789-04:00,3786.621094,-23.935974
2026-08-25T16:23:20.789-04:00,3793.945312,-28.226261
2026-08-25T16:23:20.789-04:00,3801.269531,-23.786745
2026-08-25T16:23:20.789-04:00,3808.593750,-23.226126
2026-08-25T16:23:20.789-04:00,3815.917969,-18.541109
2026-08-25T16:23:20.789-04:00,3823.242188,-15.676856
2026-08-25T16:23:20.789-04:00,3830.566406,-14.774160
2026-08-25T16:23:20.789-04:00,3837.890625,-15.813868
2026-08-25T16:23:20.789-04:00,3845.214844,-20.976751
2026-08-25T16:23:20.789-04:00,3852.539062,-28.326225
2026-08-25T16:23:20.789-04:00,3859.863281,-22.796143
2026-08-25T16:23:20.789-04:00,3867.187500,-24.864948
2026-08-25T16:23:20.789-04:00,3874.511719,-37.618896
2026-08-25T16:23:20.789-04:00,3881.835938,-26.525076
2026-08-25T16:23:20.789-04:00,3889.160156,-26.579323
2026-08-25T16:23:20.789-04:00,3896.484375,-24.099648
2026-08-25T16:23:20.789-04:00,3903.808594,-21.238289
2026-08-25T16:23:20.789-04:00,3911.132812,-21.489174
2026-08-25T16:23:20.789-04:00,3918.457031,-32.213474
2026-08-25T16:23:20.789-04:00,3925.781250,-24.369165
2026-08-25T16:23:20.789-04:00,3933.105469,-22.717178
2026-08-25T16:23:20.789-04:00,3940.429688,-24.518930
2026-08-25T16:23:20.789-04:00,3947.753906,-20.837894
2026-08-25T16:23:20.789-04:00,3955.078125,-20.126974
2026-08-25T16:23:20.789-04:00,3962.402344,-17.546919
2026-08-25T16:23:20.789-04:00,3969.726562,-16.437475
2026-08-25T16:23:20.789-04:00,3977.050781,-15.242381
2026-08-25T16:23:20.789-04:00,3984.375000,-15.684023
2026-08-25T16:23:20.789-04:00,3991.699219,-20.861738
2026-08-25T16:23:20.789-04:00,3999.023438,-27.235825
2026-08-25T16:23:20.789-04:00,4006.347656,-20.982288
2026-08-25T16:23:20.789-04:00,4013.671875,-22.292217
2026-08-25T16:23:20.789-04:00,4020.996094,-38.558178
2026-08-25T16:23:20.789-04:00,4028.320312,-26.718037
2026-08-25T16:23:20.789-04:00,4035.644531,-31.403332
2026-08-25T16:23:20.789-04:00,4042.968750,-24.117180
2026-08-25T16:23:20.789-04:00,4050.292969,-21.008091
2026-08-25T16:23:20.789-04:00,4057.617188,-22.561214
2026-08-25T16:23:20.789-04:00,4064.941406,-35.888767
2026-08-25T16:23:20.789-04:00,4072.265625,-23.795784
2026-08-25T16:23:20.789-04:00,4079.589844,-24.712038
2026-08-25T16:23:20.789-04:00,4086.914062,-28.003199
2026-08-25T16:23:20.789-04:00,4094.238281,-20.581482
2026-08-25T16:23:20.789-04:00,4101.562500,-19.277243
2026-08-25T16:23:20.789-04:00,4108.886719,-17.167849
2026-08-25T16:23:20.789-04:00,4116.210938,-16.160326
2026-08-25T16:23:20.789-04:00,4123.535156,-14.639313
2026-08-25T16:23:20.789-04:00,4130.859375,-15.283836
2026-08-25T16:23:20.789-04:00,4138.183594,-19.919132
2026-08-25T16:23:20.789-04:00,4145.507812,-21.273911
2026-08-25T16:23:20.789-04:00,4152.832031,-19.442970
2026-08-25T16:23:20.789-04:00,4160.156250,-20.966242
2026-08-25T16:23:20.789-04:00,4167.480469,-27.777142
2026-08-25T16:23:20.789-04:00,4174.804688,-37.752693
2026-08-25T16:23:20.789-04:00,4182.128906,-27.957956
2026-08-25T16:23:20.789-04:00,4189.453125,-21.977980
2026-08-25T16:23:20.789-04:00,4196.777344,-22.080717
2026-08-25T16:23:20.789-04:00,4204.101562,-25.263237
2026-08-25T16:23:20.789-04:00,4211.425781,-28.480608
2026-08-25T16:23:20.789-04:00,4218.750000,-22.746319
2026-08-25T16:23:20.789-04:00,4226.074219,-27.338572
2026-08-25T16:23:20.789-04:00,4233.398438,-29.200241
2026-08-25T16:23:20.789-04:00,4240.722656,-20.523529
2026-08-25T16:23:20.789-04:00,4248.046875,-19.018652
2026-08-25T16:23:20.789-04:00,4255.371094,-17.405554
2026-08-25T16:23:20.789-04:00,4262.695312,-15.409698
2026-08-25T16:23:20.789-04:00,4270.019531,-13.573642
2026-08-25T16:23:20.789-04:00,4277.343750,-14.262495
2026-08-25T16:23:20.789-04:00,4284.667969,-17.329832
2026-08-25T16:23:20.789-04:00,4291.992188,-19.756144
2026-08-25T16:23:20.789-04:00,4299.316406,-22.120407
2026-08-25T16:23:20.789-04:00,4306.640625,-24.097708
2026-08-25T16:23:20.789-04:00,4313.964844,-25.958076
2026-08-25T16:23:20.789-04:00,4321.289062,-33.325653
2026-08-25T16:23:20.789-04:00,4328.613281,-23.239756
2026-08-25T16:23:20.789-04:00,4335.937500,-21.030354
2026-08-25T16:23:20.789-04:00,4343.261719,-23.990707
2026-08-25T16:23:20.789-04:00,4350.585938,-27.952759
2026-08-25T16:23:20.789-04:00,4357.910156,-26.553265
2026-08-25T16:23:20.789-04:00,4365.234375,-20.680641
2026-08-25T16:23:20.789-04:00,4372.558594,-26.052629
2026-08-25T16:23:20.789-04:00,4379.882812,-27.858845
2026-08-25T16:23:20.789-04:00,4387.207031,-22.211725
2026-08-25T16:23:20.789-04:00,4394.531250,-21.145327
2026-08-25T16:23:20.789-04:00,4401.855469,-18.744261
2026-08-25T16:23:20.789-04:00,4409.179688,-15.964352
2026-08-25T16:23:20.789-04:00,4416.503906,-13.505546
2026-08-25T16:23:20.789-04:00,4423.828125,-13.450236
2026-08-25T16:23:20.789-04:00,4431.152344,-15.472427
2026-08-25T16:23:20.789-04:00,4438.476562,-19.066502
2026-08-25T16:23:20.789-04:00,4445.800781,-25.299828
2026-08-25T16:23:20.789-04:00,4453.125000,-27.847546
2026-08-25T16:23:20.789-04:00,4460.449219,-27.757156
2026-08-25T16:23:20.789-04:00,4467.773438,-31.397266
2026-08-25T16:23:20.789-04:00,4475.097656,-24.804455
2026-08-25T16:23:20.789-04:00,4482.421875,-22.854252
2026-08-25T16:23:20.789-04:00,4489.746094,-25.604420
2026-08-25T16:23:20.789-04:00,4497.070312,-32.824944
2026-08-25T16:23:20.789-04:00,4504.394531,-23.359163
2026-08-25T16:23:20.789-04:00,4511.718750,-18.112543
2026-08-25T16:23:20.789-04:00,4519.042969,-21.398203
2026-08-25T16:23:20.789-04:00,4526.367188,-25.384493
2026-08-25T16:23:20.789-04:00,4533.691406,-31.462736
2026-08-25T16:23:20.789-04:00,4541.015625,-28.713816
2026-08-25T16:23:20.789-04:00,4548.339844,-23.177334
2026-08-25T16:23:20.789-04:00,4555.664062,-18.139923
2026-08-25T16:23:20.789-04:00,4562.988281,-14.142233
2026-08-25T16:23:20.789-04:00,4570.312500,-13.912063
2026-08-25T16:23:20.789-04:00,4577.636719,-16.583555
2026-08-25T16:23:20.789-04:00,4584.960938,-21.079416
2026-08-25T16:23:20.789-04:00,4592.285156,-28.404152
2026-08-25T16:23:20.789-04:00,4599.609375,-29.204760
2026-08-25T16:23:20.789-04:00,4606.933594,-28.200874
2026-08-25T16:23:20.789-04:00,4614.257812,-37.149780
2026-08-25T16:23:20.789-04:00,4621.582031,-27.476395
2026-08-25T16:23:20.789-04:00,4628.906250,-22.920752
2026-08-25T16:23:20.789-04:00,4636.230469,-22.879610
2026-08-25T16:23:20.789-04:00,4643.554688,-27.949341
2026-08-25T16:23:20.789-04:00,4650.878906,-24.611603
2026-08-25T16:23:20.789-04:00,4658.203125,-19.831545
2026-08-25T16:23:20.789-04:00,4665.527344,-22.056444
2026-08-25T16:23:20.789-04:00,4672.851562,-24.594019
2026-08-25T16:23:20.789-04:00,4680.175781,-30.236731
2026-08-25T16:23:20.789-04:00,4687.500000,-29.697248
2026-08-25T16:23:20.789-04:00,4694.824219,-27.190121
2026-08-25T16:23:20.789-04:00,4702.148438,-19.751404
2026-08-25T16:23:20.789-04:00,4709.472656,-14.840688
2026-08-25T16:23:20.789-04:00,4716.796875,-14.665543
2026-08-25T16:23:20.789-04:00,4724.121094,-17.831881
2026-08-25T16:23:20.789-04:00,4731.445312,-24.986517
2026-08-25T16:23:20.789-04:00,4738.769531,-40.927979
2026-08-25T16:23:20.789-04:00,4746.093750,-25.222120
2026-08-25T16:23:20.789-04:00,4753.417969,-21.442600
2026-08-25T16:23:20.789-04:00,4760.742188,-26.116362
2026-08-25T16:23:20.789-04:00,4768.066406,-29.093592
2026-08-25T16:23:20.789-04:00,4775.390625,-21.876791
2026-08-25T16:23:20.789-04:00,4782.714844,-20.283510
2026-08-25T16:23:20.789-04:00,4790.039062,-23.369331
2026-08-25T16:23:20.789-04:00,4797.363281,-23.173500
2026-08-25T16:23:20.789-04:00,4804.687500,-22.141521
2026-08-25T16:23:20.789-04:00,4812.011719,-25.859634
2026-08-25T16:23:20.789-04:00,4819.335938,-25.820812
2026-08-25T16:23:20.789-04:00,4826.660156,-29.628906
2026-08-25T16:23:20.789-04:00,4833.984375,-36.753708
2026-08-25T16:23:20.789-04:00,4841.308594,-24.021362
2026-08-25T16:23:20.789-04:00,4848.632812,-17.642530
2026-08-25T16:23:20.789-04:00,4855.957031,-14.720333
2026-08-25T16:23:20.789-04:00,4863.281250,-15.781309
2026-08-25T16:23:20.789-04:00,4870.605469,-17.699181
2026-08-25T16:23:20.789-04:00,4877.929688,-22.064560
2026-08-25T16:23:20.789-04:00,4885.253906,-32.362106
2026-08-25T16:23:20.789-04:00,4892.578125,-23.890924
2026-08-25T16:23:20.789-04:00,4899.902344,-20.310200
2026-08-25T16:23:20.789-04:00,4907.226562,-31.624201
2026-08-25T16:23:20.789-04:00,4914.550781,-24.389072
2026-08-25T16:23:20.789-04:00,4921.875000,-21.380260
2026-08-25T16:23:20.789-04:00,4929.199219,-20.356855
2026-08-25T16:23:20.789-04:00,4936.523438,-22.223768
2026-08-25T16:23:20.789-04:00,4943.847656,-23.370262
2026-08-25T16:23:20.789-04:00,4951.171875,-21.630278
2026-08-25T16:23:20.789-04:00,4958.496094,-24.617523
2026-08-25T16:23:20.789-04:00,4965.820312,-26.569292
2026-08-25T16:23:20.789-04:00,4973.144531,-28.366627
2026-08-25T16:23:20.789-04:00,4980.468750,-31.176422
2026-08-25T16:23:20.789-04:00,4987.792969,-20.685814
2026-08-25T16:23:20.789-04:00,4995.117188,-15.930778
2026-08-25T16:23:21.826-04:00,-4995.117188,-7.262383
2026-08-25T16:23:21.826-04:00,-4987.792969,-9.138886
2026-08-25T16:23:21.826-04:00,-4980.468750,-14.646227
2026-08-25T16:23:21.826-04:00,-4973.144531,-32.536369
2026-08-25T16:23:21.826-04:00,-4965.820312,-13.393385
2026-08-25T16:23:21.826-04:00,-4958.496094,-10.990478
2026-08-25T16:23:21.826-04:00,-4951.171875,-12.374352
2026-08-25T16:23:21.826-04:00,-4943.847656,-13.308281
2026-08-25T16:23:21.826-04:00,-4936.523438,-13.070074
2026-08-25T16:23:21.826-04:00,-4929.199219,-11.859116
2026-08-25T16:23:21.826-04:00,-4921.875000,-9.835617
2026-08-25T16:23:21.826-04:00,-4914.550781,-6.317360
2026-08-25T16:23:21.826-04:00,-4907.226562,-4.369334
2026-08-25T16:23:21.826-04:00,-4899.902344,-5.255536
2026-08-25T16:23:21.826-04:00,-4892.578125,-9.142639
2026-08-25T16:23:21.826-04:00,-4885.253906,-16.924725
2026-08-25T16:23:21.826-04:00,-4877.929688,-30.303545
2026-08-25T16:23:21.826-04:00,-4870.605469,-19.180948
2026-08-25T16:23:21.826-04:00,-4863.281250,-23.944704
2026-08-25T16:23:21.826-04:00,-4855.957031,-34.659050
2026-08-25T16:23:21.826-04:00,-4848.632812,-21.249817
2026-08-25T16:23:21.826-04:00,-4841.308594,-14.569164
2026-08-25T16:23:21.826-04:00,-4833.984375,-14.939852
2026-08-25T16:23:21.826-04:00,-4826.660156,-13.477038
2026-08-25T16:23:21.826-04:00,-4819.335938,-8.596634
2026-08-25T16:23:21.826-04:00,-4812.011719,-6.821357
2026-08-25T16:23:21.826-04:00,-4804.687500,-9.164688
2026-08-25T16:23:21.826-04:00,-4797.363281,-12.604800
2026-08-25T16:23:21.826-04:00,-4790.039062,-13.669477
2026-08-25T16:23:21.826-04:00,-4782.714844,-14.727327
2026-08-25T16:23:21.826-04:00,-4775.390625,-19.245598
2026-08-25T16:23:21.826-04:00,-4768.066406,-15.189713
2026-08-25T16:23:21.826-04:00,-4760.742188,-11.355533
2026-08-25T16:23:21.826-04:00,-4753.417969,-9.874801
2026-08-25T16:23:21.826-04:00,-4746.093750,-8.356480
2026-08-25T16:23:21.826-04:00,-4738.769531,-8.464682
2026-08-25T16:23:21.826-04:00,-4731.445312,-9.375611
2026-08-25T16:23:21.826-04:00,-4724.121094,-10.586152
2026-08-25T16:23:21.826-04:00,-4716.796875,-11.951218
2026-08-25T16:23:21.826-04:00,-4709.472656,-10.029428
2026-08-25T16:23:21.826-04:00,-4702.148438,-7.758939
2026-08-25T16:23:21.826-04:00,-4694.824219,-8.020411
2026-08-25T16:23:21.826-04:00,-4687.500000,-10.413979
2026-08-25T16:23:21.826-04:00,-4680.175781,-12.656417
2026-08-25T16:23:21.826-04:00,-4672.851562,-20.117483
2026-08-25T16:23:21.826-04:00,-4665.527344,-19.102266
2026-08-25T16:23:21.826-04:00,-4658.203125,-12.302127
2026-08-25T16:23:21.826-04:00,-4650.878906,-10.850979
2026-08-25T16:23:21.826-04:00,-4643.554688,-10.284101
2026-08-25T16:23:21.826-04:00,-4636.230469,-10.153078
2026-08-25T16:23:21.826-04:00,-4628.906250,-13.435366
2026-08-25T16:23:21.826-04:00,-4621.582031,-18.765038
2026-08-25T16:23:21.826-04:00,-4614.257812,-25.351660
2026-08-25T16:23:21.826-04:00,-4606.933594,-16.360443
2026-08-25T16:23:21.826-04:00,-4599.609375,-11.173190
2026-08-25T16:23:21.826-04:00,-4592.285156,-12.841642
2026-08-25T16:23:21.826-04:00,-4584.960938,-35.446808
2026-08-25T16:23:21.826-04:00,-4577.636719,-15.098352
2026-08-25T16:23:21.826-04:00,-4570.312500,-15.524644
2026-08-25T16:23:21.826-04:00,-4562.988281,-20.989433
2026-08-25T16:23:21.826-04:00,-4555.664062,-33.519608
2026-08-25T16:23:21.826-04:00,-4548.339844,-24.305107
2026-08-25T16:23:21.826-04:00,-4541.015625,-14.959525
2026-08-25T16:23:21.826-04:00,-4533.691406,-11.907674
2026-08-25T16:23:21.826-04:00,-4526.367188,-12.491817
2026-08-25T16:23:21.826-04:00,-4519.042969,-12.937199
2026-08-25T16:23:21.826-04:00,-4511.718750,-13.985481
2026-08-25T16:23:21.826-04:00,-4504.394531,-17.950016
2026-08-25T16:23:21.826-04:00,-4497.070312,-23.795778
2026-08-25T16:23:21.826-04:00,-4489.746094,-26.051258
2026-08-25T16:23:21.826-04:00,-4482.421875,-22.452560
2026-08-25T16:23:21.826-04:00,-4475.097656,-17.738430
2026-08-25T16:23:21.826-04:00,-4467.773438,-14.845636
2026-08-25T16:23:21.826-04:00,-4460.449219,-16.617697
2026-08-25T16:23:21.826-04:00,-4453.125000,-12.192649
2026-08-25T16:23:21.826-04:00,-4445.800781,-10.585517
2026-08-25T16:23:21.826-04:00,-4438.476562,-12.897769
2026-08-25T16:23:21.826-04:00,-4431.152344,-15.269964
2026-08-25T16:23:21.826-04:00,-4423.828125,-14.483041
2026-08-25T16:23:21.826-04:00,-4416.503906,-21.735201
2026-08-25T16:23:21.826-04:00,-4409.179688,-17.309534
2026-08-25T16:23:21.826-04:00,-4401.855469,-11.258352
2026-08-25T16:23:21.826-04:00,-4394.531250,-9.685000
2026-08-25T16:23:21.826-04:00,-4387.207031,-10.585670
2026-08-25T16:23:21.826-04:00,-4379.882812,-13.245647
2026-08-25T16:23:21.826-04:00,-4372.558594,-18.270304
2026-08-25T16:23:21.826-04:00,-4365.234375,-18.035553
2026-08-25T16:23:21.826-04:00,-4357.910156,-17.299145
2026-08-25T16:23:21.826-04:00,-4350.585938,-16.673414
2026-08-25T16:23:21.826-04:00,-4343.261719,-20.354319
2026-08-25T16:23:21.826-04:00,-4335.937500,-37.289501
2026-08-25T16:23:21.826-04:00,-4328.613281,-26.023491
2026-08-25T16:23:21.826-04:00,-4321.289062,-15.780406
2026-08-25T16:23:21.826-04:00,-4313.964844,-10.991886
2026-08-25T16:23:21.826-04:00,-4306.640625,-10.883674
2026-08-25T16:23:21.826-04:00,-4299.316406,-11.578556
2026-08-25T16:23:21.826-04:00,-4291.992188,-12.697615
2026-08-25T16:23:21.826-04:00,-4284.667969,-15.996357
2026-08-25T16:23:21.826-04:00,-4277.343750,-28.310078
2026-08-25T16:23:21.826-04:00,-4270.019531,-22.127560
2026-08-25T16:23:21.826-04:00,-4262.695312,-23.065634
2026-08-25T16:23:21.826-04:00,-4255.371094,-32.864475
2026-08-25T16:23:21.826-04:00,-4248.046875,-22.682823
2026-08-25T16:23:21.826-04:00,-4240.722656,-19.162123
2026-08-25T16:23:21.826-04:00,-4233.398438,-16.878057
2026-08-25T16:23:21.826-04:00,-4226.074219,-13.158524
2026-08-25T16:23:21.826-04:00,-4218.750000,-13.581242
2026-08-25T16:23:21.826-04:00,-4211.425781,-15.890160
2026-08-25T16:23:21.826-04:00,-4204.101562,-23.585091
2026-08-25T16:23:21.826-04:00,-4196.777344,-18.652746
2026-08-25T16:23:21.826-04:00,-4189.453125,-18.209835
2026-08-25T16:23:21.826-04:00,-4182.128906,-13.676709
2026-08-25T16:23:21.826-04:00,-4174.804688,-11.508554
2026-08-25T16:23:21.826-04:00,-4167.480469,-17.255938
2026-08-25T16:23:21.826-04:00,-4160.156250,-21.889830
2026-08-25T16:23:21.826-04:00,-4152.832031,-16.586948
2026-08-25T16:23:21.826-04:00,-4145.507812,-23.357353
2026-08-25T16:23:21.826-04:00,-4138.183594,-31.705873
2026-08-25T16:23:21.826-04:00,-4130.859375,-26.729643
2026-08-25T16:23:21.826-04:00,-4123.535156,-22.374456
2026-08-25T16:23:21.826-04:00,-4116.210938,-18.648083
2026-08-25T16:23:21.826-04:00,-4108.886719,-18.932970
2026-08-25T16:23:21.826-04:00,-4101.562500,-38.275219
2026-08-25T16:23:21.826-04:00,-4094.238281,-22.284014
2026-08-25T16:23:21.826-04:00,-4086.914062,-19.064304
2026-08-25T16:23:21.826-04:00,-4079.589844,-16.232922
2026-08-25T16:23:21.826-04:00,-4072.265625,-14.311337
2026-08-25T16:23:21.826-04:00,-4064.941406,-14.451277
2026-08-25T16:23:21.826-04:00,-4057.617188,-14.083591
2026-08-25T16:23:21.826-04:00,-4050.292969,-12.744232
2026-08-25T16:23:21.826-04:00,-4042.968750,-11.830446
2026-08-25T16:23:21.826-04:00,-4035.644531,-11.501480
2026-08-25T16:23:21.826-04:00,-4028.320312,-11.617761
2026-08-25T16:23:21.826-04:00,-4020.996094,-12.302251
2026-08-25T16:23:21.826-04:00,-4013.671875,-12.906973
2026-08-25T16:23:21.826-04:00,-4006.347656,-11.409807
2026-08-25T16:23:21.826-04:00,-3999.023438,-10.531558
2026-08-25T16:23:21.826-04:00,-3991.699219,-12.446103
2026-08-25T16:23:21.826-04:00,-3984.375000,-16.111145
2026-08-25T16:23:21.826-04:00,-3977.050781,-14.863762
2026-08-25T16:23:21.826-04:00,-3969.726562,-9.924212
2026-08-25T16:23:21.826-04:00,-3962.402344,-7.556774
2026-08-25T16:23:21.826-04:00,-3955.078125,-8.101059
2026-08-25T16:23:21.826-04:00,-3947.753906,-11.567017
2026-08-25T16:23:21.826-04:00,-3940.429688,-17.715878
2026-08-25T16:23:21.826-04:00,-3933.105469,-21.347292
2026-08-25T16:23:21.826-04:00,-3925.781250,-19.594099
2026-08-25T16:23:21.826-04:00,-3918.457031,-14.931282
2026-08-25T16:23:21.826-04:00,-3911.132812,-11.621718
2026-08-25T16:23:21.826-04:00,-3903.808594,-12.048080
2026-08-25T16:23:21.826-04:00,-3896.484375,-13.607541
2026-08-25T16:23:21.826-04:00,-3889.160156,-14.480286
2026-08-25T16:23:21.826-04:00,-3881.835938,-14.353833
2026-08-25T16:23:21.826-04:00,-3874.511719,-12.312087
2026-08-25T16:23:21.826-04:00,-3867.187500,-10.197742
2026-08-25T16:23:21.826-04:00,-3859.863281,-8.865091
2026-08-25T16:23:21.826-04:00,-3852.539062,-8.961244
2026-08-25T16:23:21.826-04:00,-3845.214844,-12.098032
2026-08-25T16:23:21.826-04:00,-3837.890625,-17.318708
2026-08-25T16:23:21.826-04:00,-3830.566406,-16.810804
2026-08-25T16:23:21.826-04:00,-3823.242188,-13.743187
2026-08-25T16:23:21.826-04:00,-3815.917969,-15.904227
2026-08-25T16:23:21.826-04:00,-3808.593750,-21.236664
2026-08-25T16:23:21.826-04:00,-3801.269531,-11.587314
2026-08-25T16:23:21.826-04:00,-3793.945312,-10.454818
2026-08-25T16:23:21.826-04:00,-3786.621094,-14.022225
2026-08-25T16:23:21.826-04:00,-3779.296875,-18.241051
2026-08-25T16:23:21.826-04:00,-3771.972656,-19.668682
2026-08-25T16:23:21.826-04:00,-3764.648438,-16.867025
2026-08-25T16:23:21.826-04:00,-3757.324219,-13.758717
2026-08-25T16:23:21.826-04:00,-3750.000000,-11.928165
2026-08-25T16:23:21.826-04:00,-3742.675781,-9.034606
2026-08-25T16:23:21.826-04:00,-3735.351562,-8.852051
2026-08-25T16:23:21.826-04:00,-3728.027344,-12.114130
2026-08-25T16:23:21.826-04:00,-3720.703125,-14.665269
2026-08-25T16:23:21.826-04:00,-3713.378906,-16.026060
2026-08-25T16:23:21.826-04:00,-3706.054688,-16.587784
2026-08-25T16:23:21.826-04:00,-3698.730469,-13.501420
2026-08-25T16:23:21.826-04:00,-3691.406250,-10.847057
2026-08-25T16:23:21.826-04:00,-3684.082031,-14.082184
2026-08-25T16:23:21.826-04:00,-3676.757812,-20.108700
2026-08-25T16:23:21.826-04:00,-3669.433594,-19.677971
2026-08-25T16:23:21.826-04:00,-3662.109375,-20.646378
2026-08-25T16:23:21.826-04:00,-3654.785156,-14.784579
2026-08-25T16:23:21.826-04:00,-3647.460938,-13.274765
2026-08-25T16:23:21.826-04:00,-3640.136719,-12.756925
2026-08-25T16:23:21.826-04:00,-3632.812500,-18.635492
2026-08-25T16:23:21.826-04:00,-3625.488281,-16.046833
2026-08-25T16:23:21.826-04:00,-3618.164062,-12.548629
2026-08-25T16:23:21.826-04:00,-3610.839844,-14.224502
2026-08-25T16:23:21.826-04:00,-3603.515625,-18.801746
2026-08-25T16:23:21.826-04:00,-3596.191406,-17.032990
2026-08-25T16:23:21.826-04:00,-3588.867188,-15.881086
2026-08-25T16:23:21.826-04:00,-3581.542969,-18.313942
2026-08-25T16:23:21.826-04:00,-3574.218750,-24.923195
2026-08-25T16:23:21.826-04:00,-3566.894531,-19.088600
2026-08-25T16:23:21.826-04:00,-3559.570312,-17.114208
2026-08-25T16:23:21.826-04:00,-3552.246094,-26.247522
2026-08-25T16:23:21.826-04:00,-3544.921875,-19.264641
2026-08-25T16:23:21.826-04:00,-3537.597656,-15.261204
2026-08-25T16:23:21.826-04:00,-3530.273438,-15.474919
2026-08-25T16:23:21.826-04:00,-3522.949219,-18.466877
2026-08-25T16:23:21.826-04:00,-3515.625000,-19.422760
2026-08-25T16:23:21.826-04:00,-3508.300781,-21.353973
2026-08-25T16:23:21.826-04:00,-3500.976562,-20.301113
2026-08-25T16:23:21.826-04:00,-3493.652344,-19.178488
2026-08-25T16:23:21.826-04:00,-3486.328125,-19.572443
2026-08-25T16:23:21.826-04:00,-3479.003906,-26.649950
2026-08-25T16:23:21.826-04:00,-3471.679688,-22.309830
2026-08-25T16:23:21.826-04:00,-3464.355469,-20.156425
2026-08-25T16:23:21.826-04:00,-3457.031250,-16.351665
2026-08-25T16:23:21.826-04:00,-3449.707031,-14.330862
2026-08-25T16:23:21.826-04:00,-3442.382812,-19.492825
2026-08-25T16:23:21.826-04:00,-3435.058594,-21.481869
2026-08-25T16:23:21.826-04:00,-3427.734375,-15.887125
2026-08-25T16:23:21.826-04:00,-3420.410156,-22.257412
2026-08-25T16:23:21.826-04:00,-3413.085938,-19.028164
2026-08-25T16:23:21.826-04:00,-3405.761719,-14.723400
2026-08-25T16:23:21.826-04:00,-3398.437500,-14.664370
2026-08-25T16:23:21.826-04:00,-3391.113281,-16.009598
2026-08-25T16:23:21.826-04:00,-3383.789062,-18.519445
2026-08-25T16:23:21.826-04:00,-3376.464844,-19.377388
2026-08-25T16:23:21.826-04:00,-3369.140625,-15.459819
2026-08-25T16:23:21.826-04:00,-3361.816406,-13.752058
2026-08-25T16:23:21.826-04:00,-3354.492188,-17.874964
2026-08-25T16:23:21.826-04:00,-3347.167969,-31.450932
2026-08-25T16:23:21.826-04:00,-3339.843750,-23.156996
2026-08-25T16:23:21.826-04:00,-3332.519531,-21.336538
2026-08-25T16:23:21.826-04:00,-3325.195312,-17.084290
2026-08-25T16:23:21.826-04:00,-3317.871094,-13.419868
2026-08-25T16:23:21.826-04:00,-3310.546875,-13.346945
2026-08-25T16:23:21.826-04:00,-3303.222656,-13.443199
2026-08-25T16:23:21.826-04:00,-3295.898438,-14.719338
2026-08-25T16:23:21.826-04:00,-3288.574219,-14.433510
2026-08-25T16:23:21.826-04:00,-3281.250000,-14.994354
2026-08-25T16:23:21.826-04:00,-3273.925781,-20.234951
2026-08-25T16:23:21.826-04:00,-3266.601562,-18.397844
2026-08-25T16:23:21.826-04:00,-3259.277344,-17.668474
2026-08-25T16:23:21.826-04:00,-3251.953125,-22.630482
2026-08-25T16:23:21.826-04:00,-3244.628906,-21.652023
2026-08-25T16:23:21.826-04:00,-3237.304688,-18.901043
2026-08-25T16:23:21.826-04:00,-3229.980469,-17.440397
2026-08-25T16:23:21.826-04:00,-3222.656250,-19.813753
2026-08-25T16:23:21.826-04:00,-3215.332031,-17.170992
2026-08-25T16:23:21.826-04:00,-3208.007812,-13.290926
2026-08-25T16:23:21.826-04:00,-3200.683594,-14.267982
2026-08-25T16:23:21.826-04:00,-3193.359375,-19.913462
2026-08-25T16:23:21.826-04:00,-3186.035156,-13.167924
2026-08-25T16:23:21.826-04:00,-3178.710938,-9.083821
2026-08-25T16:23:21.826-04:00,-3171.386719,-10.613097
2026-08-25T16:23:21.826-04:00,-3164.062500,-16.273540
2026-08-25T16:23:21.826-04:00,-3156.738281,-14.533966
2026-08-25T16:23:21.826-04:00,-3149.414062,-15.075749
2026-08-25T16:23:21.826-04:00,-3142.089844,-20.230000
2026-08-25T16:23:21.826-04:00,-3134.765625,-26.524723
2026-08-25T16:23:21.826-04:00,-3127.441406,-16.432234
2026-08-25T16:23:21.826-04:00,-3120.117188,-12.142975
2026-08-25T16:23:21.826-04:00,-3112.792969,-16.941778
2026-08-25T16:23:21.826-04:00,-3105.468750,-20.784254
2026-08-25T16:23:21.826-04:00,-3098.144531,-23.842670
2026-08-25T16:23:21.826-04:00,-3090.820312,-20.648481
2026-08-25T16:23:21.826-04:00,-3083.496094,-26.763918
2026-08-25T16:23:21.826-04:00,-3076.171875,-13.678427
2026-08-25T16:23:21.826-04:00,-3068.847656,-11.434038
2026-08-25T16:23:21.826-04:00,-3061.523438,-13.138437
2026-08-25T16:23:21.826-04:00,-3054.199219,-14.171144
2026-08-25T16:23:21.826-04:00,-3046.875000,-12.840151
2026-08-25T16:23:21.826-04:00,-3039.550781,-11.764134
2026-08-25T16:23:21.826-04:00,-3032.226562,-12.641565
2026-08-25T16:23:21.826-04:00,-3024.902344,-13.905745
2026-08-25T16:23:21.826-04:00,-3017.578125,-12.445175
2026-08-25T16:23:21.826-04:00,-3010.253906,-10.971401
2026-08-25T16:23:21.826-04:00,-3002.929688,-11.766916
2026-08-25T16:23:21.826-04:00,-2995.605469,-13.090277
2026-08-25T16:23:21.826-04:00,-2988.281250,-12.673882
2026-08-25T16:23:21.826-04:00,-2980.957031,-13.575459
2026-08-25T16:23:21.826-04:00,-2973.632812,-13.281765
2026-08-25T16:23:21.826-04:00,-2966.308594,-9.435138
2026-08-25T16:23:21.826-04:00,-2958.984375,-8.062371
2026-08-25T16:23:21.826-04:00,-2951.660156,-8.253920
2026-08-25T16:23:21.826-04:00,-2944.335938,-8.176868
2026-08-25T16:23:21.826-04:00,-2937.011719,-8.959944
2026-08-25T16:23:21.826-04:00,-2929.687500,-11.917996
2026-08-25T16:23:21.826-04:00,-2922.363281,-16.534519
2026-08-25T16:23:21.826-04:00,-2915.039062,-19.531862
2026-08-25T16:23:21.826-04:00,-2907.714844,-29.627834
2026-08-25T16:23:21.826-04:00,-2900.390625,-28.206055
2026-08-25T16:23:21.826-04:00,-2893.066406,-30.680075
2026-08-25T16:23:21.826-04:00,-2885.742188,-18.593439
2026-08-25T16:23:21.826-04:00,-2878.417969,-15.749530
2026-08-25T16:23:21.826-04:00,-2871.093750,-13.647347
2026-08-25T16:23:21.826-04:00,-2863.769531,-9.816636
2026-08-25T16:23:21.826-04:00,-2856.445312,-8.532428
2026-08-25T16:23:21.826-04:00,-2849.121094,-8.765444
2026-08-25T16:23:21.826-04:00,-2841.796875,-10.245802
2026-08-25T16:23:21.826-04:00,-2834.472656,-13.704185
2026-08-25T16:23:21.826-04:00,-2827.148438,-12.732420
2026-08-25T16:23:21.826-04:00,-2819.824219,-12.698680
2026-08-25T16:23:21.826-04:00,-2812.500000,-16.037819
2026-08-25T16:23:21.826-04:00,-2805.175781,-14.035713
2026-08-25T16:23:21.826-04:00,-2797.851562,-13.837063
2026-08-25T16:23:21.826-04:00,-2790.527344,-15.120501
2026-08-25T16:23:21.826-04:00,-2783.203125,-17.844776
2026-08-25T16:23:21.826-04:00,-2775.878906,-17.014669
2026-08-25T16:23:21.826-04:00,-2768.554688,-15.003214
2026-08-25T16:23:21.826-04:00,-2761.230469,-15.995755
2026-08-25T16:23:21.826-04:00,-2753.906250,-14.140035
2026-08-25T16:23:21.826-04:00,-2746.582031,-10.184079
2026-08-25T16:23:21.826-04:00,-2739.257812,-9.236552
2026-08-25T16:23:21.826-04:00,-2731.933594,-9.401134
2026-08-25T16:23:21.826-04:00,-2724.609375,-10.606748
2026-08-25T16:23:21.826-04:00,-2717.285156,-15.751358
2026-08-25T16:23:21.826-04:00,-2709.960938,-28.807396
2026-08-25T16:23:21.826-04:00,-2702.636719,-21.295832
2026-08-25T16:23:21.826-04:00,-2695.312500,-15.275118
2026-08-25T16:23:21.826-04:00,-2687.988281,-17.349138
2026-08-25T16:23:21.826-04:00,-2680.664062,-21.411503
2026-08-25T16:23:21.826-04:00,-2673.339844,-19.075512
2026-08-25T16:23:21.826-04:00,-2666.015625,-15.815616
2026-08-25T16:23:21.826-04:00,-2658.691406,-18.922884
2026-08-25T16:23:21.826-04:00,-2651.367188,-14.812532
2026-08-25T16:23:21.826-04:00,-2644.042969,-9.899555
2026-08-25T16:23:21.826-04:00,-2636.718750,-10.395494
2026-08-25T16:23:21.826-04:00,-2629.394531,-12.747738
2026-08-25T16:23:21.826-04:00,-2622.070312,-11.830093
2026-08-25T16:23:21.826-04:00,-2614.746094,-12.134763
2026-08-25T16:23:21.826-04:00,-2607.421875,-10.774809
2026-08-25T16:23:21.826-04:00,-2600.097656,-10.299173
2026-08-25T16:23:21.826-04:00,-2592.773438,-9.987331
2026-08-25T16:23:21.826-04:00,-2585.449219,-12.131620
2026-08-25T16:23:21.826-04:00,-2578.125000,-17.414310
2026-08-25T16:23:21.826-04:00,-2570.800781,-19.448719
2026-08-25T16:23:21.826-04:00,-2563.476562,-14.998408
2026-08-25T16:23:21.826-04:00,-2556.152344,-13.354198
2026-08-25T16:23:21.826-04:00,-2548.828125,-12.496723
2026-08-25T16:23:21.826-04:00,-2541.503906,-12.220606
2026-08-25T16:23:21.826-04:00,-2534.179688,-11.606774
2026-08-25T16:23:21.826-04:00,-2526.855469,-9.438140
2026-08-25T16:23:21.826-04:00,-2519.531250,-8.523909
2026-08-25T16:23:21.826-04:00,-2512.207031,-9.575410
2026-08-25T16:23:21.826-04:00,-2504.882812,-12.195486
2026-08-25T16:23:21.826-04:00,-2497.558594,-18.242619
2026-08-25T16:23:21.826-04:00,-2490.234375,-23.271570
2026-08-25T16:23:21.826-04:00,-2482.910156,-20.961216
2026-08-25T16:23:21.826-04:00,-2475.585938,-13.884863
2026-08-25T16:23:21.826-04:00,-2468.261719,-10.422432
2026-08-25T16:23:21.826-04:00,-2460.937500,-11.051412
2026-08-25T16:23:21.826-04:00,-2453.613281,-10.411280
2026-08-25T16:23:21.826-04:00,-2446.289062,-9.950755
2026-08-25T16:23:21.826-04:00,-2438.964844,-11.897423
2026-08-25T16:23:21.826-04:00,-2431.640625,-11.193055
2026-08-25T16:23:21.826-04:00,-2424.316406,-9.552430
2026-08-25T16:23:21.826-04:00,-2416.992188,-10.813576
2026-08-25T16:23:21.826-04:00,-2409.667969,-13.307141
2026-08-25T16:23:21.826-04:00,-2402.343750,-14.430744
2026-08-25T16:23:21.826-04:00,-2395.019531,-17.120960
2026-08-25T16:23:21.826-04:00,-2387.695312,-15.411301
2026-08-25T16:23:21.826-04:00,-2380.371094,-15.190847
2026-08-25T16:23:21.826-04:00,-2373.046875,-19.541515
2026-08-25T16:23:21.826-04:00,-2365.722656,-20.922424
2026-08-25T16:23:21.826-04:00,-2358.398438,-24.005526
2026-08-25T16:23:21.826-04:00,-2351.074219,-26.635105
2026-08-25T16:23:21.826-04:00,-2343.750000,-23.760777
2026-08-25T16:23:21.826-04:00,-2336.425781,-12.796465
2026-08-25T16:23:21.826-04:00,-2329.101562,-9.182297
2026-08-25T16:23:21.826-04:00,-2321.777344,-9.791182
2026-08-25T16:23:21.826-04:00,-2314.453125,-11.653413
2026-08-25T16:23:21.826-04:00,-2307.128906,-12.936523
2026-08-25T16:23:21.826-04:00,-2299.804688,-15.055925
2026-08-25T16:23:21.826-04:00,-2292.480469,-17.341278
2026-08-25T16:23:21.826-04:00,-2285.156250,-13.428211
2026-08-25T16:23:21.826-04:00,-2277.832031,-14.079613
2026-08-25T16:23:21.826-04:00,-2270.507812,-19.063770
2026-08-25T16:23:21.826-04:00,-2263.183594,-16.914797
2026-08-25T16:23:21.826-04:00,-2255.859375,-10.206276
2026-08-25T16:23:21.826-04:00,-2248.535156,-8.572580
2026-08-25T16:23:21.826-04:00,-2241.210938,-12.175545
2026-08-25T16:23:21.826-04:00,-2233.886719,-15.955002
2026-08-25T16:23:21.826-04:00,-2226.562500,-14.217625
2026-08-25T16:23:21.826-04:00,-2219.238281,-15.639847
2026-08-25T16:23:21.826-04:00,-2211.914062,-17.598238
2026-08-25T16:23:21.826-04:00,-2204.589844,-14.478564
2026-08-25T16:23:21.826-04:00,-2197.265625,-15.859723
2026-08-25T16:23:21.826-04:00,-2189.941406,-24.450928
2026-08-25T16:23:21.826-04:00,-2182.617188,-28.574268
2026-08-25T16:23:21.826-04:00,-2175.292969,-16.210348
2026-08-25T16:23:21.826-04:00,-2167.968750,-11.112562
2026-08-25T16:23:21.826-04:00,-2160.644531,-10.741748
2026-08-25T16:23:21.826-04:00,-2153.320312,-15.591129
2026-08-25T16:23:21.826-04:00,-2145.996094,-30.800238
2026-08-25T16:23:21.826-04:00,-2138.671875,-31.959543
2026-08-25T16:23:21.826-04:00,-2131.347656,-33.307030
2026-08-25T16:23:21.826-04:00,-2124.023438,-18.063274
2026-08-25T16:23:21.826-04:00,-2116.699219,-14.573196
2026-08-25T16:23:21.826-04:00,-2109.375000,-12.318602
2026-08-25T16:23:21.826-04:00,-2102.050781,-12.602073
2026-08-25T16:23:21.826-04:00,-2094.726562,-18.979267
2026-08-25T16:23:21.826-04:00,-2087.402344,-24.910267
2026-08-25T16:23:21.826-04:00,-2080.078125,-18.935349
2026-08-25T16:23:21.826-04:00,-2072.753906,-14.359838
2026-08-25T16:23:21.826-04:00,-2065.429688,-12.761440
2026-08-25T16:23:21.826-04:00,-2058.105469,-14.742397
2026-08-25T16:23:21.826-04:00,-2050.781250,-18.594908
2026-08-25T16:23:21.826-04:00,-2043.457031,-19.600239
2026-08-25T16:23:21.826-04:00,-2036.132812,-14.864761
2026-08-25T16:23:21.826-04:00,-2028.808594,-10.830865
2026-08-25T16:23:21.826-04:00,-2021.484375,-12.310423
2026-08-25T16:23:21.826-04:00,-2014.160156,-13.758392
2026-08-25T16:23:21.826-04:00,-2006.835938,-12.091559
2026-08-25T16:23:21.826-04:00,-1999.511719,-12.226792
2026-08-25T16:23:21.826-04:00,-1992.187500,-15.709690
2026-08-25T16:23:21.826-04:00,-1984.863281,-26.066662
2026-08-25T16:23:21.826-04:00,-1977.539062,-19.405643
2026-08-25T16:23:21.826-04:00,-1970.214844,-23.665382
2026-08-25T16:23:21.826-04:00,-1962.890625,-28.212505
2026-08-25T16:23:21.826-04:00,-1955.566406,-18.034887
2026-08-25T16:23:21.826-04:00,-1948.242188,-15.974215
2026-08-25T16:23:21.826-04:00,-1940.917969,-15.245169
2026-08-25T16:23:21.826-04:00,-1933.593750,-19.193771
2026-08-25T16:23:21.826-04:00,-1926.269531,-20.683250
2026-08-25T16:23:21.826-04:00,-1918.945312,-20.756218
2026-08-25T16:23:21.826-04:00,-1911.621094,-17.873438
2026-08-25T16:23:21.826-04:00,-1904.296875,-12.255277
2026-08-25T16:23:21.826-04:00,-1896.972656,-9.505295
2026-08-25T16:23:21.826-04:00,-1889.648438,-8.845244
2026-08-25T16:23:21.826-04:00,-1882.324219,-10.107312
2026-08-25T16:23:21.826-04:00,-1875.000000,-14.560809
2026-08-25T16:23:21.826-04:00,-1867.675781,-22.468985
2026-08-25T16:23:21.826-04:00,-1860.351562,-21.411524
2026-08-25T16:23:21.826-04:00,-1853.027344,-14.223843
2026-08-25T16:23:21.826-04:00,-1845.703125,-12.078513
2026-08-25T16:23:21.826-04:00,-1838.378906,-13.322304
2026-08-25T16:23:21.826-04:00,-1831.054688,-16.296745
2026-08-25T16:23:21.826-04:00,-1823.730469,-18.142673
2026-08-25T16:23:21.826-04:00,-1816.406250,-21.677380
2026-08-25T16:23:21.826-04:00,-1809.082031,-12.532855
2026-08-25T16:23:21.826-04:00,-1801.757812,-9.583474
2026-08-25T16:23:21.826-04:00,-1794.433594,-12.559645
2026-08-25T16:23:21.826-04:00,-1787.109375,-16.034681
2026-08-25T16:23:21.826-04:00,-1779.785156,-21.326019
2026-08-25T16:23:21.826-04:00,-1772.460938,-15.374733
2026-08-25T16:23:21.826-04:00,-1765.136719,-15.781191
2026-08-25T16:23:21.826-04:00,-1757.812500,-18.279593
2026-08-25T16:23:21.826-04:00,-1750.488281,-13.800585
2026-08-25T16:23:21.826-04:00,-1743.164062,-14.230765
2026-08-25T16:23:21.826-04:00,-1735.839844,-16.619308
2026-08-25T16:23:21.826-04:00,-1728.515625,-14.445742
2026-08-25T16:23:21.826-04:00,-1721.191406,-11.684448
2026-08-25T16:23:21.826-04:00,-1713.867188,-13.808804
2026-08-25T16:23:21.826-04:00,-1706.542969,-22.807961
2026-08-25T16:23:21.826-04:00,-1699.218750,-34.495369
2026-08-25T16:23:21.826-04:00,-1691.894531,-24.271229
2026-08-25T16:23:21.826-04:00,-1684.570312,-17.967438
2026-08-25T16:23:21.826-04:00,-1677.246094,-15.438480
2026-08-25T16:23:21.826-04:00,-1669.921875,-14.500364
2026-08-25T16:23:21.826-04:00,-1662.597656,-15.355233
2026-08-25T16:23:21.826-04:00,-1655.273438,-19.249575
2026-08-25T16:23:21.826-04:00,-1647.949219,-16.692678
2026-08-25T16:23:21.826-04:00,-1640.625000,-15.687584
2026-08-25T16:23:21.826-04:00,-1633.300781,-16.965342
2026-08-25T16:23:21.826-04:00,-1625.976562,-19.048229
2026-08-25T16:23:21.826-04:00,-1618.652344,-21.327913
2026-08-25T16:23:21.826-04:00,-1611.328125,-17.833050
2026-08-25T16:23:21.826-04:00,-1604.003906,-19.374153
2026-08-25T16:23:21.826-04:00,-1596.679688,-19.280201
2026-08-25T16:23:21.826-04:00,-1589.355469,-10.720133
2026-08-25T16:23:21.826-04:00,-1582.031250,-12.332238
2026-08-25T16:23:21.826-04:00,-1574.707031,-17.593254
2026-08-25T16:23:21.826-04:00,-1567.382812,-17.545753
2026-08-25T16:23:21.826-04:00,-1560.058594,-22.042524
2026-08-25T16:23:21.826-04:00,-1552.734375,-27.457729
2026-08-25T16:23:21.826-04:00,-1545.410156,-17.006527
2026-08-25T16:23:21.826-04:00,-1538.085938,-15.337416
2026-08-25T16:23:21.826-04:00,-1530.761719,-18.225891
2026-08-25T16:23:21.826-04:00,-1523.437500,-24.492100
2026-08-25T16:23:21.826-04:00,-1516.113281,-30.473900
2026-08-25T16:23:21.826-04:00,-1508.789062,-22.599592
2026-08-25T16:23:21.826-04:00,-1501.464844,-19.110666
2026-08-25T16:23:21.826-04:00,-1494.140625,-22.560242
2026-08-25T16:23:21.826-04:00,-1486.816406,-21.156008
2026-08-25T16:23:21.826-04:00,-1479.492188,-13.116026
2026-08-25T16:23:21.826-04:00,-1472.167969,-10.525918
2026-08-25T16:23:21.826-04:00,-1464.843750,-12.425234
2026-08-25T16:23:21.826-04:00,-1457.519531,-11.247178
2026-08-25T16:23:21.826-04:00,-1450.195312,-10.956627
2026-08-25T16:23:21.826-04:00,-1442.871094,-15.275232
2026-08-25T16:23:21.826-04:00,-1435.546875,-19.257921
2026-08-25T16:23:21.826-04:00,-1428.222656,-19.375517
2026-08-25T16:23:21.826-04:00,-1420.898438,-18.126171
2026-08-25T16:23:21.826-04:00,-1413.574219,-19.420582
2026-08-25T16:23:21.826-04:00,-1406.250000,-19.093758
2026-08-25T16:23:21.826-04:00,-1398.925781,-19.297979
2026-08-25T16:23:21.826-04:00,-1391.601562,-21.589573
2026-08-25T16:23:21.826-04:00,-1384.277344,-17.784771
2026-08-25T16:23:21.826-04:00,-1376.953125,-13.154629
2026-08-25T16:23:21.826-04:00,-1369.628906,-9.510028
2026-08-25T16:23:21.826-04:00,-1362.304688,-8.561735
2026-08-25T16:23:21.826-04:00,-1354.980469,-9.344810
2026-08-25T16:23:21.826-04:00,-1347.656250,-11.053562
2026-08-25T16:23:21.826-04:00,-1340.332031,-16.476252
2026-08-25T16:23:21.826-04:00,-1333.007812,-22.407185
2026-08-25T16:23:21.826-04:00,-1325.683594,-14.191499
2026-08-25T16:23:21.826-04:00,-1318.359375,-11.372320
2026-08-25T16:23:21.826-04:00,-1311.035156,-10.854620
2026-08-25T16:23:21.826-04:00,-1303.710938,-14.809585
2026-08-25T16:23:21.826-04:00,-1296.386719,-21.236729
2026-08-25T16:23:21.826-04:00,-1289.062500,-23.297134
2026-08-25T16:23:21.826-04:00,-1281.738281,-15.518950
2026-08-25T16:23:21.826-04:00,-1274.414062,-16.687939
2026-08-25T16:23:21.826-04:00,-1267.089844,-27.563580
2026-08-25T16:23:21.826-04:00,-1259.765625,-31.033785
2026-08-25T16:23:21.826-04:00,-1252.441406,-18.355137
2026-08-25T16:23:21.826-04:00,-1245.117188,-15.779456
2026-08-25T16:23:21.826-04:00,-1237.792969,-25.257895
2026-08-25T16:23:21.826-04:00,-1230.468750,-19.805765
2026-08-25T16:23:21.826-04:00,-1223.144531,-12.848954
2026-08-25T16:23:21.826-04:00,-1215.820312,-11.594580
2026-08-25T16:23:21.826-04:00,-1208.496094,-12.625223
2026-08-25T16:23:21.826-04:00,-1201.171875,-10.486995
2026-08-25T16:23:21.826-04:00,-1193.847656,-10.617125
2026-08-25T16:23:21.826-04:00,-1186.523438,-18.701302
2026-08-25T16:23:21.826-04:00,-1179.199219,-21.716293
2026-08-25T16:23:21.826-04:00,-1171.875000,-22.124655
2026-08-25T16:23:21.826-04:00,-1164.550781,-35.662090
2026-08-25T16:23:21.826-04:00,-1157.226562,-24.071959
2026-08-25T16:23:21.826-04:00,-1149.902344,-25.305771
2026-08-25T16:23:21.826-04:00,-1142.578125,-13.505915
2026-08-25T16:23:21.826-04:00,-1135.253906,-14.975382
2026-08-25T16:23:21.826-04:00,-1127.929688,-25.939714
2026-08-25T16:23:21.826-04:00,-1120.605469,-22.294109
2026-08-25T16:23:21.826-04:00,-1113.281250,-24.755266
2026-08-25T16:23:21.826-04:00,-1105.957031,-24.864376
2026-08-25T16:23:21.826-04:00,-1098.632812,-18.738697
2026-08-25T16:23:21.826-04:00,-1091.308594,-15.260697
2026-08-25T16:23:21.826-04:00,-1083.984375,-16.645117
2026-08-25T16:23:21.826-04:00,-1076.660156,-18.584764
2026-08-25T16:23:21.826-04:00,-1069.335938,-18.941578
2026-08-25T16:23:21.826-04:00,-1062.011719,-26.488867
2026-08-25T16:23:21.826-04:00,-1054.687500,-15.281095
2026-08-25T16:23:21.826-04:00,-1047.363281,-17.934654
2026-08-25T16:23:21.826-04:00,-1040.039062,-13.621416
2026-08-25T16:23:21.826-04:00,-1032.714844,-18.039486
2026-08-25T16:23:21.826-04:00,-1025.390625,-22.808701
2026-08-25T16:23:21.826-04:00,-1018.066406,-15.101422
2026-08-25T16:23:21.826-04:00,-1010.742188,-12.858664
2026-08-25T16:23:21.826-04:00,-1003.417969,-9.327878
2026-08-25T16:23:21.826-04:00,-996.093750,-10.827559
2026-08-25T16:23:21.826-04:00,-988.769531,-14.989254
2026-08-25T16:23:21.826-04:00,-981.445312,-16.657331
2026-08-25T16:23:21.826-04:00,-974.121094,-27.554482
2026-08-25T16:23:21.826-04:00,-966.796875,-19.334610
2026-08-25T16:23:21.826-04:00,-959.472656,-17.431620
2026-08-25T16:23:21.826-04:00,-952.148438,-19.607117
2026-08-25T16:23:21.826-04:00,-944.824219,-18.788271
2026-08-25T16:23:21.826-04:00,-937.500000,-11.091233
2026-08-25T16:23:21.826-04:00,-930.175781,-7.853129
2026-08-25T16:23:21.826-04:00,-922.851562,-10.065032
2026-08-25T16:23:21.826-04:00,-915.527344,-16.833012
2026-08-25T16:23:21.826-04:00,-908.203125,-23.443863
2026-08-25T16:23:21.826-04:00,-900.878906,-16.521278
2026-08-25T16:23:21.826-04:00,-893.554688,-17.138052
2026-08-25T16:23:21.826-04:00,-886.230469,-25.646961
2026-08-25T16:23:21.826-04:00,-878.906250,-22.068996
2026-08-25T16:23:21.826-04:00,-871.582031,-17.930553
2026-08-25T16:23:21.826-04:00,-864.257812,-23.172834
2026-08-25T16:23:21.826-04:00,-856.933594,-15.741331
2026-08-25T16:23:21.826-04:00,-849.609375,-15.548497
2026-08-25T16:23:21.826-04:00,-842.285156,-11.409570
2026-08-25T16:23:21.826-04:00,-834.960938,-14.640151
2026-08-25T16:23:21.826-04:00,-827.636719,-24.078384
2026-08-25T16:23:21.826-04:00,-820.312500,-20.597321
2026-08-25T16:23:21.826-04:00,-812.988281,-23.299244
2026-08-25T16:23:21.826-04:00,-805.664062,-16.795570
2026-08-25T16:23:21.826-04:00,-798.339844,-13.792990
2026-08-25T16:23:21.826-04:00,-791.015625,-11.885338
2026-08-25T16:23:21.826-04:00,-783.691406,-14.819423
2026-08-25T16:23:21.826-04:00,-776.367188,-14.073721
2026-08-25T16:23:21.826-04:00,-769.042969,-14.635290
2026-08-25T16:23:21.826-04:00,-761.718750,-22.091208
2026-08-25T16:23:21.826-04:00,-754.394531,-20.121960
2026-08-25T16:23:21.826-04:00,-747.070312,-20.784149
2026-08-25T16:23:21.826-04:00,-739.746094,-20.968975
2026-08-25T16:23:21.826-04:00,-732.421875,-23.778316
2026-08-25T16:23:21.826-04:00,-725.097656,-25.394032
2026-08-25T16:23:21.826-04:00,-717.773438,-17.616632
2026-08-25T16:23:21.826-04:00,-710.449219,-10.726835
2026-08-25T16:23:21.826-04:00,-703.125000,-12.653174
2026-08-25T16:23:21.826-04:00,-695.800781,-36.339016
2026-08-25T16:23:21.826-04:00,-688.476562,-14.301369
2026-08-25T16:23:21.826-04:00,-681.152344,-14.264217
2026-08-25T16:23:21.826-04:00,-673.828125,-18.512943
2026-08-25T16:23:21.826-04:00,-666.503906,-11.652175
2026-08-25T16:23:21.826-04:00,-659.179688,-10.102915
2026-08-25T16:23:21.826-04:00,-651.855469,-13.498171
2026-08-25T16:23:21.826-04:00,-644.531250,-16.984821
2026-08-25T16:23:21.826-04:00,-637.207031,-13.278322
2026-08-25T16:23:21.826-04:00,-629.882812,-18.706177
2026-08-25T16:23:21.826-04:00,-622.558594,-18.777615
2026-08-25T16:23:21.826-04:00,-615.234375,-13.875543
2026-08-25T16:23:21.826-04:00,-607.910156,-14.854309
2026-08-25T16:23:21.826-04:00,-600.585938,-13.860163
2026-08-25T16:23:21.826-04:00,-593.261719,-12.186880
2026-08-25T16:23:21.826-04:00,-585.937500,-16.438257
2026-08-25T16:23:21.826-04:00,-578.613281,-17.277773
2026-08-25T16:23:21.826-04:00,-571.289062,-11.626262
2026-08-25T16:23:21.826-04:00,-563.964844,-11.934572
2026-08-25T16:23:21.826-04:00,-556.640625,-15.560186
2026-08-25T16:23:21.826-04:00,-549.316406,-23.842737
2026-08-25T16:23:21.826-04:00,-541.992188,-24.791576
2026-08-25T16:23:21.826-04:00,-534.667969,-22.255474
2026-08-25T16:23:21.826-04:00,-527.343750,-22.152634
2026-08-25T16:23:21.826-04:00,-520.019531,-20.638042
2026-08-25T16:23:21.826-04:00,-512.695312,-15.217268
2026-08-25T16:23:21.826-04:00,-505.371094,-13.505865
2026-08-25T16:23:21.826-04:00,-498.046875,-13.782312
2026-08-25T16:23:21.826-04:00,-490.722656,-15.104694
2026-08-25T16:23:21.826-04:00,-483.398438,-18.544016
2026-08-25T16:23:21.826-04:00,-476.074219,-18.082127
2026-08-25T16:23:21.826-04:00,-468.750000,-14.590739
2026-08-25T16:23:21.826-04:00,-461.425781,-13.486477
2026-08-25T16:23:21.826-04:00,-454.101562,-17.416519
2026-08-25T16:23:21.826-04:00,-446.777344,-17.471869
2026-08-25T16:23:21.826-04:00,-439.453125,-15.964222
2026-08-25T16:23:21.826-04:00,-432.128906,-15.182777
2026-08-25T16:23:21.826-04:00,-424.804688,-13.158295
2026-08-25T16:23:21.826-04:00,-417.480469,-13.612707
2026-08-25T16:23:21.826-04:00,-410.156250,-14.605832
2026-08-25T16:23:21.826-04:00,-402.832031,-14.313487
2026-08-25T16:23:21.826-04:00,-395.507812,-15.728836
2026-08-25T16:23:21.826-04:00,-388.183594,-23.047544
2026-08-25T16:23:21.826-04:00,-380.859375,-27.450092
2026-08-25T16:23:21.826-04:00,-373.535156,-17.027014
2026-08-25T16:23:21.826-04:00,-366.210938,-17.571636
2026-08-25T16:23:21.826-04:00,-358.886719,-21.195507
2026-08-25T16:23:21.826-04:00,-351.562500,-16.103092
2026-08-25T16:23:21.826-04:00,-344.238281,-14.743502
2026-08-25T16:23:21.826-04:00,-336.914062,-19.293140
2026-08-25T16:23:21.826-04:00,-329.589844,-21.050056
2026-08-25T16:23:21.826-04:00,-322.265625,-15.753163
2026-08-25T16:23:21.826-04:00,-314.941406,-17.008806
2026-08-25T16:23:21.826-04:00,-307.617188,-19.455105
2026-08-25T16:23:21.826-04:00,-300.292969,-24.651142
2026-08-25T16:23:21.826-04:00,-292.968750,-22.535669
2026-08-25T16:23:21.826-04:00,-285.644531,-21.758945
2026-08-25T16:23:21.826-04:00,-278.320312,-16.135279
2026-08-25T16:23:21.826-04:00,-270.996094,-18.997246
2026-08-25T16:23:21.826-04:00,-263.671875,-22.710096
2026-08-25T16:23:21.826-04:00,-256.347656,-17.774319
2026-08-25T16:23:21.826-04:00,-249.023438,-15.490533
2026-08-25T16:23:21.826-04:00,-241.699219,-26.759722
2026-08-25T16:23:21.826-04:00,-234.375000,-19.556982
2026-08-25T16:23:21.826-04:00,-227.050781,-18.794230
2026-08-25T16:23:21.826-04:00,-219.726562,-14.136080
2026-08-25T16:23:21.826-04:00,-212.402344,-14.085771
2026-08-25T16:23:21.826-04:00,-205.078125,-16.196003
2026-08-25T16:23:21.826-04:00,-197.753906,-14.770687
2026-08-25T16:23:21.826-04:00,-190.429688,-16.310459
2026-08-25T16:23:21.826-04:00,-183.105469,-19.374392
2026-08-25T16:23:21.826-04:00,-175.781250,-23.542702
2026-08-25T16:23:21.826-04:00,-168.457031,-36.186501
2026-08-25T16:23:21.826-04:00,-161.132812,-34.416424
2026-08-25T16:23:21.826-04:00,-153.808594,-25.364944
2026-08-25T16:23:21.826-04:00,-146.484375,-25.110867
2026-08-25T16:23:21.826-04:00,-139.160156,-12.247864
2026-08-25T16:23:21.826-04:00,-131.835938,-10.015936
2026-08-25T16:23:21.826-04:00,-124.511719,-10.547056
2026-08-25T16:23:21.826-04:00,-117.187500,-11.777221
2026-08-25T16:23:21.826-04:00,-109.863281,-14.212750
2026-08-25T16:23:21.826-04:00,-102.539062,-16.760332
2026-08-25T16:23:21.826-04:00,-95.214844,-24.654177
2026-08-25T16:23:21.826-04:00,-87.890625,-21.693768
2026-08-25T16:23:21.826-04:00,-80.566406,-16.769577
2026-08-25T16:23:21.826-04:00,-73.242188,-13.560051
2026-08-25T16:23:21.826-04:00,-65.917969,-12.440896
2026-08-25T16:23:21.826-04:00,-58.593750,-14.895323
2026-08-25T16:23:21.826-04:00,-51.269531,-19.632952
2026-08-25T16:23:21.826-04:00,-43.945312,-18.420256
2026-08-25T16:23:21.826-04:00,-36.621094,-12.954122
2026-08-25T16:23:21.826-04:00,-29.296875,-12.000442
2026-08-25T16:23:21.826-04:00,-21.972656,-13.697105
2026-08-25T16:23:21.826-04:00,-14.648438,-13.457183
2026-08-25T16:23:21.826-04:00,-7.324219,-16.105255
2026-08-25T16:23:21.826-04:00,0.000000,-24.139051
2026-08-25T16:23:21.826-04:00,7.324219,-30.038061
2026-08-25T16:23:21.826-04:00,14.648438,-14.860717
2026-08-25T16:23:21.826-04:00,21.972656,-11.044235
2026-08-25T16:23:21.826-04:00,29.296875,-11.232420
2026-08-25T16:23:21.826-04:00,36.621094,-11.066695
2026-08-25T16:23:21.826-04:00,43.945312,-10.236031
2026-08-25T16:23:21.826-04:00,51.269531,-14.060244
2026-08-25T16:23:21.826-04:00,58.593750,-28.438433
2026-08-25T16:23:21.826-04:00,65.917969,-21.274963
2026-08-25T16:23:21.826-04:00,73.242188,-15.944689
2026-08-25T16:23:21.826-04:00,80.566406,-11.382340
2026-08-25T16:23:21.826-04:00,87.890625,-13.006516
2026-08-25T16:23:21.826-04:00,95.214844,-13.948515
2026-08-25T16:23:21.826-04:00,102.539062,-14.775936
2026-08-25T16:23:21.826-04:00,109.863281,-15.539186
2026-08-25T16:23:21.826-04:00,117.187500,-14.227704
2026-08-25T16:23:21.826-04:00,124.511719,-16.861326
2026-08-25T16:23:21.826-04:00,131.835938,-15.052464
2026-08-25T16:23:21.826-04:00,139.160156,-16.237240
2026-08-25T16:23:21.826-04:00,146.484375,-18.085653
2026-08-25T16:23:21.826-04:00,153.808594,-30.800762
2026-08-25T16:23:21.826-04:00,161.132812,-20.728561
2026-08-25T16:23:21.826-04:00,168.457031,-19.348734
2026-08-25T16:23:21.826-04:00,175.781250,-22.449577
2026-08-25T16:23:21.826-04:00,183.105469,-26.461832
2026-08-25T16:23:21.826-04:00,190.429688,-14.361113
2026-08-25T16:23:21.826-04:00,197.753906,-11.667633
2026-08-25T16:23:21.826-04:00,205.078125,-17.030300
2026-08-25T16:23:21.826-04:00,212.402344,-18.495331
2026-08-25T16:23:21.826-04:00,219.726562,-13.983403
2026-08-25T16:23:21.826-04:00,227.050781,-14.899345
2026-08-25T16:23:21.826-04:00,234.375000,-19.622210
2026-08-25T16:23:21.826-04:00,241.699219,-18.418831
2026-08-25T16:23:21.826-04:00,249.023438,-14.588051
2026-08-25T16:23:21.826-04:00,256.347656,-14.638552
2026-08-25T16:23:21.826-04:00,263.671875,-13.170098
2026-08-25T16:23:21.826-04:00,270.996094,-10.415268
2026-08-25T16:23:21.826-04:00,278.320312,-12.267048
2026-08-25T16:23:21.826-04:00,285.644531,-17.340235
2026-08-25T16:23:21.826-04:00,292.968750,-19.776957
2026-08-25T16:23:21.826-04:00,300.292969,-18.325470
2026-08-25T16:23:21.826-04:00,307.617188,-16.490606
2026-08-25T16:23:21.826-04:00,314.941406,-14.045233
2026-08-25T16:23:21.826-04:00,322.265625,-13.378362
2026-08-25T16:23:21.826-04:00,329.589844,-13.971266
2026-08-25T16:23:21.826-04:00,336.914062,-15.764465
2026-08-25T16:23:21.826-04:00,344.238281,-15.734162
2026-08-25T16:23:21.826-04:00,351.562500,-13.801716
2026-08-25T16:23:21.826-04:00,358.886719,-15.083632
2026-08-25T16:23:21.826-04:00,366.210938,-16.603569
2026-08-25T16:23:21.826-04:00,373.535156,-21.049400
2026-08-25T16:23:21.826-04:00,380.859375,-18.340662
2026-08-25T16:23:21.826-04:00,388.183594,-10.115883
2026-08-25T16:23:21.826-04:00,395.507812,-9.171334
2026-08-25T16:23:21.826-04:00,402.832031,-10.799782
2026-08-25T16:23:21.826-04:00,410.156250,-12.839783
2026-08-25T16:23:21.826-04:00,417.480469,-14.605995
2026-08-25T16:23:21.826-04:00,424.804688,-18.447466
2026-08-25T16:23:21.826-04:00,432.128906,-17.757843
2026-08-25T16:23:21.826-04:00,439.453125,-14.146788
2026-08-25T16:23:21.826-04:00,446.777344,-19.130690
2026-08-25T16:23:21.826-04:00,454.101562,-18.754862
2026-08-25T16:23:21.826-04:00,461.425781,-12.590078
2026-08-25T16:23:21.826-04:00,468.750000,-16.928307
2026-08-25T16:23:21.826-04:00,476.074219,-26.599018
2026-08-25T16:23:21.826-04:00,483.398438,-18.137203
2026-08-25T16:23:21.826-04:00,490.722656,-14.749197
2026-08-25T16:23:21.826-04:00,498.046875,-14.284784
2026-08-25T16:23:21.826-04:00,505.371094,-14.119518
2026-08-25T16:23:21.826-04:00,512.695312,-17.139000
2026-08-25T16:23:21.826-04:00,520.019531,-18.207840
2026-08-25T16:23:21.826-04:00,527.343750,-15.425735
2026-08-25T16:23:21.826-04:00,534.667969,-21.105938
2026-08-25T16:23:21.826-04:00,541.992188,-18.214739
2026-08-25T16:23:21.826-04:00,549.316406,-12.066225
2026-08-25T16:23:21.826-04:00,556.640625,-10.987569
2026-08-25T16:23:21.826-04:00,563.964844,-11.561952
2026-08-25T16:23:21.826-04:00,571.289062,-13.952190
2026-08-25T16:23:21.826-04:00,578.613281,-17.859398
2026-08-25T16:23:21.826-04:00,585.937500,-19.688801
2026-08-25T16:23:21.826-04:00,593.261719,-21.737331
2026-08-25T16:23:21.826-04:00,600.585938,-23.541376
2026-08-25T16:23:21.826-04:00,607.910156,-18.991926
2026-08-25T16:23:21.826-04:00,615.234375,-17.709450
2026-08-25T16:23:21.826-04:00,622.558594,-14.811092
2026-08-25T16:23:21.826-04:00,629.882812,-15.078587
2026-08-25T16:23:21.826-04:00,637.207031,-19.980242
2026-08-25T16:23:21.826-04:00,644.531250,-15.883695
2026-08-25T16:23:21.826-04:00,651.855469,-12.171830
2026-08-25T16:23:21.826-04:00,659.179688,-12.825914
2026-08-25T16:23:21.826-04:00,666.503906,-15.052119
2026-08-25T16:23:21.826-04:00,673.828125,-16.491972
2026-08-25T16:23:21.826-04:00,681.152344,-16.093933
2026-08-25T16:23:21.826-04:00,688.476562,-15.630173
2026-08-25T16:23:21.826-04:00,695.800781,-16.564238
2026-08-25T16:23:21.826-04:00,703.125000,-14.749452
2026-08-25T16:23:21.826-04:00,710.449219,-19.428917
2026-08-25T16:23:21.826-04:00,717.773438,-20.526045
2026-08-25T16:23:21.826-04:00,725.097656,-13.484060
2026-08-25T16:23:21.826-04:00,732.421875,-12.588667
2026-08-25T16:23:21.826-04:00,739.746094,-14.336851
2026-08-25T16:23:21.826-04:00,747.070312,-26.994131
2026-08-25T16:23:21.826-04:00,754.394531,-13.136217
2026-08-25T16:23:21.826-04:00,761.718750,-10.114698
2026-08-25T16:23:21.826-04:00,769.042969,-12.191446
2026-08-25T16:23:21.826-04:00,776.367188,-16.176531
2026-08-25T16:23:21.826-04:00,783.691406,-16.230909
2026-08-25T16:23:21.826-04:00,791.015625,-14.043356
2026-08-25T16:23:21.826-04:00,798.339844,-18.129797
2026-08-25T16:23:21.826-04:00,805.664062,-12.131082
2026-08-25T16:23:21.826-04:00,812.988281,-10.291655
2026-08-25T16:23:21.826-04:00,820.312500,-11.471256
2026-08-25T16:23:21.826-04:00,827.636719,-11.480908
2026-08-25T16:23:21.826-04:00,834.960938,-13.329185
2026-08-25T16:23:21.826-04:00,842.285156,-17.164047
2026-08-25T16:23:21.826-04:00,849.609375,-17.084324
2026-08-25T16:23:21.826-04:00,856.933594,-15.837339
2026-08-25T16:23:21.826-04:00,864.257812,-14.933319
2026-08-25T16:23:21.826-04:00,871.582031,-14.540020
2026-08-25T16:23:21.826-04:00,878.906250,-14.320569
2026-08-25T16:23:21.826-04:00,886.230469,-12.103213
2026-08-25T16:23:21.826-04:00,893.554688,-11.226919
2026-08-25T16:23:21.826-04:00,900.878906,-14.864211
2026-08-25T16:23:21.826-04:00,908.203125,-14.450974
2026-08-25T16:23:21.826-04:00,915.527344,-11.531525
2026-08-25T16:23:21.826-04:00,922.851562,-10.137054
2026-08-25T16:23:21.826-04:00,930.175781,-7.135343
2026-08-25T16:23:21.826-04:00,937.500000,-8.922387
2026-08-25T16:23:21.826-04:00,944.824219,-19.876783
2026-08-25T16:23:21.826-04:00,952.148438,-17.783945
2026-08-25T16:23:21.826-04:00,959.472656,-17.530415
2026-08-25T16:23:21.826-04:00,966.796875,-26.004040
2026-08-25T16:23:21.826-04:00,974.121094,-22.812613
2026-08-25T16:23:21.826-04:00,981.445312,-23.847649
2026-08-25T16:23:21.826-04:00,988.769531,-20.899071
2026-08-25T16:23:21.826-04:00,996.093750,-22.971048
2026-08-25T16:23:21.826-04:00,1003.417969,-26.579304
2026-08-25T16:23:21.826-04:00,1010.742188,-28.898148
2026-08-25T16:23:21.826-04:00,1018.066406,-16.917831
2026-08-25T16:23:21.826-04:00,1025.390625,-12.120508
2026-08-25T16:23:21.826-04:00,1032.714844,-10.956012
2026-08-25T16:23:21.826-04:00,1040.039062,-11.345665
2026-08-25T16:23:21.826-04:00,1047.363281,-14.292704
2026-08-25T16:23:21.826-04:00,1054.687500,-29.829655
2026-08-25T16:23:21.826-04:00,1062.011719,-13.025145
2026-08-25T16:23:21.826-04:00,1069.335938,-11.172392
2026-08-25T16:23:21.826-04:00,1076.660156,-19.174700
2026-08-25T16:23:21.826-04:00,1083.984375,-21.308216
2026-08-25T16:23:21.826-04:00,1091.308594,-15.663998
2026-08-25T16:23:21.826-04:00,1098.632812,-14.215442
2026-08-25T16:23:21.826-04:00,1105.957031,-14.069025
2026-08-25T16:23:21.826-04:00,1113.281250,-16.478319
2026-08-25T16:23:21.826-04:00,1120.605469,-27.592508
2026-08-25T16:23:21.826-04:00,1127.929688,-20.597355
2026-08-25T16:23:21.826-04:00,1135.253906,-19.409473
2026-08-25T16:23:21.826-04:00,1142.578125,-19.407539
2026-08-25T16:23:21.826-04:00,1149.902344,-11.692180
2026-08-25T16:23:21.826-04:00,1157.226562,-10.755651
2026-08-25T16:23:21.826-04:00,1164.550781,-16.263252
2026-08-25T16:23:21.826-04:00,1171.875000,-22.380394
2026-08-25T16:23:21.826-04:00,1179.199219,-24.892906
2026-08-25T16:23:21.826-04:00,1186.523438,-25.171919
2026-08-25T16:23:21.826-04:00,1193.847656,-20.674963
2026-08-25T16:23:21.826-04:00,1201.171875,-19.025936
2026-08-25T16:23:21.826-04:00,1208.496094,-23.374586
2026-08-25T16:23:21.826-04:00,1215.820312,-32.507217
2026-08-25T16:23:21.826-04:00,1223.144531,-24.043552
2026-08-25T16:23:21.826-04:00,1230.468750,-17.679251
2026-08-25T16:23:21.826-04:00,1237.792969,-19.323109
2026-08-25T16:23:21.826-04:00,1245.117188,-23.282240
2026-08-25T16:23:21.826-04:00,1252.441406,-21.186356
2026-08-25T16:23:21.826-04:00,1259.765625,-13.263817
2026-08-25T16:23:21.826-04:00,1267.089844,-13.013124
2026-08-25T16:23:21.826-04:00,1274.414062,-18.990696
2026-08-25T16:23:21.826-04:00,1281.738281,-24.847595
2026-08-25T16:23:21.826-04:00,1289.062500,-23.114090
2026-08-25T16:23:21.826-04:00,1296.386719,-13.504730
2026-08-25T16:23:21.826-04:00,1303.710938,-11.720194
2026-08-25T16:23:21.826-04:00,1311.035156,-14.863733
2026-08-25T16:23:21.826-04:00,1318.359375,-22.698565
2026-08-25T16:23:21.826-04:00,1325.683594,-26.710985
2026-08-25T16:23:21.826-04:00,1333.007812,-24.792416
2026-08-25T16:23:21.826-04:00,1340.332031,-23.969957
2026-08-25T16:23:21.826-04:00,1347.656250,-20.299417
2026-08-25T16:23:21.826-04:00,1354.980469,-17.739023
2026-08-25T16:23:21.826-04:00,1362.304688,-15.514820
2026-08-25T16:23:21.826-04:00,1369.628906,-13.007321
2026-08-25T16:23:21.826-04:00,1376.953125,-16.271051
2026-08-25T16:23:21.826-04:00,1384.277344,-26.977074
2026-08-25T16:23:21.826-04:00,1391.601562,-18.002951
2026-08-25T16:23:21.826-04:00,1398.925781,-15.719281
2026-08-25T16:23:21.826-04:00,1406.250000,-14.224808
2026-08-25T16:23:21.826-04:00,1413.574219,-15.067330
2026-08-25T16:23:21.826-04:00,1420.898438,-15.344218
2026-08-25T16:23:21.826-04:00,1428.222656,-17.507874
2026-08-25T16:23:21.826-04:00,1435.546875,-21.866179
2026-08-25T16:23:21.826-04:00,1442.871094,-11.741601
2026-08-25T16:23:21.826-04:00,1450.195312,-8.884203
2026-08-25T16:23:21.826-04:00,1457.519531,-7.153907
2026-08-25T16:23:21.826-04:00,1464.843750,-6.361981
2026-08-25T16:23:21.826-04:00,1472.167969,-8.290667
2026-08-25T16:23:21.826-04:00,1479.492188,-16.904503
2026-08-25T16:23:21.826-04:00,1486.816406,-14.437145
2026-08-25T16:23:21.826-04:00,1494.140625,-10.381932
2026-08-25T16:23:21.826-04:00,1501.464844,-12.437912
2026-08-25T16:23:21.826-04:00,1508.789062,-18.816975
2026-08-25T16:23:21.826-04:00,1516.113281,-33.150154
2026-08-25T16:23:21.826-04:00,1523.437500,-30.947676
2026-08-25T16:23:21.826-04:00,1530.761719,-24.548471
2026-08-25T16:23:21.826-04:00,1538.085938,-29.172745
2026-08-25T16:23:21.826-04:00,1545.410156,-26.589138
2026-08-25T16:23:21.826-04:00,1552.734375,-19.994881
2026-08-25T16:23:21.826-04:00,1560.058594,-13.493294
2026-08-25T16:23:21.826-04:00,1567.382812,-10.300113
2026-08-25T16:23:21.826-04:00,1574.707031,-10.965967
2026-08-25T16:23:21.826-04:00,1582.031250,-18.744244
2026-08-25T16:23:21.826-04:00,1589.355469,-18.681873
2026-08-25T16:23:21.826-04:00,1596.679688,-11.588486
2026-08-25T16:23:21.826-04:00,1604.003906,-10.753616
2026-08-25T16:23:21.826-04:00,1611.328125,-11.416378
2026-08-25T16:23:21.826-04:00,1618.652344,-17.837992
2026-08-25T16:23:21.826-04:00,1625.976562,-17.440756
2026-08-25T16:23:21.826-04:00,1633.300781,-13.070711
2026-08-25T16:23:21.826-04:00,1640.625000,-20.909483
2026-08-25T16:23:21.826-04:00,1647.949219,-31.676504
2026-08-25T16:23:21.826-04:00,1655.273438,-23.277782
2026-08-25T16:23:21.826-04:00,1662.597656,-19.015495
2026-08-25T16:23:21.826-04:00,1669.921875,-16.393145
2026-08-25T16:23:21.826-04:00,1677.246094,-16.144753
2026-08-25T16:23:21.826-04:00,1684.570312,-14.912098
2026-08-25T16:23:21.826-04:00,1691.894531,-11.398188
2026-08-25T16:23:21.826-04:00,1699.218750,-9.290876
2026-08-25T16:23:21.826-04:00,1706.542969,-11.384940
2026-08-25T16:23:21.826-04:00,1713.867188,-13.850221
2026-08-25T16:23:21.826-04:00,1721.191406,-17.035543
2026-08-25T16:23:21.826-04:00,1728.515625,-22.385271
2026-08-25T16:23:21.826-04:00,1735.839844,-14.485422
2026-08-25T16:23:21.826-04:00,1743.164062,-18.377468
2026-08-25T16:23:21.826-04:00,1750.488281,-33.036209
2026-08-25T16:23:21.826-04:00,1757.812500,-27.509058
2026-08-25T16:23:21.826-04:00,1765.136719,-26.435524
2026-08-25T16:23:21.826-04:00,1772.460938,-19.959993
2026-08-25T16:23:21.826-04:00,1779.785156,-15.066242
2026-08-25T16:23:21.826-04:00,1787.109375,-9.515041
2026-08-25T16:23:21.826-04:00,1794.433594,-7.098992
2026-08-25T16:23:21.826-04:00,1801.757812,-7.433779
2026-08-25T16:23:21.826-04:00,1809.082031,-12.072415
2026-08-25T16:23:21.826-04:00,1816.406250,-18.334864
2026-08-25T16:23:21.826-04:00,1823.730469,-14.974840
2026-08-25T16:23:21.826-04:00,1831.054688,-15.916914
2026-08-25T16:23:21.826-04:00,1838.378906,-15.193687
2026-08-25T16:23:21.826-04:00,1845.703125,-16.178402
2026-08-25T16:23:21.826-04:00,1853.027344,-26.399233
2026-08-25T16:23:21.826-04:00,1860.351562,-13.681259
2026-08-25T16:23:21.826-04:00,1867.675781,-11.340193
2026-08-25T16:23:21.826-04:00,1875.000000,-14.325160
2026-08-25T16:23:21.826-04:00,1882.324219,-28.027046
2026-08-25T16:23:21.826-04:00,1889.648438,-17.317179
2026-08-25T16:23:21.826-04:00,1896.972656,-17.631168
2026-08-25T16:23:21.826-04:00,1904.296875,-22.883575
2026-08-25T16:23:21.826-04:00,1911.621094,-21.515068
2026-08-25T16:23:21.826-04:00,1918.945312,-17.525616
2026-08-25T16:23:21.826-04:00,1926.269531,-16.299911
2026-08-25T16:23:21.826-04:00,1933.593750,-14.403053
2026-08-25T16:23:21.826-04:00,1940.917969,-13.025412
2026-08-25T16:23:21.826-04:00,1948.242188,-14.710665
2026-08-25T16:23:21.826-04:00,1955.566406,-24.298065
2026-08-25T16:23:21.826-04:00,1962.890625,-19.091133
2026-08-25T16:23:21.826-04:00,1970.214844,-12.752461
2026-08-25T16:23:21.826-04:00,1977.539062,-13.085938
2026-08-25T16:23:21.826-04:00,1984.863281,-19.135641
2026-08-25T16:23:21.826-04:00,1992.187500,-40.395638
2026-08-25T16:23:21.826-04:00,1999.511719,-24.333450
2026-08-25T16:23:21.826-04:00,2006.835938,-14.311900
2026-08-25T16:23:21.826-04:00,2014.160156,-11.574444
2026-08-25T16:23:21.826-04:00,2021.484375,-11.798092
2026-08-25T16:23:21.826-04:00,2028.808594,-13.866327
2026-08-25T16:23:21.826-04:00,2036.132812,-21.310768
2026-08-25T16:23:21.826-04:00,2043.457031,-15.324845
2026-08-25T16:23:21.826-04:00,2050.781250,-13.850528
2026-08-25T16:23:21.826-04:00,2058.105469,-12.194137
2026-08-25T16:23:21.826-04:00,2065.429688,-11.046383
2026-08-25T16:23:21.826-04:00,2072.753906,-20.149572
2026-08-25T16:23:21.826-04:00,2080.078125,-18.823875
2026-08-25T16:23:21.826-04:00,2087.402344,-16.040346
2026-08-25T16:23:21.826-04:00,2094.726562,-13.015221
2026-08-25T16:23:21.826-04:00,2102.050781,-13.263755
2026-08-25T16:23:21.826-04:00,2109.375000,-14.871168
2026-08-25T16:23:21.826-04:00,2116.699219,-15.553406
2026-08-25T16:23:21.826-04:00,2124.023438,-13.273109
2026-08-25T16:23:21.826-04:00,2131.347656,-12.713926
2026-08-25T16:23:21.826-04:00,2138.671875,-16.218607
2026-08-25T16:23:21.826-04:00,2145.996094,-25.238224
2026-08-25T16:23:21.826-04:00,2153.320312,-25.805605
2026-08-25T16:23:21.826-04:00,2160.644531,-15.371515
2026-08-25T16:23:21.826-04:00,2167.968750,-9.568331
2026-08-25T16:23:21.826-04:00,2175.292969,-10.025085
2026-08-25T16:23:21.826-04:00,2182.617188,-19.370419
2026-08-25T16:23:21.826-04:00,2189.941406,-10.221048
2026-08-25T16:23:21.826-04:00,2197.265625,-11.702909
2026-08-25T16:23:21.826-04:00,2204.589844,-22.975433
2026-08-25T16:23:21.826-04:00,2211.914062,-16.535667
2026-08-25T16:23:21.826-04:00,2219.238281,-13.401608
2026-08-25T16:23:21.826-04:00,2226.562500,-16.353113
2026-08-25T16:23:21.826-04:00,2233.886719,-30.892967
2026-08-25T16:23:21.826-04:00,2241.210938,-17.365440
2026-08-25T16:23:21.826-04:00,2248.535156,-15.876609
2026-08-25T16:23:21.826-04:00,2255.859375,-16.964401
2026-08-25T16:23:21.826-04:00,2263.183594,-31.137838
2026-08-25T16:23:21.826-04:00,2270.507812,-16.849384
2026-08-25T16:23:21.826-04:00,2277.832031,-12.374271
2026-08-25T16:23:21.826-04:00,2285.156250,-15.485840
2026-08-25T16:23:21.826-04:00,2292.480469,-16.339756
2026-08-25T16:23:21.826-04:00,2299.804688,-12.554789
2026-08-25T16:23:21.826-04:00,2307.128906,-12.808175
2026-08-25T16:23:21.826-04:00,2314.453125,-13.548275
2026-08-25T16:23:21.826-04:00,2321.777344,-14.408464
2026-08-25T16:23:21.826-04:00,2329.101562,-15.375864
2026-08-25T16:23:21.826-04:00,2336.425781,-15.061440
2026-08-25T16:23:21.826-04:00,2343.750000,-19.964066
2026-08-25T16:23:21.826-04:00,2351.074219,-21.568232
2026-08-25T16:23:21.826-04:00,2358.398438,-21.370296
2026-08-25T16:23:21.826-04:00,2365.722656,-18.717669
2026-08-25T16:23:21.826-04:00,2373.046875,-16.037457
2026-08-25T16:23:21.826-04:00,2380.371094,-11.588491
2026-08-25T16:23:21.826-04:00,2387.695312,-9.566964
2026-08-25T16:23:21.826-04:00,2395.019531,-12.247869
2026-08-25T16:23:21.826-04:00,2402.343750,-25.325607
2026-08-25T16:23:21.826-04:00,2409.667969,-18.993336
2026-08-25T16:23:21.826-04:00,2416.992188,-22.038258
2026-08-25T16:23:21.826-04:00,2424.316406,-20.511234
2026-08-25T16:23:21.826-04:00,2431.640625,-15.931238
2026-08-25T16:23:21.826-04:00,2438.964844,-17.202042
2026-08-25T16:23:21.826-04:00,2446.289062,-27.012177
2026-08-25T16:23:21.826-04:00,2453.613281,-15.957891
2026-08-25T16:23:21.826-04:00,2460.937500,-17.437553
2026-08-25T16:23:21.826-04:00,2468.261719,-25.260078
2026-08-25T16:23:21.826-04:00,2475.585938,-27.137053
2026-08-25T16:23:21.826-04:00,2482.910156,-25.034088
2026-08-25T16:23:21.826-04:00,2490.234375,-16.614285
2026-08-25T16:23:21.826-04:00,2497.558594,-15.146952
2026-08-25T16:23:21.826-04:00,2504.882812,-18.935078
2026-08-25T16:23:21.826-04:00,2512.207031,-17.521002
2026-08-25T16:23:21.826-04:00,2519.531250,-16.423908
2026-08-25T16:23:21.826-04:00,2526.855469,-17.164793
2026-08-25T16:23:21.826-04:00,2534.179688,-12.764073
2026-08-25T16:23:21.826-04:00,2541.503906,-10.640467
2026-08-25T16:23:21.826-04:00,2548.828125,-11.608231
2026-08-25T16:23:21.826-04:00,2556.152344,-12.354557
2026-08-25T16:23:21.826-04:00,2563.476562,-15.231634
2026-08-25T16:23:21.826-04:00,2570.800781,-21.186169
2026-08-25T16:23:21.826-04:00,2578.125000,-21.027534
2026-08-25T16:23:21.826-04:00,2585.449219,-30.575535
2026-08-25T16:23:21.826-04:00,2592.773438,-27.707827
2026-08-25T16:23:21.826-04:00,2600.097656,-21.306686
2026-08-25T16:23:21.826-04:00,2607.421875,-23.373569
2026-08-25T16:23:21.826-04:00,2614.746094,-17.295448
2026-08-25T16:23:21.826-04:00,2622.070312,-12.302265
2026-08-25T16:23:21.826-04:00,2629.394531,-15.554451
2026-08-25T16:23:21.826-04:00,2636.718750,-15.841999
2026-08-25T16:23:21.826-04:00,2644.042969,-11.837677
2026-08-25T16:23:21.826-04:00,2651.367188,-10.378454
2026-08-25T16:23:21.826-04:00,2658.691406,-12.842225
2026-08-25T16:23:21.826-04:00,2666.015625,-18.211597
2026-08-25T16:23:21.826-04:00,2673.339844,-40.200150
2026-08-25T16:23:21.826-04:00,2680.664062,-16.084034
2026-08-25T16:23:21.826-04:00,2687.988281,-11.870989
2026-08-25T16:23:21.826-04:00,2695.312500,-12.400502
2026-08-25T16:23:21.826-04:00,2702.636719,-18.717598
2026-08-25T16:23:21.826-04:00,2709.960938,-25.707148
2026-08-25T16:23:21.826-04:00,2717.285156,-14.716925
2026-08-25T16:23:21.826-04:00,2724.609375,-11.900681
2026-08-25T16:23:21.826-04:00,2731.933594,-12.631443
2026-08-25T16:23:21.826-04:00,2739.257812,-17.825958
2026-08-25T16:23:21.826-04:00,2746.582031,-11.300130
2026-08-25T16:23:21.826-04:00,2753.906250,-11.538405
2026-08-25T16:23:21.826-04:00,2761.230469,-25.638290
2026-08-25T16:23:21.826-04:00,2768.554688,-18.428627
2026-08-25T16:23:21.826-04:00,2775.878906,-14.349442
2026-08-25T16:23:21.826-04:00,2783.203125,-11.670277
2026-08-25T16:23:21.826-04:00,2790.527344,-11.336052
2026-08-25T16:23:21.826-04:00,2797.851562,-13.124720
2026-08-25T16:23:21.826-04:00,2805.175781,-16.439777
2026-08-25T16:23:21.826-04:00,2812.500000,-20.016897
2026-08-25T16:23:21.826-04:00,2819.824219,-24.850904
2026-08-25T16:23:21.826-04:00,2827.148438,-22.249346
2026-08-25T16:23:21.826-04:00,2834.472656,-20.278038
2026-08-25T16:23:21.826-04:00,2841.796875,-14.371878
2026-08-25T16:23:21.826-04:00,2849.121094,-12.829170
2026-08-25T16:23:21.826-04:00,2856.445312,-13.930158
2026-08-25T16:23:21.826-04:00,2863.769531,-14.904151
2026-08-25T16:23:21.826-04:00,2871.093750,-13.184701
2026-08-25T16:23:21.826-04:00,2878.417969,-10.462650
2026-08-25T16:23:21.826-04:00,2885.742188,-10.303817
2026-08-25T16:23:21.826-04:00,2893.066406,-10.912712
2026-08-25T16:23:21.826-04:00,2900.390625,-12.361128
2026-08-25T16:23:21.826-04:00,2907.714844,-17.040251
2026-08-25T16:23:21.826-04:00,2915.039062,-20.141413
2026-08-25T16:23:21.826-04:00,2922.363281,-16.808987
2026-08-25T16:23:21.826-04:00,2929.687500,-16.489126
2026-08-25T16:23:21.826-04:00,2937.011719,-24.693966
2026-08-25T16:23:21.826-04:00,2944.335938,-15.395805
2026-08-25T16:23:21.826-04:00,2951.660156,-16.931358
2026-08-25T16:23:21.826-04:00,2958.984375,-20.760632
2026-08-25T16:23:21.826-04:00,2966.308594,-11.072516
2026-08-25T16:23:21.826-04:00,2973.632812,-11.762218
2026-08-25T16:23:21.826-04:00,2980.957031,-18.668303
2026-08-25T16:23:21.826-04:00,2988.281250,-25.500067
2026-08-25T16:23:21.826-04:00,2995.605469,-25.527664
2026-08-25T16:23:21.826-04:00,3002.929688,-23.709488
2026-08-25T16:23:21.826-04:00,3010.253906,-14.347406
2026-08-25T16:23:21.826-04:00,3017.578125,-14.114541
2026-08-25T16:23:21.826-04:00,3024.902344,-14.260384
2026-08-25T16:23:21.826-04:00,3032.226562,-15.101835
2026-08-25T16:23:21.826-04:00,3039.550781,-28.238194
2026-08-25T16:23:21.826-04:00,3046.875000,-15.174332
2026-08-25T16:23:21.826-04:00,3054.199219,-10.720178
2026-08-25T16:23:21.826-04:00,3061.523438,-14.190458
2026-08-25T16:23:21.826-04:00,3068.847656,-19.284615
2026-08-25T16:23:21.826-04:00,3076.171875,-9.900587
2026-08-25T16:23:21.826-04:00,3083.496094,-10.999741
2026-08-25T16:23:21.826-04:00,3090.820312,-19.955423
2026-08-25T16:23:21.826-04:00,3098.144531,-25.551378
2026-08-25T16:23:21.826-04:00,3105.468750,-39.158028
2026-08-25T16:23:21.826-04:00,3112.792969,-24.628109
2026-08-25T16:23:21.826-04:00,3120.117188,-21.417789
2026-08-25T16:23:21.826-04:00,3127.441406,-21.140202
2026-08-25T16:23:21.826-04:00,3134.765625,-17.654930
2026-08-25T16:23:21.826-04:00,3142.089844,-16.403975
2026-08-25T16:23:21.826-04:00,3149.414062,-12.563539
2026-08-25T16:23:21.826-04:00,3156.738281,-10.461206
2026-08-25T16:23:21.826-04:00,3164.062500,-13.811985
2026-08-25T16:23:21.826-04:00,3171.386719,-21.432106
2026-08-25T16:23:21.826-04:00,3178.710938,-18.954969
2026-08-25T16:23:21.826-04:00,3186.035156,-16.526722
2026-08-25T16:23:21.826-04:00,3193.359375,-19.377934
2026-08-25T16:23:21.826-04:00,3200.683594,-21.433693
2026-08-25T16:23:21.826-04:00,3208.007812,-14.095793
2026-08-25T16:23:21.826-04:00,3215.332031,-17.799545
2026-08-25T16:23:21.826-04:00,3222.656250,-23.763964
2026-08-25T16:23:21.826-04:00,3229.980469,-15.896841
2026-08-25T16:23:21.826-04:00,3237.304688,-15.349702
2026-08-25T16:23:21.826-04:00,3244.628906,-13.729182
2026-08-25T16:23:21.826-04:00,3251.953125,-9.977681
2026-08-25T16:23:21.826-04:00,3259.277344,-9.779370
2026-08-25T16:23:21.826-04:00,3266.601562,-13.377542
2026-08-25T16:23:21.826-04:00,3273.925781,-16.201111
2026-08-25T16:23:21.826-04:00,3281.250000,-19.509642
2026-08-25T16:23:21.826-04:00,3288.574219,-15.090957
2026-08-25T16:23:21.826-04:00,3295.898438,-9.359750
2026-08-25T16:23:21.826-04:00,3303.222656,-11.012947
2026-08-25T16:23:21.826-04:00,3310.546875,-22.641394
2026-08-25T16:23:21.826-04:00,3317.871094,-16.209675
2026-08-25T16:23:21.826-04:00,3325.195312,-15.516149
2026-08-25T16:23:21.826-04:00,3332.519531,-24.019487
2026-08-25T16:23:21.826-04:00,3339.843750,-23.458858
2026-08-25T16:23:21.826-04:00,3347.167969,-19.291882
2026-08-25T16:23:21.826-04:00,3354.492188,-17.549870
2026-08-25T16:23:21.826-04:00,3361.816406,-17.804382
2026-08-25T16:23:21.826-04:00,3369.140625,-14.416556
2026-08-25T16:23:21.826-04:00,3376.464844,-13.945212
2026-08-25T16:23:21.826-04:00,3383.789062,-13.342394
2026-08-25T16:23:21.826-04:00,3391.113281,-14.391566
2026-08-25T16:23:21.826-04:00,3398.437500,-14.843167
2026-08-25T16:23:21.826-04:00,3405.761719,-15.770477
2026-08-25T16:23:21.826-04:00,3413.085938,-17.921070
2026-08-25T16:23:21.826-04:00,3420.410156,-19.596121
2026-08-25T16:23:21.826-04:00,3427.734375,-16.631081
2026-08-25T16:23:21.826-04:00,3435.058594,-14.481066
2026-08-25T16:23:21.826-04:00,3442.382812,-14.731969
2026-08-25T16:23:21.826-04:00,3449.707031,-18.100269
2026-08-25T16:23:21.826-04:00,3457.031250,-21.041660
2026-08-25T16:23:21.826-04:00,3464.355469,-20.403770
2026-08-25T16:23:21.826-04:00,3471.679688,-21.954767
2026-08-25T16:23:21.826-04:00,3479.003906,-13.572050
2026-08-25T16:23:21.826-04:00,3486.328125,-10.926350
2026-08-25T16:23:21.826-04:00,3493.652344,-10.710578
2026-08-25T16:23:21.826-04:00,3500.976562,-11.387245
2026-08-25T16:23:21.826-04:00,3508.300781,-20.454195
2026-08-25T16:23:21.826-04:00,3515.625000,-14.061755
2026-08-25T16:23:21.826-04:00,3522.949219,-14.141580
2026-08-25T16:23:21.826-04:00,3530.273438,-23.976278
2026-08-25T16:23:21.826-04:00,3537.597656,-28.266018
2026-08-25T16:23:21.826-04:00,3544.921875,-23.982018
2026-08-25T16:23:21.826-04:00,3552.246094,-20.857410
2026-08-25T16:23:21.826-04:00,3559.570312,-16.794664
2026-08-25T16:23:21.826-04:00,3566.894531,-17.425306
2026-08-25T16:23:21.826-04:00,3574.218750,-18.709934
2026-08-25T16:23:21.826-04:00,3581.542969,-21.069767
2026-08-25T16:23:21.826-04:00,3588.867188,-24.473667
2026-08-25T16:23:21.826-04:00,3596.191406,-23.905399
2026-08-25T16:23:21.826-04:00,3603.515625,-14.081699
2026-08-25T16:23:21.826-04:00,3610.839844,-12.777385
2026-08-25T16:23:21.826-04:00,3618.164062,-16.999151
2026-08-25T16:23:21.826-04:00,3625.488281,-14.413423
2026-08-25T16:23:21.826-04:00,3632.812500,-13.885569
2026-08-25T16:23:21.826-04:00,3640.136719,-20.018770
2026-08-25T16:23:21.826-04:00,3647.460938,-23.543655
2026-08-25T16:23:21.826-04:00,3654.785156,-32.595619
2026-08-25T16:23:21.826-04:00,3662.109375,-21.643427
2026-08-25T16:23:21.826-04:00,3669.433594,-19.231064
2026-08-25T16:23:21.826-04:00,3676.757812,-20.383940
2026-08-25T16:23:21.826-04:00,3684.082031,-19.726166
2026-08-25T16:23:21.826-04:00,3691.406250,-14.157224
2026-08-25T16:23:21.826-04:00,3698.730469,-10.464467
2026-08-25T16:23:21.826-04:00,3706.054688,-13.320591
2026-08-25T16:23:21.826-04:00,3713.378906,-23.417646
2026-08-25T16:23:21.826-04:00,3720.703125,-14.174752
2026-08-25T16:23:21.826-04:00,3728.027344,-13.957996
2026-08-25T16:23:21.826-04:00,3735.351562,-17.296906
2026-08-25T16:23:21.826-04:00,3742.675781,-18.518393
2026-08-25T16:23:21.826-04:00,3750.000000,-19.058647
2026-08-25T16:23:21.826-04:00,3757.324219,-25.707230
2026-08-25T16:23:21.826-04:00,3764.648438,-21.867577
2026-08-25T16:23:21.826-04:00,3771.972656,-18.705030
2026-08-25T16:23:21.826-04:00,3779.296875,-22.279510
2026-08-25T16:23:21.826-04:00,3786.621094,-14.794803
2026-08-25T16:23:21.826-04:00,3793.945312,-11.472551
2026-08-25T16:23:21.826-04:00,3801.269531,-13.970751
2026-08-25T16:23:21.826-04:00,3808.593750,-20.476053
2026-08-25T16:23:21.826-04:00,3815.917969,-24.552319
2026-08-25T16:23:21.826-04:00,3823.242188,-14.330294
2026-08-25T16:23:21.826-04:00,3830.566406,-12.232171
2026-08-25T16:23:21.826-04:00,3837.890625,-18.283813
2026-08-25T16:23:21.826-04:00,3845.214844,-17.768684
2026-08-25T16:23:21.826-04:00,3852.539062,-12.066493
2026-08-25T16:23:21.826-04:00,3859.863281,-11.072735
2026-08-25T16:23:21.826-04:00,3867.187500,-14.583259
2026-08-25T16:23:21.826-04:00,3874.511719,-24.378853
2026-08-25T16:23:21.826-04:00,3881.835938,-14.644133
2026-08-25T16:23:21.826-04:00,3889.160156,-9.603373
2026-08-25T16:23:21.826-04:00,3896.484375,-8.226301
2026-08-25T16:23:21.826-04:00,3903.808594,-11.604664
2026-08-25T16:23:21.826-04:00,3911.132812,-37.310215
2026-08-25T16:23:21.826-04:00,3918.457031,-16.410181
2026-08-25T16:23:21.826-04:00,3925.781250,-22.736393
2026-08-25T16:23:21.826-04:00,3933.105469,-22.593525
2026-08-25T16:23:21.826-04:00,3940.429688,-19.542515
2026-08-25T16:23:21.826-04:00,3947.753906,-29.096830
2026-08-25T16:23:21.826-04:00,3955.078125,-16.618914
2026-08-25T16:23:21.826-04:00,3962.402344,-15.318169
2026-08-25T16:23:21.826-04:00,3969.726562,-19.168581
2026-08-25T16:23:21.826-04:00,3977.050781,-25.048428
2026-08-25T16:23:21.826-04:00,3984.375000,-27.056654
2026-08-25T16:23:21.826-04:00,3991.699219,-24.598885
2026-08-25T16:23:21.826-04:00,3999.023438,-12.006303
2026-08-25T16:23:21.826-04:00,4006.347656,-9.740989
2026-08-25T16:23:21.826-04:00,4013.671875,-13.697948
2026-08-25T16:23:21.826-04:00,4020.996094,-20.978855
2026-08-25T16:23:21.826-04:00,4028.320312,-11.945357
2026-08-25T16:23:21.826-04:00,4035.644531,-12.193676
2026-08-25T16:23:21.826-04:00,4042.968750,-14.634478
2026-08-25T16:23:21.826-04:00,4050.292969,-13.135034
2026-08-25T16:23:21.826-04:00,4057.617188,-15.579124
2026-08-25T16:23:21.826-04:00,4064.941406,-23.416260
2026-08-25T16:23:21.826-04:00,4072.265625,-40.252930
2026-08-25T16:23:21.826-04:00,4079.589844,-26.823435
2026-08-25T16:23:21.826-04:00,4086.914062,-30.162472
2026-08-25T16:23:21.826-04:00,4094.238281,-29.987898
2026-08-25T16:23:21.826-04:00,4101.562500,-18.288973
2026-08-25T16:23:21.826-04:00,4108.886719,-16.286085
2026-08-25T16:23:21.826-04:00,4116.210938,-18.768719
2026-08-25T16:23:21.826-04:00,4123.535156,-15.562037
2026-08-25T16:23:21.826-04:00,4130.859375,-14.454546
2026-08-25T16:23:21.826-04:00,4138.183594,-15.007454
2026-08-25T16:23:21.826-04:00,4145.507812,-16.177977
2026-08-25T16:23:21.826-04:00,4152.832031,-12.261611
2026-08-25T16:23:21.826-04:00,4160.156250,-10.353898
2026-08-25T16:23:21.826-04:00,4167.480469,-14.574367
2026-08-25T16:23:21.826-04:00,4174.804688,-14.547640
2026-08-25T16:23:21.826-04:00,4182.128906,-12.225046
2026-08-25T16:23:21.826-04:00,4189.453125,-16.253330
2026-08-25T16:23:21.826-04:00,4196.777344,-20.025814
2026-08-25T16:23:21.826-04:00,4204.101562,-17.456203
2026-08-25T16:23:21.826-04:00,4211.425781,-15.700027
2026-08-25T16:23:21.826-04:00,4218.750000,-21.323608
2026-08-25T16:23:21.826-04:00,4226.074219,-16.624348
2026-08-25T16:23:21.826-04:00,4233.398438,-16.276279
2026-08-25T16:23:21.826-04:00,4240.722656,-17.970173
2026-08-25T16:23:21.826-04:00,4248.046875,-20.787516
2026-08-25T16:23:21.826-04:00,4255.371094,-17.118763
2026-08-25T16:23:21.826-04:00,4262.695312,-11.978332
2026-08-25T16:23:21.826-04:00,4270.019531,-12.723413
2026-08-25T16:23:21.826-04:00,4277.343750,-20.649242
2026-08-25T16:23:21.826-04:00,4284.667969,-14.010821
2026-08-25T16:23:21.826-04:00,4291.992188,-12.147740
2026-08-25T16:23:21.826-04:00,4299.316406,-15.962867
2026-08-25T16:23:21.826-04:00,4306.640625,-21.350824
2026-08-25T16:23:21.826-04:00,4313.964844,-24.401781
2026-08-25T16:23:21.826-04:00,4321.289062,-18.933216
2026-08-25T16:23:21.826-04:00,4328.613281,-32.928272
2026-08-25T16:23:21.826-04:00,4335.937500,-16.079899
2026-08-25T16:23:21.826-04:00,4343.261719,-11.857172
2026-08-25T16:23:21.826-04:00,4350.585938,-13.898773
2026-08-25T16:23:21.826-04:00,4357.910156,-13.243116
2026-08-25T16:23:21.826-04:00,4365.234375,-11.041223
2026-08-25T16:23:21.826-04:00,4372.558594,-13.292017
2026-08-25T16:23:21.826-04:00,4379.882812,-21.385805
2026-08-25T16:23:21.826-04:00,4387.207031,-18.419334
2026-08-25T16:23:21.826-04:00,4394.531250,-19.207106
2026-08-25T16:23:21.826-04:00,4401.855469,-15.056753
2026-08-25T16:23:21.826-04:00,4409.179688,-14.866034
2026-08-25T16:23:21.826-04:00,4416.503906,-15.205277
2026-08-25T16:23:21.826-04:00,4423.828125,-15.781336
2026-08-25T16:23:21.826-04:00,4431.152344,-28.102440
2026-08-25T16:23:21.826-04:00,4438.476562,-18.813444
2026-08-25T16:23:21.826-04:00,4445.800781,-19.138826
2026-08-25T16:23:21.826-04:00,4453.125000,-25.501240
2026-08-25T16:23:21.826-04:00,4460.449219,-28.683228
2026-08-25T16:23:21.826-04:00,4467.773438,-14.986452
2026-08-25T16:23:21.826-04:00,4475.097656,-11.378341
2026-08-25T16:23:21.826-04:00,4482.421875,-15.237569
2026-08-25T16:23:21.826-04:00,4489.746094,-17.088612
2026-08-25T16:23:21.826-04:00,4497.070312,-17.966679
2026-08-25T16:23:21.826-04:00,4504.394531,-22.034529
2026-08-25T16:23:21.826-04:00,4511.718750,-13.280038
2026-08-25T16:23:21.826-04:00,4519.042969,-13.688458
2026-08-25T16:23:21.826-04:00,4526.367188,-15.550599
2026-08-25T16:23:21.826-04:00,4533.691406,-21.274677
2026-08-25T16:23:21.826-04:00,4541.015625,-32.222031
2026-08-25T16:23:21.826-04:00,4548.339844,-32.287159
2026-08-25T16:23:21.826-04:00,4555.664062,-24.051531
2026-08-25T16:23:21.826-04:00,4562.988281,-18.757633
2026-08-25T16:23:21.826-04:00,4570.312500,-15.015759
2026-08-25T16:23:21.826-04:00,4577.636719,-13.558994
2026-08-25T16:23:21.826-04:00,4584.960938,-19.038643
2026-08-25T16:23:21.826-04:00,4592.285156,-17.745081
2026-08-25T16:23:21.826-04:00,4599.609375,-13.667602
2026-08-25T16:23:21.826-04:00,4606.933594,-19.771114
2026-08-25T16:23:21.826-04:00,4614.257812,-23.663990
2026-08-25T16:23:21.826-04:00,4621.582031,-19.626472
2026-08-25T16:23:21.826-04:00,4628.906250,-18.975224
2026-08-25T16:23:21.826-04:00,4636.230469,-14.465279
2026-08-25T16:23:21.826-04:00,4643.554688,-12.768498
2026-08-25T16:23:21.826-04:00,4650.878906,-13.500719
2026-08-25T16:23:21.826-04:00,4658.203125,-18.244955
2026-08-25T16:23:21.826-04:00,4665.527344,-12.787048
2026-08-25T16:23:21.826-04:00,4672.851562,-10.326918
2026-08-25T16:23:21.826-04:00,4680.175781,-12.763210
2026-08-25T16:23:21.826-04:00,4687.500000,-20.794527
2026-08-25T16:23:21.826-04:00,4694.824219,-23.061066
2026-08-25T16:23:21.826-04:00,4702.148438,-15.732926
2026-08-25T16:23:21.826-04:00,4709.472656,-20.641361
2026-08-25T16:23:21.826-04:00,4716.796875,-19.363277
2026-08-25T16:23:21.826-04:00,4724.121094,-14.711514
2026-08-25T16:23:21.826-04:00,4731.445312,-14.920921
2026-08-25T16:23:21.826-04:00,4738.769531,-13.402263
2026-08-25T16:23:21.826-04:00,4746.093750,-15.644594
2026-08-25T16:23:21.826-04:00,4753.417969,-19.128267
2026-08-25T16:23:21.826-04:00,4760.742188,-15.134374
2026-08-25T16:23:21.826-04:00,4768.066406,-12.539021
2026-08-25T16:23:21.826-04:00,4775.390625,-17.059534
2026-08-25T16:23:21.826-04:00,4782.714844,-27.115879
2026-08-25T16:23:21.826-04:00,4790.039062,-18.068125
2026-08-25T16:23:21.826-04:00,4797.363281,-20.542904
2026-08-25T16:23:21.826-04:00,4804.687500,-22.713619
2026-08-25T16:23:21.826-04:00,4812.011719,-21.024754
2026-08-25T16:23:21.826-04:00,4819.335938,-18.613894
2026-08-25T16:23:21.826-04:00,4826.660156,-12.430897
2026-08-25T16:23:21.826-04:00,4833.984375,-11.120357
2026-08-25T16:23:21.826-04:00,4841.308594,-11.303440
2026-08-25T16:23:21.826-04:00,4848.632812,-11.462091
2026-08-25T16:23:21.826-04:00,4855.957031,-11.984769
2026-08-25T16:23:21.826-04:00,4863.281250,-14.867829
2026-08-25T16:23:21.826-04:00,4870.605469,-17.638567
2026-08-25T16:23:21.826-04:00,4877.929688,-26.607676
2026-08-25T16:23:21.826-04:00,4885.253906,-18.163084
2026-08-25T16:23:21.826-04:00,4892.578125,-13.889759
2026-08-25T16:23:21.826-04:00,4899.902344,-16.245903
2026-08-25T16:23:21.826-04:00,4907.226562,-22.545662
2026-08-25T16:23:21.826-04:00,4914.550781,-17.981161
2026-08-25T16:23:21.826-04:00,4921.875000,-22.452389
2026-08-25T16:23:21.826-04:00,4929.199219,-17.418997
2026-08-25T16:23:21.826-04:00,4936.523438,-14.189235
2026-08-25T16:23:21.826-04:00,4943.847656,-14.921762
2026-08-25T16:23:21.826-04:00,4951.171875,-14.563613
2026-08-25T16:23:21.826-04:00,4958.496094,-16.770737
2026-08-25T16:23:21.826-04:00,4965.820312,-22.661322
2026-08-25T16:23:21.826-04:00,4973.144531,-16.337448
2026-08-25T16:23:21.826-04:00,4980.468750,-12.392031
2026-08-25T16:23:21.826-04:00,4987.792969,-9.745217
2026-08-25T16:23:21.826-04:00,4995.117188,-9.386136
2026-08-25T16:23:22.869-04:00,-4995.117188,-17.913624
2026-08-25T16:23:22.869-04:00,-4987.792969,-24.753857
2026-08-25T16:23:22.869-04:00,-4980.468750,-32.253422
2026-08-25T16:23:22.869-04:00,-4973.144531,-32.065220
2026-08-25T16:23:22.869-04:00,-4965.820312,-20.804749
2026-08-25T16:23:22.869-04:00,-4958.496094,-15.571249
2026-08-25T16:23:22.869-04:00,-4951.171875,-15.415646
2026-08-25T16:23:22.869-04:00,-4943.847656,-17.539017
2026-08-25T16:23:22.869-04:00,-4936.523438,-23.717043
2026-08-25T16:23:22.869-04:00,-4929.199219,-19.641203
2026-08-25T16:23:22.869-04:00,-4921.875000,-17.331768
2026-08-25T16:23:22.869-04:00,-4914.550781,-20.021734
2026-08-25T16:23:22.869-04:00,-4907.226562,-27.839508
2026-08-25T16:23:22.869-04:00,-4899.902344,-26.688881
2026-08-25T16:23:22.869-04:00,-4892.578125,-22.000668
2026-08-25T16:23:22.869-04:00,-4885.253906,-15.020766
2026-08-25T16:23:22.869-04:00,-4877.929688,-18.936340
2026-08-25T16:23:22.869-04:00,-4870.605469,-24.803932
2026-08-25T16:23:22.869-04:00,-4863.281250,-32.281620
2026-08-25T16:23:22.869-04:00,-4855.957031,-19.364046
2026-08-25T16:23:22.869-04:00,-4848.632812,-24.397619
2026-08-25T16:23:22.869-04:00,-4841.308594,-25.363571
2026-08-25T16:23:22.869-04:00,-4833.984375,-23.474876
2026-08-25T16:23:22.869-04:00,-4826.660156,-19.044943
2026-08-25T16:23:22.869-04:00,-4819.335938,-19.377806
2026-08-25T16:23:22.869-04:00,-4812.011719,-19.565153
2026-08-25T16:23:22.869-04:00,-4804.687500,-24.236347
2026-08-25T16:23:22.869-04:00,-4797.363281,-20.039005
2026-08-25T16:23:22.869-04:00,-4790.039062,-16.190889
2026-08-25T16:23:22.869-04:00,-4782.714844,-30.373552
2026-08-25T16:23:22.869-04:00,-4775.390625,-17.991768
2026-08-25T16:23:22.869-04:00,-4768.066406,-13.770738
2026-08-25T16:23:22.869-04:00,-4760.742188,-12.787404
2026-08-25T16:23:22.869-04:00,-4753.417969,-13.154482
2026-08-25T16:23:22.869-04:00,-4746.093750,-16.071455
2026-08-25T16:23:22.869-04:00,-4738.769531,-24.326094
2026-08-25T16:23:22.869-04:00,-4731.445312,-21.255112
2026-08-25T16:23:22.869-04:00,-4724.121094,-18.642500
2026-08-25T16:23:22.869-04:00,-4716.796875,-20.584801
2026-08-25T16:23:22.869-04:00,-4709.472656,-18.727737
2026-08-25T16:23:22.869-04:00,-4702.148438,-19.466881
2026-08-25T16:23:22.869-04:00,-4694.824219,-40.817360
2026-08-25T16:23:22.869-04:00,-4687.500000,-20.834482
2026-08-25T16:23:22.869-04:00,-4680.175781,-13.410815
2026-08-25T16:23:22.869-04:00,-4672.851562,-12.805304
2026-08-25T16:23:22.869-04:00,-4665.527344,-27.351591
2026-08-25T16:23:22.869-04:00,-4658.203125,-15.584782
2026-08-25T16:23:22.869-04:00,-4650.878906,-16.610680
2026-08-25T16:23:22.869-04:00,-4643.554688,-20.228739
2026-08-25T16:23:22.869-04:00,-4636.230469,-17.331869
2026-08-25T16:23:22.869-04:00,-4628.906250,-16.653797
2026-08-25T16:23:22.869-04:00,-4621.582031,-21.079895
2026-08-25T16:23:22.869-04:00,-4614.257812,-25.933485
2026-08-25T16:23:22.869-04:00,-4606.933594,-27.802155
2026-08-25T16:23:22.869-04:00,-4599.609375,-24.281181
2026-08-25T16:23:22.869-04:00,-4592.285156,-19.203861
2026-08-25T16:23:22.869-04:00,-4584.960938,-17.548944
2026-08-25T16:23:22.869-04:00,-4577.636719,-23.877308
2026-08-25T16:23:22.869-04:00,-4570.312500,-37.253563
2026-08-25T16:23:22.869-04:00,-4562.988281,-20.974716
2026-08-25T16:23:22.869-04:00,-4555.664062,-18.256557
2026-08-25T16:23:22.869-04:00,-4548.339844,-25.529385
2026-08-25T16:23:22.869-04:00,-4541.015625,-17.142889
2026-08-25T16:23:22.869-04:00,-4533.691406,-15.417586
2026-08-25T16:23:22.869-04:00,-4526.367188,-19.716801
2026-08-25T16:23:22.869-04:00,-4519.042969,-15.436679
2026-08-25T16:23:22.869-04:00,-4511.718750,-20.042303
2026-08-25T16:23:22.869-04:00,-4504.394531,-24.752714
2026-08-25T16:23:22.869-04:00,-4497.070312,-20.191456
2026-08-25T16:23:22.869-04:00,-4489.746094,-16.441191
2026-08-25T16:23:22.869-04:00,-4482.421875,-20.551373
2026-08-25T16:23:22.869-04:00,-4475.097656,-15.980062
2026-08-25T16:23:22.869-04:00,-4467.773438,-13.080120
2026-08-25T16:23:22.869-04:00,-4460.449219,-17.626759
2026-08-25T16:23:22.869-04:00,-4453.125000,-14.420580
2026-08-25T16:23:22.869-04:00,-4445.800781,-20.126434
2026-08-25T16:23:22.869-04:00,-4438.476562,-18.953205
2026-08-25T16:23:22.869-04:00,-4431.152344,-15.511843
2026-08-25T16:23:22.869-04:00,-4423.828125,-19.579231
2026-08-25T16:23:22.869-04:00,-4416.503906,-18.568989
2026-08-25T16:23:22.869-04:00,-4409.179688,-18.749565
2026-08-25T16:23:22.869-04:00,-4401.855469,-23.832607
2026-08-25T16:23:22.869-04:00,-4394.531250,-18.213295
2026-08-25T16:23:22.869-04:00,-4387.207031,-15.067634
2026-08-25T16:23:22.869-04:00,-4379.882812,-17.125961
2026-08-25T16:23:22.869-04:00,-4372.558594,-23.988054
2026-08-25T16:23:22.869-04:00,-4365.234375,-38.231869
2026-08-25T16:23:22.869-04:00,-4357.910156,-22.502548
2026-08-25T16:23:22.869-04:00,-4350.585938,-20.237570
2026-08-25T16:23:22.869-04:00,-4343.261719,-16.791418
2026-08-25T16:23:22.869-04:00,-4335.937500,-11.593980
2026-08-25T16:23:22.869-04:00,-4328.613281,-12.458490
2026-08-25T16:23:22.869-04:00,-4321.289062,-31.259964
2026-08-25T16:23:22.869-04:00,-4313.964844,-18.213818
2026-08-25T16:23:22.869-04:00,-4306.640625,-15.242704
2026-08-25T16:23:22.869-04:00,-4299.316406,-12.376447
2026-08-25T16:23:22.869-04:00,-4291.992188,-11.927792
2026-08-25T16:23:22.869-04:00,-4284.667969,-13.333635
2026-08-25T16:23:22.869-04:00,-4277.343750,-18.016735
2026-08-25T16:23:22.869-04:00,-4270.019531,-20.185701
2026-08-25T16:23:22.869-04:00,-4262.695312,-23.355238
2026-08-25T16:23:22.869-04:00,-4255.371094,-25.076162
2026-08-25T16:23:22.869-04:00,-4248.046875,-19.877111
2026-08-25T16:23:22.869-04:00,-4240.722656,-27.442234
2026-08-25T16:23:22.869-04:00,-4233.398438,-23.726871
2026-08-25T16:23:22.869-04:00,-4226.074219,-24.147770
2026-08-25T16:23:22.869-04:00,-4218.750000,-16.304762
2026-08-25T16:23:22.869-04:00,-4211.425781,-19.341251
2026-08-25T16:23:22.869-04:00,-4204.101562,-26.109138
2026-08-25T16:23:22.869-04:00,-4196.777344,-19.321220
2026-08-25T16:23:22.869-04:00,-4189.453125,-16.414186
2026-08-25T16:23:22.869-04:00,-4182.128906,-14.623261
2026-08-25T16:23:22.869-04:00,-4174.804688,-13.168089
2026-08-25T16:23:22.869-04:00,-4167.480469,-15.593162
2026-08-25T16:23:22.869-04:00,-4160.156250,-30.059551
2026-08-25T16:23:22.869-04:00,-4152.832031,-16.842089
2026-08-25T16:23:22.869-04:00,-4145.507812,-24.549036
2026-08-25T16:23:22.869-04:00,-4138.183594,-22.508028
2026-08-25T16:23:22.869-04:00,-4130.859375,-28.525970
2026-08-25T16:23:22.869-04:00,-4123.535156,-27.220776
2026-08-25T16:23:22.869-04:00,-4116.210938,-24.743095
2026-08-25T16:23:22.869-04:00,-4108.886719,-21.978462
2026-08-25T16:23:22.869-04:00,-4101.562500,-18.410131
2026-08-25T16:23:22.869-04:00,-4094.238281,-21.216631
2026-08-25T16:23:22.869-04:00,-4086.914062,-25.539974
2026-08-25T16:23:22.869-04:00,-4079.589844,-18.331463
2026-08-25T16:23:22.869-04:00,-4072.265625,-20.623993
2026-08-25T16:23:22.869-04:00,-4064.941406,-22.208860
2026-08-25T16:23:22.869-04:00,-4057.617188,-22.601753
2026-08-25T16:23:22.869-04:00,-4050.292969,-38.111080
2026-08-25T16:23:22.869-04:00,-4042.968750,-26.976841
2026-08-25T16:23:22.869-04:00,-4035.644531,-18.540203
2026-08-25T16:23:22.869-04:00,-4028.320312,-12.947931
2026-08-25T16:23:22.869-04:00,-4020.996094,-11.708488
2026-08-25T16:23:22.869-04:00,-4013.671875,-10.708103
2026-08-25T16:23:22.869-04:00,-4006.347656,-13.958417
2026-08-25T16:23:22.869-04:00,-3999.023438,-19.828766
2026-08-25T16:23:22.869-04:00,-3991.699219,-23.287657
2026-08-25T16:23:22.869-04:00,-3984.375000,-19.776779
2026-08-25T16:23:22.869-04:00,-3977.050781,-16.544262
2026-08-25T16:23:22.869-04:00,-3969.726562,-20.399998
2026-08-25T16:23:22.869-04:00,-3962.402344,-20.263815
2026-08-25T16:23:22.869-04:00,-3955.078125,-15.993462
2026-08-25T16:23:22.869-04:00,-3947.753906,-15.803929
2026-08-25T16:23:22.869-04:00,-3940.429688,-19.148119
2026-08-25T16:23:22.869-04:00,-3933.105469,-30.691364
2026-08-25T16:23:22.869-04:00,-3925.781250,-30.747231
2026-08-25T16:23:22.869-04:00,-3918.457031,-22.796570
2026-08-25T16:23:22.869-04:00,-3911.132812,-25.495722
2026-08-25T16:23:22.869-04:00,-3903.808594,-29.538401
2026-08-25T16:23:22.869-04:00,-3896.484375,-22.444962
2026-08-25T16:23:22.869-04:00,-3889.160156,-18.382725
2026-08-25T16:23:22.869-04:00,-3881.835938,-24.305851
2026-08-25T16:23:22.869-04:00,-3874.511719,-19.675644
2026-08-25T16:23:22.869-04:00,-3867.187500,-19.680670
2026-08-25T16:23:22.869-04:00,-3859.863281,-22.532236
2026-08-25T16:23:22.869-04:00,-3852.539062,-21.083525
2026-08-25T16:23:22.869-04:00,-3845.214844,-18.629419
2026-08-25T16:23:22.869-04:00,-3837.890625,-17.817833
2026-08-25T16:23:22.869-04:00,-3830.566406,-22.411377
2026-08-25T16:23:22.869-04:00,-3823.242188,-18.691364
2026-08-25T16:23:22.869-04:00,-3815.917969,-20.485041
2026-08-25T16:23:22.869-04:00,-3808.593750,-28.448332
2026-08-25T16:23:22.869-04:00,-3801.269531,-33.171597
2026-08-25T16:23:22.869-04:00,-3793.945312,-23.151424
2026-08-25T16:23:22.869-04:00,-3786.621094,-26.235512
2026-08-25T16:23:22.869-04:00,-3779.296875,-24.066793
2026-08-25T16:23:22.869-04:00,-3771.972656,-24.848537
2026-08-25T16:23:22.869-04:00,-3764.648438,-38.786251
2026-08-25T16:23:22.869-04:00,-3757.324219,-31.119965
2026-08-25T16:23:22.869-04:00,-3750.000000,-26.350767
2026-08-25T16:23:22.869-04:00,-3742.675781,-21.729219
2026-08-25T16:23:22.869-04:00,-3735.351562,-19.110859
2026-08-25T16:23:22.869-04:00,-3728.027344,-20.290207
2026-08-25T16:23:22.869-04:00,-3720.703125,-23.471874
2026-08-25T16:23:22.869-04:00,-3713.378906,-11.531049
2026-08-25T16:23:22.869-04:00,-3706.054688,-11.612182
2026-08-25T16:23:22.869-04:00,-3698.730469,-21.246677
2026-08-25T16:23:22.869-04:00,-3691.406250,-24.612297
2026-08-25T16:23:22.869-04:00,-3684.082031,-17.644407
2026-08-25T16:23:22.869-04:00,-3676.757812,-17.745846
2026-08-25T16:23:22.869-04:00,-3669.433594,-16.980440
2026-08-25T16:23:22.869-04:00,-3662.109375,-16.889326
2026-08-25T16:23:22.869-04:00,-3654.785156,-18.546635
2026-08-25T16:23:22.869-04:00,-3647.460938,-20.595701
2026-08-25T16:23:22.869-04:00,-3640.136719,-21.711002
2026-08-25T16:23:22.869-04:00,-3632.812500,-24.050848
2026-08-25T16:23:22.869-04:00,-3625.488281,-15.576344
2026-08-25T16:23:22.869-04:00,-3618.164062,-15.379990
2026-08-25T16:23:22.869-04:00,-3610.839844,-16.959436
2026-08-25T16:23:22.869-04:00,-3603.515625,-20.972080
2026-08-25T16:23:22.869-04:00,-3596.191406,-24.403868
2026-08-25T16:23:22.869-04:00,-3588.867188,-20.171383
2026-08-25T16:23:22.869-04:00,-3581.542969,-18.473038
2026-08-25T16:23:22.869-04:00,-3574.218750,-24.265751
2026-08-25T16:23:22.869-04:00,-3566.894531,-35.911682
2026-08-25T16:23:22.869-04:00,-3559.570312,-25.406675
2026-08-25T16:23:22.869-04:00,-3552.246094,-21.095253
2026-08-25T16:23:22.869-04:00,-3544.921875,-24.853912
2026-08-25T16:23:22.869-04:00,-3537.597656,-34.772026
2026-08-25T16:23:22.869-04:00,-3530.273438,-27.446655
2026-08-25T16:23:22.869-04:00,-3522.949219,-18.141081
2026-08-25T16:23:22.869-04:00,-3515.625000,-23.593939
2026-08-25T16:23:22.869-04:00,-3508.300781,-20.218456
2026-08-25T16:23:22.869-04:00,-3500.976562,-16.521946
2026-08-25T16:23:22.869-04:00,-3493.652344,-22.051159
2026-08-25T16:23:22.869-04:00,-3486.328125,-15.275808
2026-08-25T16:23:22.869-04:00,-3479.003906,-15.810071
2026-08-25T16:23:22.869-04:00,-3471.679688,-20.112396
2026-08-25T16:23:22.869-04:00,-3464.355469,-18.744705
2026-08-25T16:23:22.869-04:00,-3457.031250,-18.423672
2026-08-25T16:23:22.869-04:00,-3449.707031,-19.427801
2026-08-25T16:23:22.869-04:00,-3442.382812,-22.420481
2026-08-25T16:23:22.869-04:00,-3435.058594,-22.980127
2026-08-25T16:23:22.869-04:00,-3427.734375,-23.598497
2026-08-25T16:23:22.869-04:00,-3420.410156,-16.791378
2026-08-25T16:23:22.869-04:00,-3413.085938,-13.409149
2026-08-25T16:23:22.869-04:00,-3405.761719,-16.871683
2026-08-25T16:23:22.869-04:00,-3398.437500,-17.599222
2026-08-25T16:23:22.869-04:00,-3391.113281,-17.110897
2026-08-25T16:23:22.869-04:00,-3383.789062,-23.638401
2026-08-25T16:23:22.869-04:00,-3376.464844,-19.259068
2026-08-25T16:23:22.869-04:00,-3369.140625,-13.913808
2026-08-25T16:23:22.869-04:00,-3361.816406,-14.606076
2026-08-25T16:23:22.869-04:00,-3354.492188,-17.932318
2026-08-25T16:23:22.869-04:00,-3347.167969,-30.581209
2026-08-25T16:23:22.869-04:00,-3339.843750,-21.664761
2026-08-25T16:23:22.869-04:00,-3332.519531,-15.167340
2026-08-25T16:23:22.869-04:00,-3325.195312,-11.784634
2026-08-25T16:23:22.869-04:00,-3317.871094,-13.002438
2026-08-25T16:23:22.869-04:00,-3310.546875,-21.580570
2026-08-25T16:23:22.869-04:00,-3303.222656,-31.485340
2026-08-25T16:23:22.869-04:00,-3295.898438,-20.521557
2026-08-25T16:23:22.869-04:00,-3288.574219,-22.882654
2026-08-25T16:23:22.869-04:00,-3281.250000,-25.684441
2026-08-25T16:23:22.869-04:00,-3273.925781,-24.853609
2026-08-25T16:23:22.869-04:00,-3266.601562,-17.949764
2026-08-25T16:23:22.869-04:00,-3259.277344,-21.811214
2026-08-25T16:23:22.869-04:00,-3251.953125,-25.235867
2026-08-25T16:23:22.869-04:00,-3244.628906,-18.962257
2026-08-25T16:23:22.869-04:00,-3237.304688,-17.827158
2026-08-25T16:23:22.869-04:00,-3229.980469,-22.605354
2026-08-25T16:23:22.869-04:00,-3222.656250,-32.383057
2026-08-25T16:23:22.869-04:00,-3215.332031,-28.919231
2026-08-25T16:23:22.869-04:00,-3208.007812,-16.937334
2026-08-25T16:23:22.869-04:00,-3200.683594,-13.477772
2026-08-25T16:23:22.869-04:00,-3193.359375,-15.488583
2026-08-25T16:23:22.869-04:00,-3186.035156,-20.443489
2026-08-25T16:23:22.869-04:00,-3178.710938,-17.479980
2026-08-25T16:23:22.869-04:00,-3171.386719,-16.473320
2026-08-25T16:23:22.869-04:00,-3164.062500,-14.180840
2026-08-25T16:23:22.869-04:00,-3156.738281,-14.242012
2026-08-25T16:23:22.869-04:00,-3149.414062,-12.261123
2026-08-25T16:23:22.869-04:00,-3142.089844,-12.834577
2026-08-25T16:23:22.869-04:00,-3134.765625,-20.007942
2026-08-25T16:23:22.869-04:00,-3127.441406,-29.606218
2026-08-25T16:23:22.869-04:00,-3120.117188,-23.059595
2026-08-25T16:23:22.869-04:00,-3112.792969,-22.813894
2026-08-25T16:23:22.869-04:00,-3105.468750,-25.427856
2026-08-25T16:23:22.869-04:00,-3098.144531,-25.806328
2026-08-25T16:23:22.869-04:00,-3090.820312,-24.966282
2026-08-25T16:23:22.869-04:00,-3083.496094,-19.349424
2026-08-25T16:23:22.869-04:00,-3076.171875,-25.059978
2026-08-25T16:23:22.869-04:00,-3068.847656,-22.808657
2026-08-25T16:23:22.869-04:00,-3061.523438,-21.774891
2026-08-25T16:23:22.869-04:00,-3054.199219,-22.987671
2026-08-25T16:23:22.869-04:00,-3046.875000,-16.571791
2026-08-25T16:23:22.869-04:00,-3039.550781,-16.929764
2026-08-25T16:23:22.869-04:00,-3032.226562,-15.493479
2026-08-25T16:23:22.869-04:00,-3024.902344,-15.606703
2026-08-25T16:23:22.869-04:00,-3017.578125,-17.885729
2026-08-25T16:23:22.869-04:00,-3010.253906,-18.116209
2026-08-25T16:23:22.869-04:00,-3002.929688,-19.941557
2026-08-25T16:23:22.869-04:00,-2995.605469,-20.414597
2026-08-25T16:23:22.869-04:00,-2988.281250,-18.583672
2026-08-25T16:23:22.869-04:00,-2980.957031,-19.955532
2026-08-25T16:23:22.869-04:00,-2973.632812,-53.301197
2026-08-25T16:23:22.869-04:00,-2966.308594,-28.621899
2026-08-25T16:23:22.869-04:00,-2958.984375,-29.506165
2026-08-25T16:23:22.869-04:00,-2951.660156,-35.513367
2026-08-25T16:23:22.869-04:00,-2944.335938,-21.203878
2026-08-25T16:23:22.869-04:00,-2937.011719,-23.568499
2026-08-25T16:23:22.869-04:00,-2929.687500,-18.857773
2026-08-25T16:23:22.869-04:00,-2922.363281,-19.997561
2026-08-25T16:23:22.869-04:00,-2915.039062,-17.961470
2026-08-25T16:23:22.869-04:00,-2907.714844,-14.265609
2026-08-25T16:23:22.869-04:00,-2900.390625,-13.416079
2026-08-25T16:23:22.869-04:00,-2893.066406,-13.047932
2026-08-25T16:23:22.869-04:00,-2885.742188,-15.870919
2026-08-25T16:23:22.869-04:00,-2878.417969,-15.962377
2026-08-25T16:23:22.869-04:00,-2871.093750,-15.028442
2026-08-25T16:23:22.869-04:00,-2863.769531,-16.419256
2026-08-25T16:23:22.869-04:00,-2856.445312,-11.401032
2026-08-25T16:23:22.869-04:00,-2849.121094,-12.115368
2026-08-25T16:23:22.869-04:00,-2841.796875,-16.503942
2026-08-25T16:23:22.869-04:00,-2834.472656,-25.087538
2026-08-25T16:23:22.869-04:00,-2827.148438,-25.713331
2026-08-25T16:23:22.869-04:00,-2819.824219,-37.665943
2026-08-25T16:23:22.869-04:00,-2812.500000,-32.957489
2026-08-25T16:23:22.869-04:00,-2805.175781,-32.188484
2026-08-25T16:23:22.869-04:00,-2797.851562,-28.158859
2026-08-25T16:23:22.869-04:00,-2790.527344,-24.268955
2026-08-25T16:23:22.869-04:00,-2783.203125,-16.396658
2026-08-25T16:23:22.869-04:00,-2775.878906,-16.926647
2026-08-25T16:23:22.869-04:00,-2768.554688,-32.732956
2026-08-25T16:23:22.869-04:00,-2761.230469,-23.569649
2026-08-25T16:23:22.869-04:00,-2753.906250,-22.430759
2026-08-25T16:23:22.869-04:00,-2746.582031,-20.513592
2026-08-25T16:23:22.869-04:00,-2739.257812,-20.040340
2026-08-25T16:23:22.869-04:00,-2731.933594,-17.927877
2026-08-25T16:23:22.869-04:00,-2724.609375,-16.278894
2026-08-25T16:23:22.869-04:00,-2717.285156,-20.459045
2026-08-25T16:23:22.869-04:00,-2709.960938,-21.409420
2026-08-25T16:23:22.869-04:00,-2702.636719,-20.719755
2026-08-25T16:23:22.869-04:00,-2695.312500,-22.874632
2026-08-25T16:23:22.869-04:00,-2687.988281,-22.774406
2026-08-25T16:23:22.869-04:00,-2680.664062,-25.382275
2026-08-25T16:23:22.869-04:00,-2673.339844,-24.537533
2026-08-25T16:23:22.869-04:00,-2666.015625,-19.197475
2026-08-25T16:23:22.869-04:00,-2658.691406,-14.101803
2026-08-25T16:23:22.869-04:00,-2651.367188,-15.051946
2026-08-25T16:23:22.869-04:00,-2644.042969,-29.433151
2026-08-25T16:23:22.869-04:00,-2636.718750,-19.137445
2026-08-25T16:23:22.869-04:00,-2629.394531,-17.690241
2026-08-25T16:23:22.869-04:00,-2622.070312,-17.672623
2026-08-25T16:23:22.869-04:00,-2614.746094,-21.340252
2026-08-25T16:23:22.869-04:00,-2607.421875,-25.780363
2026-08-25T16:23:22.869-04:00,-2600.097656,-28.038521
2026-08-25T16:23:22.869-04:00,-2592.773438,-31.981585
2026-08-25T16:23:22.869-04:00,-2585.449219,-23.292629
2026-08-25T16:23:22.869-04:00,-2578.125000,-23.510632
2026-08-25T16:23:22.869-04:00,-2570.800781,-18.448269
2026-08-25T16:23:22.869-04:00,-2563.476562,-21.147223
2026-08-25T16:23:22.869-04:00,-2556.152344,-23.451595
2026-08-25T16:23:22.869-04:00,-2548.828125,-29.675308
2026-08-25T16:23:22.869-04:00,-2541.503906,-19.650246
2026-08-25T16:23:22.869-04:00,-2534.179688,-16.808151
2026-08-25T16:23:22.869-04:00,-2526.855469,-22.868038
2026-08-25T16:23:22.869-04:00,-2519.531250,-22.908405
2026-08-25T16:23:22.869-04:00,-2512.207031,-21.284868
2026-08-25T16:23:22.869-04:00,-2504.882812,-23.659863
2026-08-25T16:23:22.869-04:00,-2497.558594,-20.005745
2026-08-25T16:23:22.869-04:00,-2490.234375,-18.712183
2026-08-25T16:23:22.869-04:00,-2482.910156,-25.118635
2026-08-25T16:23:22.869-04:00,-2475.585938,-23.501646
2026-08-25T16:23:22.869-04:00,-2468.261719,-19.404446
2026-08-25T16:23:22.869-04:00,-2460.937500,-15.908338
2026-08-25T16:23:22.869-04:00,-2453.613281,-15.243904
2026-08-25T16:23:22.869-04:00,-2446.289062,-19.365351
2026-08-25T16:23:22.869-04:00,-2438.964844,-20.149544
2026-08-25T16:23:22.869-04:00,-2431.640625,-22.180195
2026-08-25T16:23:22.869-04:00,-2424.316406,-41.875042
2026-08-25T16:23:22.869-04:00,-2416.992188,-29.286469
2026-08-25T16:23:22.869-04:00,-2409.667969,-21.145374
2026-08-25T16:23:22.869-04:00,-2402.343750,-19.005848
2026-08-25T16:23:22.869-04:00,-2395.019531,-26.468870
2026-08-25T16:23:22.869-04:00,-2387.695312,-24.429909
2026-08-25T16:23:22.869-04:00,-2380.371094,-22.588598
2026-08-25T16:23:22.869-04:00,-2373.046875,-21.905354
2026-08-25T16:23:22.869-04:00,-2365.722656,-14.155758
2026-08-25T16:23:22.869-04:00,-2358.398438,-10.682085
2026-08-25T16:23:22.869-04:00,-2351.074219,-12.535320
2026-08-25T16:23:22.869-04:00,-2343.750000,-16.950701
2026-08-25T16:23:22.869-04:00,-2336.425781,-20.503620
2026-08-25T16:23:22.869-04:00,-2329.101562,-25.487652
2026-08-25T16:23:22.869-04:00,-2321.777344,-21.660891
2026-08-25T16:23:22.869-04:00,-2314.453125,-22.914745
2026-08-25T16:23:22.869-04:00,-2307.128906,-21.729364
2026-08-25T16:23:22.869-04:00,-2299.804688,-16.787369
2026-08-25T16:23:22.869-04:00,-2292.480469,-19.216297
2026-08-25T16:23:22.869-04:00,-2285.156250,-23.596451
2026-08-25T16:23:22.869-04:00,-2277.832031,-14.229440
2026-08-25T16:23:22.869-04:00,-2270.507812,-13.798409
2026-08-25T16:23:22.869-04:00,-2263.183594,-16.370609
2026-08-25T16:23:22.869-04:00,-2255.859375,-19.785612
2026-08-25T16:23:22.869-04:00,-2248.535156,-15.156346
2026-08-25T16:23:22.869-04:00,-2241.210938,-13.800085
2026-08-25T16:23:22.869-04:00,-2233.886719,-12.352938
2026-08-25T16:23:22.869-04:00,-2226.562500,-14.129523
2026-08-25T16:23:22.869-04:00,-2219.238281,-30.401066
2026-08-25T16:23:22.869-04:00,-2211.914062,-19.617149
2026-08-25T16:23:22.869-04:00,-2204.589844,-18.139906
2026-08-25T16:23:22.869-04:00,-2197.265625,-18.837812
2026-08-25T16:23:22.869-04:00,-2189.941406,-15.421897
2026-08-25T16:23:22.869-04:00,-2182.617188,-17.121082
2026-08-25T16:23:22.869-04:00,-2175.292969,-22.253757
2026-08-25T16:23:22.869-04:00,-2167.968750,-21.701256
2026-08-25T16:23:22.869-04:00,-2160.644531,-15.151950
2026-08-25T16:23:22.869-04:00,-2153.320312,-12.078484
2026-08-25T16:23:22.869-04:00,-2145.996094,-12.306999
2026-08-25T16:23:22.869-04:00,-2138.671875,-14.430275
2026-08-25T16:23:22.869-04:00,-2131.347656,-15.164024
2026-08-25T16:23:22.869-04:00,-2124.023438,-22.296749
2026-08-25T16:23:22.869-04:00,-2116.699219,-16.682669
2026-08-25T16:23:22.869-04:00,-2109.375000,-13.397524
2026-08-25T16:23:22.869-04:00,-2102.050781,-15.878250
2026-08-25T16:23:22.869-04:00,-2094.726562,-19.902872
2026-08-25T16:23:22.869-04:00,-2087.402344,-22.016453
2026-08-25T16:23:22.869-04:00,-2080.078125,-19.307501
2026-08-25T16:23:22.869-04:00,-2072.753906,-19.442404
2026-08-25T16:23:22.869-04:00,-2065.429688,-23.237295
2026-08-25T16:23:22.869-04:00,-2058.105469,-28.277031
2026-08-25T16:23:22.869-04:00,-2050.781250,-19.109509
2026-08-25T16:23:22.869-04:00,-2043.457031,-14.611174
2026-08-25T16:23:22.869-04:00,-2036.132812,-15.923120
2026-08-25T16:23:22.869-04:00,-2028.808594,-19.549339
2026-08-25T16:23:22.869-04:00,-2021.484375,-18.982355
2026-08-25T16:23:22.869-04:00,-2014.160156,-20.663643
2026-08-25T16:23:22.869-04:00,-2006.835938,-19.770197
2026-08-25T16:23:22.869-04:00,-1999.511719,-15.418004
2026-08-25T16:23:22.869-04:00,-1992.187500,-17.048794
2026-08-25T16:23:22.869-04:00,-1984.863281,-20.567322
2026-08-25T16:23:22.869-04:00,-1977.539062,-17.033562
2026-08-25T16:23:22.869-04:00,-1970.214844,-19.439014
2026-08-25T16:23:22.869-04:00,-1962.890625,-15.466669
2026-08-25T16:23:22.869-04:00,-1955.566406,-15.560390
2026-08-25T16:23:22.869-04:00,-1948.242188,-16.625750
2026-08-25T16:23:22.869-04:00,-1940.917969,-14.922831
2026-08-25T16:23:22.869-04:00,-1933.593750,-16.852468
2026-08-25T16:23:22.869-04:00,-1926.269531,-19.283838
2026-08-25T16:23:22.869-04:00,-1918.945312,-19.653692
2026-08-25T16:23:22.869-04:00,-1911.621094,-27.564295
2026-08-25T16:23:22.869-04:00,-1904.296875,-20.130709
2026-08-25T16:23:22.869-04:00,-1896.972656,-15.466949
2026-08-25T16:23:22.869-04:00,-1889.648438,-13.723883
2026-08-25T16:23:22.869-04:00,-1882.324219,-14.740644
2026-08-25T16:23:22.869-04:00,-1875.000000,-23.196714
2026-08-25T16:23:22.869-04:00,-1867.675781,-26.731689
2026-08-25T16:23:22.869-04:00,-1860.351562,-18.202923
2026-08-25T16:23:22.869-04:00,-1853.027344,-15.923086
2026-08-25T16:23:22.869-04:00,-1845.703125,-17.580626
2026-08-25T16:23:22.869-04:00,-1838.378906,-17.658537
2026-08-25T16:23:22.869-04:00,-1831.054688,-18.132183
2026-08-25T16:23:22.869-04:00,-1823.730469,-20.626257
2026-08-25T16:23:22.869-04:00,-1816.406250,-18.605782
2026-08-25T16:23:22.869-04:00,-1809.082031,-20.657017
2026-08-25T16:23:22.869-04:00,-1801.757812,-27.606937
2026-08-25T16:23:22.869-04:00,-1794.433594,-21.822746
2026-08-25T16:23:22.869-04:00,-1787.109375,-20.123871
2026-08-25T16:23:22.869-04:00,-1779.785156,-16.584835
2026-08-25T16:23:22.869-04:00,-1772.460938,-16.780209
2026-08-25T16:23:22.869-04:00,-1765.136719,-20.968035
2026-08-25T16:23:22.869-04:00,-1757.812500,-21.334976
2026-08-25T16:23:22.869-04:00,-1750.488281,-21.717823
2026-08-25T16:23:22.869-04:00,-1743.164062,-20.507801
2026-08-25T16:23:22.869-04:00,-1735.839844,-47.305267
2026-08-25T16:23:22.869-04:00,-1728.515625,-15.549147
2026-08-25T16:23:22.869-04:00,-1721.191406,-16.722609
2026-08-25T16:23:22.869-04:00,-1713.867188,-23.756943
2026-08-25T16:23:22.869-04:00,-1706.542969,-14.693051
2026-08-25T16:23:22.869-04:00,-1699.218750,-18.045599
2026-08-25T16:23:22.869-04:00,-1691.894531,-36.897522
2026-08-25T16:23:22.869-04:00,-1684.570312,-21.928040
2026-08-25T16:23:22.869-04:00,-1677.246094,-19.423025
2026-08-25T16:23:22.869-04:00,-1669.921875,-15.500998
2026-08-25T16:23:22.869-04:00,-1662.597656,-18.032692
2026-08-25T16:23:22.869-04:00,-1655.273438,-20.855698
2026-08-25T16:23:22.869-04:00,-1647.949219,-16.852106
2026-08-25T16:23:22.869-04:00,-1640.625000,-18.694117
2026-08-25T16:23:22.869-04:00,-1633.300781,-16.757915
2026-08-25T16:23:22.869-04:00,-1625.976562,-20.500986
2026-08-25T16:23:22.869-04:00,-1618.652344,-17.436178
2026-08-25T16:23:22.869-04:00,-1611.328125,-14.858551
2026-08-25T16:23:22.869-04:00,-1604.003906,-23.380718
2026-08-25T16:23:22.869-04:00,-1596.679688,-25.069216
2026-08-25T16:23:22.869-04:00,-1589.355469,-27.131197
2026-08-25T16:23:22.869-04:00,-1582.031250,-26.612957
2026-08-25T16:23:22.869-04:00,-1574.707031,-26.183023
2026-08-25T16:23:22.869-04:00,-1567.382812,-34.123478
2026-08-25T16:23:22.869-04:00,-1560.058594,-21.483589
2026-08-25T16:23:22.869-04:00,-1552.734375,-21.952402
2026-08-25T16:23:22.869-04:00,-1545.410156,-41.458099
2026-08-25T16:23:22.869-04:00,-1538.085938,-22.474396
2026-08-25T16:23:22.869-04:00,-1530.761719,-23.600658
2026-08-25T16:23:22.869-04:00,-1523.437500,-30.862513
2026-08-25T16:23:22.869-04:00,-1516.113281,-21.963512
2026-08-25T16:23:22.869-04:00,-1508.789062,-18.815334
2026-08-25T16:23:22.869-04:00,-1501.464844,-16.627861
2026-08-25T16:23:22.869-04:00,-1494.140625,-14.526213
2026-08-25T16:23:22.869-04:00,-1486.816406,-20.030222
2026-08-25T16:23:22.869-04:00,-1479.492188,-25.718679
2026-08-25T16:23:22.869-04:00,-1472.167969,-23.001623
2026-08-25T16:23:22.869-04:00,-1464.843750,-20.433695
2026-08-25T16:23:22.869-04:00,-1457.519531,-16.335512
2026-08-25T16:23:22.869-04:00,-1450.195312,-14.833669
2026-08-25T16:23:22.869-04:00,-1442.871094,-18.181187
2026-08-25T16:23:22.869-04:00,-1435.546875,-23.546274
2026-08-25T16:23:22.869-04:00,-1428.222656,-29.774408
2026-08-25T16:23:22.869-04:00,-1420.898438,-20.666121
2026-08-25T16:23:22.869-04:00,-1413.574219,-19.765858
2026-08-25T16:23:22.869-04:00,-1406.250000,-23.022785
2026-08-25T16:23:22.869-04:00,-1398.925781,-19.081684
2026-08-25T16:23:22.869-04:00,-1391.601562,-14.731283
2026-08-25T16:23:22.869-04:00,-1384.277344,-12.962839
2026-08-25T16:23:22.869-04:00,-1376.953125,-14.095831
2026-08-25T16:23:22.869-04:00,-1369.628906,-16.415174
2026-08-25T16:23:22.869-04:00,-1362.304688,-19.024694
2026-08-25T16:23:22.869-04:00,-1354.980469,-32.219398
2026-08-25T16:23:22.869-04:00,-1347.656250,-20.750942
2026-08-25T16:23:22.869-04:00,-1340.332031,-21.153816
2026-08-25T16:23:22.869-04:00,-1333.007812,-21.868555
2026-08-25T16:23:22.869-04:00,-1325.683594,-14.633448
2026-08-25T16:23:22.869-04:00,-1318.359375,-16.337975
2026-08-25T16:23:22.869-04:00,-1311.035156,-19.135529
2026-08-25T16:23:22.869-04:00,-1303.710938,-19.497389
2026-08-25T16:23:22.869-04:00,-1296.386719,-20.475468
2026-08-25T16:23:22.869-04:00,-1289.062500,-19.732206
2026-08-25T16:23:22.869-04:00,-1281.738281,-25.088245
2026-08-25T16:23:22.869-04:00,-1274.414062,-17.228607
2026-08-25T16:23:22.869-04:00,-1267.089844,-12.838280
2026-08-25T16:23:22.869-04:00,-1259.765625,-14.373528
2026-08-25T16:23:22.869-04:00,-1252.441406,-20.773556
2026-08-25T16:23:22.869-04:00,-1245.117188,-23.633339
2026-08-25T16:23:22.869-04:00,-1237.792969,-29.385702
2026-08-25T16:23:22.869-04:00,-1230.468750,-27.723049
2026-08-25T16:23:22.869-04:00,-1223.144531,-21.799427
2026-08-25T16:23:22.869-04:00,-1215.820312,-17.320938
2026-08-25T16:23:22.869-04:00,-1208.496094,-13.826721
2026-08-25T16:23:22.869-04:00,-1201.171875,-11.807070
2026-08-25T16:23:22.869-04:00,-1193.847656,-13.951155
2026-08-25T16:23:22.869-04:00,-1186.523438,-24.944342
2026-08-25T16:23:22.869-04:00,-1179.199219,-29.886517
2026-08-25T16:23:22.869-04:00,-1171.875000,-21.943375
2026-08-25T16:23:22.869-04:00,-1164.550781,-24.585297
2026-08-25T16:23:22.869-04:00,-1157.226562,-24.732168
2026-08-25T16:23:22.869-04:00,-1149.902344,-18.628910
2026-08-25T16:23:22.869-04:00,-1142.578125,-19.621159
2026-08-25T16:23:22.869-04:00,-1135.253906,-22.265957
2026-08-25T16:23:22.869-04:00,-1127.929688,-19.277315
2026-08-25T16:23:22.869-04:00,-1120.605469,-24.493576
2026-08-25T16:23:22.869-04:00,-1113.281250,-24.351585
2026-08-25T16:23:22.869-04:00,-1105.957031,-21.978590
2026-08-25T16:23:22.869-04:00,-1098.632812,-16.598837
2026-08-25T16:23:22.869-04:00,-1091.308594,-13.858280
2026-08-25T16:23:22.869-04:00,-1083.984375,-21.727291
2026-08-25T16:23:22.869-04:00,-1076.660156,-25.970203
2026-08-25T16:23:22.869-04:00,-1069.335938,-18.422714
2026-08-25T16:23:22.869-04:00,-1062.011719,-16.347031
2026-08-25T16:23:22.869-04:00,-1054.687500,-17.376980
2026-08-25T16:23:22.869-04:00,-1047.363281,-21.352413
2026-08-25T16:23:22.869-04:00,-1040.039062,-36.152931
2026-08-25T16:23:22.869-04:00,-1032.714844,-24.650967
2026-08-25T16:23:22.869-04:00,-1025.390625,-24.735184
2026-08-25T16:23:22.869-04:00,-1018.066406,-28.597506
2026-08-25T16:23:22.869-04:00,-1010.742188,-27.549252
2026-08-25T16:23:22.869-04:00,-1003.417969,-22.239773
2026-08-25T16:23:22.869-04:00,-996.093750,-20.093616
2026-08-25T16:23:22.869-04:00,-988.769531,-20.401848
2026-08-25T16:23:22.869-04:00,-981.445312,-23.123428
2026-08-25T16:23:22.869-04:00,-974.121094,-24.280216
2026-08-25T16:23:22.869-04:00,-966.796875,-34.244919
2026-08-25T16:23:22.869-04:00,-959.472656,-15.661646
2026-08-25T16:23:22.869-04:00,-952.148438,-15.363279
2026-08-25T16:23:22.869-04:00,-944.824219,-28.780794
2026-08-25T16:23:22.869-04:00,-937.500000,-16.371758
2026-08-25T16:23:22.869-04:00,-930.175781,-14.553755
2026-08-25T16:23:22.869-04:00,-922.851562,-14.047611
2026-08-25T16:23:22.869-04:00,-915.527344,-13.224171
2026-08-25T16:23:22.869-04:00,-908.203125,-14.421134
2026-08-25T16:23:22.869-04:00,-900.878906,-18.356359
2026-08-25T16:23:22.869-04:00,-893.554688,-20.377155
2026-08-25T16:23:22.869-04:00,-886.230469,-22.143946
2026-08-25T16:23:22.869-04:00,-878.906250,-28.202734
2026-08-25T16:23:22.869-04:00,-871.582031,-20.348490
2026-08-25T16:23:22.869-04:00,-864.257812,-17.687164
2026-08-25T16:23:22.869-04:00,-856.933594,-33.545891
2026-08-25T16:23:22.869-04:00,-849.609375,-15.999588
2026-08-25T16:23:22.869-04:00,-842.285156,-16.938000
2026-08-25T16:23:22.869-04:00,-834.960938,-21.821953
2026-08-25T16:23:22.869-04:00,-827.636719,-16.829815
2026-08-25T16:23:22.869-04:00,-820.312500,-17.913895
2026-08-25T16:23:22.869-04:00,-812.988281,-20.984810
2026-08-25T16:23:22.869-04:00,-805.664062,-26.319695
2026-08-25T16:23:22.869-04:00,-798.339844,-31.526339
2026-08-25T16:23:22.869-04:00,-791.015625,-27.248089
2026-08-25T16:23:22.869-04:00,-783.691406,-18.582493
2026-08-25T16:23:22.869-04:00,-776.367188,-20.613686
2026-08-25T16:23:22.869-04:00,-769.042969,-28.629551
2026-08-25T16:23:22.869-04:00,-761.718750,-25.370667
2026-08-25T16:23:22.869-04:00,-754.394531,-22.658680
2026-08-25T16:23:22.869-04:00,-747.070312,-23.194429
2026-08-25T16:23:22.869-04:00,-739.746094,-21.933737
2026-08-25T16:23:22.869-04:00,-732.421875,-22.664928
2026-08-25T16:23:22.869-04:00,-725.097656,-19.226435
2026-08-25T16:23:22.869-04:00,-717.773438,-18.080948
2026-08-25T16:23:22.869-04:00,-710.449219,-22.558434
2026-08-25T16:23:22.869-04:00,-703.125000,-32.789829
2026-08-25T16:23:22.869-04:00,-695.800781,-26.964211
2026-08-25T16:23:22.869-04:00,-688.476562,-19.744444
2026-08-25T16:23:22.869-04:00,-681.152344,-18.702305
2026-08-25T16:23:22.869-04:00,-673.828125,-18.544426
2026-08-25T16:23:22.869-04:00,-666.503906,-16.379259
2026-08-25T16:23:22.869-04:00,-659.179688,-32.801666
2026-08-25T16:23:22.869-04:00,-651.855469,-19.419910
2026-08-25T16:23:22.869-04:00,-644.531250,-17.134340
2026-08-25T16:23:22.869-04:00,-637.207031,-19.597990
2026-08-25T16:23:22.869-04:00,-629.882812,-24.842201
2026-08-25T16:23:22.869-04:00,-622.558594,-16.267628
2026-08-25T16:23:22.869-04:00,-615.234375,-18.845131
2026-08-25T16:23:22.869-04:00,-607.910156,-24.245304
2026-08-25T16:23:22.869-04:00,-600.585938,-14.697264
2026-08-25T16:23:22.869-04:00,-593.261719,-14.379878
2026-08-25T16:23:22.869-04:00,-585.937500,-16.564844
2026-08-25T16:23:22.869-04:00,-578.613281,-21.992817
2026-08-25T16:23:22.869-04:00,-571.289062,-30.095045
2026-08-25T16:23:22.869-04:00,-563.964844,-22.034719
2026-08-25T16:23:22.869-04:00,-556.640625,-18.533428
2026-08-25T16:23:22.869-04:00,-549.316406,-19.668343
2026-08-25T16:23:22.869-04:00,-541.992188,-19.216352
2026-08-25T16:23:22.869-04:00,-534.667969,-17.385675
2026-08-25T16:23:22.869-04:00,-527.343750,-22.091997
2026-08-25T16:23:22.869-04:00,-520.019531,-20.387997
2026-08-25T16:23:22.869-04:00,-512.695312,-20.730633
2026-08-25T16:23:22.869-04:00,-505.371094,-22.844856
2026-08-25T16:23:22.869-04:00,-498.046875,-17.119301
2026-08-25T16:23:22.869-04:00,-490.722656,-24.855747
2026-08-25T16:23:22.869-04:00,-483.398438,-17.532265
2026-08-25T16:23:22.869-04:00,-476.074219,-13.028461
2026-08-25T16:23:22.869-04:00,-468.750000,-13.999582
2026-08-25T16:23:22.869-04:00,-461.425781,-20.027773
2026-08-25T16:23:22.869-04:00,-454.101562,-22.033314
2026-08-25T16:23:22.869-04:00,-446.777344,-19.174910
2026-08-25T16:23:22.869-04:00,-439.453125,-19.392817
2026-08-25T16:23:22.869-04:00,-432.128906,-34.599224
2026-08-25T16:23:22.869-04:00,-424.804688,-20.842226
2026-08-25T16:23:22.869-04:00,-417.480469,-15.064229
2026-08-25T16:23:22.869-04:00,-410.156250,-13.293238
2026-08-25T16:23:22.869-04:00,-402.832031,-17.273861
2026-08-25T16:23:22.869-04:00,-395.507812,-21.971930
2026-08-25T16:23:22.869-04:00,-388.183594,-23.385237
2026-08-25T16:23:22.869-04:00,-380.859375,-24.616335
2026-08-25T16:23:22.869-04:00,-373.535156,-21.302685
2026-08-25T16:23:22.869-04:00,-366.210938,-18.550413
2026-08-25T16:23:22.869-04:00,-358.886719,-16.706964
2026-08-25T16:23:22.869-04:00,-351.562500,-14.564338
2026-08-25T16:23:22.869-04:00,-344.238281,-16.549593
2026-08-25T16:23:22.869-04:00,-336.914062,-18.917892
2026-08-25T16:23:22.869-04:00,-329.589844,-31.661493
2026-08-25T16:23:22.869-04:00,-322.265625,-20.391376
2026-08-25T16:23:22.869-04:00,-314.941406,-17.385256
2026-08-25T16:23:22.869-04:00,-307.617188,-20.935076
2026-08-25T16:23:22.869-04:00,-300.292969,-21.995575
2026-08-25T16:23:22.869-04:00,-292.968750,-24.573288
2026-08-25T16:23:22.869-04:00,-285.644531,-16.172894
2026-08-25T16:23:22.869-04:00,-278.320312,-16.812254
2026-08-25T16:23:22.869-04:00,-270.996094,-20.365593
2026-08-25T16:23:22.869-04:00,-263.671875,-29.052910
2026-08-25T16:23:22.869-04:00,-256.347656,-20.674858
2026-08-25T16:23:22.869-04:00,-249.023438,-16.997078
2026-08-25T16:23:22.869-04:00,-241.699219,-19.597300
2026-08-25T16:23:22.869-04:00,-234.375000,-21.727749
2026-08-25T16:23:22.869-04:00,-227.050781,-17.999815
2026-08-25T16:23:22.869-04:00,-219.726562,-14.610320
2026-08-25T16:23:22.869-04:00,-212.402344,-14.577941
2026-08-25T16:23:22.869-04:00,-205.078125,-23.169098
2026-08-25T16:23:22.869-04:00,-197.753906,-22.625977
2026-08-25T16:23:22.869-04:00,-190.429688,-27.031736
2026-08-25T16:23:22.869-04:00,-183.105469,-13.561697
2026-08-25T16:23:22.869-04:00,-175.781250,-14.136491
2026-08-25T16:23:22.869-04:00,-168.457031,-23.763168
2026-08-25T16:23:22.869-04:00,-161.132812,-21.904423
2026-08-25T16:23:22.869-04:00,-153.808594,-27.008549
2026-08-25T16:23:22.869-04:00,-146.484375,-21.225508
2026-08-25T16:23:22.869-04:00,-139.160156,-18.367659
2026-08-25T16:23:22.869-04:00,-131.835938,-18.833490
2026-08-25T16:23:22.869-04:00,-124.511719,-21.613762
2026-08-25T16:23:22.869-04:00,-117.187500,-23.121948
2026-08-25T16:23:22.869-04:00,-109.863281,-23.871290
2026-08-25T16:23:22.869-04:00,-102.539062,-24.372570
2026-08-25T16:23:22.869-04:00,-95.214844,-39.422054
2026-08-25T16:23:22.869-04:00,-87.890625,-23.518942
2026-08-25T16:23:22.869-04:00,-80.566406,-23.031160
2026-08-25T16:23:22.869-04:00,-73.242188,-22.877104
2026-08-25T16:23:22.869-04:00,-65.917969,-22.376209
2026-08-25T16:23:22.869-04:00,-58.593750,-26.739204
2026-08-25T16:23:22.869-04:00,-51.269531,-31.528749
2026-08-25T16:23:22.869-04:00,-43.945312,-27.428844
2026-08-25T16:23:22.869-04:00,-36.621094,-23.211939
2026-08-25T16:23:22.869-04:00,-29.296875,-21.726263
2026-08-25T16:23:22.869-04:00,-21.972656,-18.901684
2026-08-25T16:23:22.869-04:00,-14.648438,-24.364252
2026-08-25T16:23:22.869-04:00,-7.324219,-21.197607
2026-08-25T16:23:22.869-04:00,0.000000,-16.081499
2026-08-25T16:23:22.869-04:00,7.324219,-16.272205
2026-08-25T16:23:22.869-04:00,14.648438,-18.525431
2026-08-25T16:23:22.869-04:00,21.972656,-33.664696
2026-08-25T16:23:22.869-04:00,29.296875,-21.809511
2026-08-25T16:23:22.869-04:00,36.621094,-17.242004
2026-08-25T16:23:22.869-04:00,43.945312,-14.477341
2026-08-25T16:23:22.869-04:00,51.269531,-13.703547
2026-08-25T16:23:22.869-04:00,58.593750,-16.788326
2026-08-25T16:23:22.869-04:00,65.917969,-18.287941
2026-08-25T16:23:22.869-04:00,73.242188,-15.030766
2026-08-25T16:23:22.869-04:00,80.566406,-16.813223
2026-08-25T16:23:22.869-04:00,87.890625,-27.520273
2026-08-25T16:23:22.869-04:00,95.214844,-25.108540
2026-08-25T16:23:22.869-04:00,102.539062,-26.845085
2026-08-25T16:23:22.869-04:00,109.863281,-22.303139
2026-08-25T16:23:22.869-04:00,117.187500,-20.487247
2026-08-25T16:23:22.869-04:00,124.511719,-18.698360
2026-08-25T16:23:22.869-04:00,131.835938,-17.193998
2026-08-25T16:23:22.869-04:00,139.160156,-16.977848
2026-08-25T16:23:22.869-04:00,146.484375,-14.762019
2026-08-25T16:23:22.869-04:00,153.808594,-18.095711
2026-08-25T16:23:22.869-04:00,161.132812,-17.728924
2026-08-25T16:23:22.869-04:00,168.457031,-23.008720
2026-08-25T16:23:22.869-04:00,175.781250,-30.877037
2026-08-25T16:23:22.869-04:00,183.105469,-16.507513
2026-08-25T16:23:22.869-04:00,190.429688,-14.618030
2026-08-25T16:23:22.869-04:00,197.753906,-18.606302
2026-08-25T16:23:22.869-04:00,205.078125,-18.562632
2026-08-25T16:23:22.869-04:00,212.402344,-21.469658
2026-08-25T16:23:22.869-04:00,219.726562,-23.377932
2026-08-25T16:23:22.869-04:00,227.050781,-27.494852
2026-08-25T16:23:22.869-04:00,234.375000,-26.386040
2026-08-25T16:23:22.869-04:00,241.699219,-23.994596
2026-08-25T16:23:22.869-04:00,249.023438,-25.230824
2026-08-25T16:23:22.869-04:00,256.347656,-21.830500
2026-08-25T16:23:22.869-04:00,263.671875,-27.954084
2026-08-25T16:23:22.869-04:00,270.996094,-17.297659
2026-08-25T16:23:22.869-04:00,278.320312,-20.212296
2026-08-25T16:23:22.869-04:00,285.644531,-18.510769
2026-08-25T16:23:22.869-04:00,292.968750,-23.450306
2026-08-25T16:23:22.869-04:00,300.292969,-26.334856
2026-08-25T16:23:22.869-04:00,307.617188,-19.936552
2026-08-25T16:23:22.869-04:00,314.941406,-18.481951
2026-08-25T16:23:22.869-04:00,322.265625,-19.277056
2026-08-25T16:23:22.869-04:00,329.589844,-23.147682
2026-08-25T16:23:22.869-04:00,336.914062,-18.692444
2026-08-25T16:23:22.869-04:00,344.238281,-18.140930
2026-08-25T16:23:22.869-04:00,351.562500,-22.171247
2026-08-25T16:23:22.869-04:00,358.886719,-18.410263
2026-08-25T16:23:22.869-04:00,366.210938,-16.337563
2026-08-25T16:23:22.869-04:00,373.535156,-13.997879
2026-08-25T16:23:22.869-04:00,380.859375,-15.725636
2026-08-25T16:23:22.869-04:00,388.183594,-27.443668
2026-08-25T16:23:22.869-04:00,395.507812,-27.190968
2026-08-25T16:23:22.869-04:00,402.832031,-34.731422
2026-08-25T16:23:22.869-04:00,410.156250,-23.119263
2026-08-25T16:23:22.869-04:00,417.480469,-20.432959
2026-08-25T16:23:22.869-04:00,424.804688,-13.595127
2026-08-25T16:23:22.869-04:00,432.128906,-15.463610
2026-08-25T16:23:22.869-04:00,439.453125,-21.098866
2026-08-25T16:23:22.869-04:00,446.777344,-16.563671
2026-08-25T16:23:22.869-04:00,454.101562,-20.577757
2026-08-25T16:23:22.869-04:00,461.425781,-28.191864
2026-08-25T16:23:22.869-04:00,468.750000,-17.847076
2026-08-25T16:23:22.869-04:00,476.074219,-17.470671
2026-08-25T16:23:22.869-04:00,483.398438,-20.481541
2026-08-25T16:23:22.869-04:00,490.722656,-26.140020
2026-08-25T16:23:22.869-04:00,498.046875,-16.313744
2026-08-25T16:23:22.869-04:00,505.371094,-14.081021
2026-08-25T16:23:22.869-04:00,512.695312,-16.346056
2026-08-25T16:23:22.869-04:00,520.019531,-25.085236
2026-08-25T16:23:22.869-04:00,527.343750,-38.194527
2026-08-25T16:23:22.869-04:00,534.667969,-27.831974
2026-08-25T16:23:22.869-04:00,541.992188,-19.703276
2026-08-25T16:23:22.869-04:00,549.316406,-17.454918
2026-08-25T16:23:22.869-04:00,556.640625,-16.208132
2026-08-25T16:23:22.869-04:00,563.964844,-16.126307
2026-08-25T16:23:22.869-04:00,571.289062,-21.884430
2026-08-25T16:23:22.869-04:00,578.613281,-25.871515
2026-08-25T16:23:22.869-04:00,585.937500,-30.101368
2026-08-25T16:23:22.869-04:00,593.261719,-22.143173
2026-08-25T16:23:22.869-04:00,600.585938,-16.830153
2026-08-25T16:23:22.869-04:00,607.910156,-13.164444
2026-08-25T16:23:22.869-04:00,615.234375,-13.644671
2026-08-25T16:23:22.869-04:00,622.558594,-17.763260
2026-08-25T16:23:22.869-04:00,629.882812,-16.305277
2026-08-25T16:23:22.869-04:00,637.207031,-16.454517
2026-08-25T16:23:22.869-04:00,644.531250,-23.991928
2026-08-25T16:23:22.869-04:00,651.855469,-33.363384
2026-08-25T16:23:22.869-04:00,659.179688,-29.970421
2026-08-25T16:23:22.869-04:00,666.503906,-31.000698
2026-08-25T16:23:22.869-04:00,673.828125,-17.468199
2026-08-25T16:23:22.869-04:00,681.152344,-14.273401
2026-08-25T16:23:22.869-04:00,688.476562,-15.943962
2026-08-25T16:23:22.869-04:00,695.800781,-21.803314
2026-08-25T16:23:22.869-04:00,703.125000,-24.035616
2026-08-25T16:23:22.869-04:00,710.449219,-19.083599
2026-08-25T16:23:22.869-04:00,717.773438,-17.038288
2026-08-25T16:23:22.869-04:00,725.097656,-15.387191
2026-08-25T16:23:22.869-04:00,732.421875,-19.138411
2026-08-25T16:23:22.869-04:00,739.746094,-26.764416
2026-08-25T16:23:22.869-04:00,747.070312,-16.593216
2026-08-25T16:23:22.869-04:00,754.394531,-17.726213
2026-08-25T16:23:22.869-04:00,761.718750,-26.387447
2026-08-25T16:23:22.869-04:00,769.042969,-25.491484
2026-08-25T16:23:22.869-04:00,776.367188,-19.512222
2026-08-25T16:23:22.869-04:00,783.691406,-20.295147
2026-08-25T16:23:22.869-04:00,791.015625,-41.370220
2026-08-25T16:23:22.869-04:00,798.339844,-22.421253
2026-08-25T16:23:22.869-04:00,805.664062,-18.640341
2026-08-25T16:23:22.869-04:00,812.988281,-17.702978
2026-08-25T16:23:22.869-04:00,820.312500,-23.382038
2026-08-25T16:23:22.869-04:00,827.636719,-28.672237
2026-08-25T16:23:22.869-04:00,834.960938,-23.212900
2026-08-25T16:23:22.869-04:00,842.285156,-22.990589
2026-08-25T16:23:22.869-04:00,849.609375,-31.279530
2026-08-25T16:23:22.869-04:00,856.933594,-19.364836
2026-08-25T16:23:22.869-04:00,864.257812,-19.866268
2026-08-25T16:23:22.869-04:00,871.582031,-21.193214
2026-08-25T16:23:22.869-04:00,878.906250,-20.010794
2026-08-25T16:23:22.869-04:00,886.230469,-23.368559
2026-08-25T16:23:22.869-04:00,893.554688,-27.843990
2026-08-25T16:23:22.869-04:00,900.878906,-15.381084
2026-08-25T16:23:22.869-04:00,908.203125,-13.417898
2026-08-25T16:23:22.869-04:00,915.527344,-18.736509
2026-08-25T16:23:22.869-04:00,922.851562,-19.721739
2026-08-25T16:23:22.869-04:00,930.175781,-22.730549
2026-08-25T16:23:22.869-04:00,937.500000,-29.090940
2026-08-25T16:23:22.869-04:00,944.824219,-19.112228
2026-08-25T16:23:22.869-04:00,952.148438,-23.245861
2026-08-25T16:23:22.869-04:00,959.472656,-24.197435
2026-08-25T16:23:22.869-04:00,966.796875,-16.926165
2026-08-25T16:23:22.869-04:00,974.121094,-16.511562
2026-08-25T16:23:22.869-04:00,981.445312,-18.317034
2026-08-25T16:23:22.869-04:00,988.769531,-24.131517
2026-08-25T16:23:22.869-04:00,996.093750,-21.201748
2026-08-25T16:23:22.869-04:00,1003.417969,-20.593372
2026-08-25T16:23:22.869-04:00,1010.742188,-20.269861
2026-08-25T16:23:22.869-04:00,1018.066406,-21.541588
2026-08-25T16:23:22.869-04:00,1025.390625,-28.786835
2026-08-25T16:23:22.869-04:00,1032.714844,-26.138306
2026-08-25T16:23:22.869-04:00,1040.039062,-19.405853
2026-08-25T16:23:22.869-04:00,1047.363281,-21.942242
2026-08-25T16:23:22.869-04:00,1054.687500,-23.656977
2026-08-25T16:23:22.869-04:00,1062.011719,-16.958908
2026-08-25T16:23:22.869-04:00,1069.335938,-19.021677
2026-08-25T16:23:22.869-04:00,1076.660156,-26.080788
2026-08-25T16:23:22.869-04:00,1083.984375,-16.143826
2026-08-25T16:23:22.869-04:00,1091.308594,-20.993031
2026-08-25T16:23:22.869-04:00,1098.632812,-16.565306
2026-08-25T16:23:22.869-04:00,1105.957031,-13.823685
2026-08-25T16:23:22.869-04:00,1113.281250,-16.385925
2026-08-25T16:23:22.869-04:00,1120.605469,-16.704872
2026-08-25T16:23:22.869-04:00,1127.929688,-14.391186
2026-08-25T16:23:22.869-04:00,1135.253906,-18.593103
2026-08-25T16:23:22.869-04:00,1142.578125,-23.578381
2026-08-25T16:23:22.869-04:00,1149.902344,-18.126640
2026-08-25T16:23:22.869-04:00,1157.226562,-21.389046
2026-08-25T16:23:22.869-04:00,1164.550781,-15.141403
2026-08-25T16:23:22.869-04:00,1171.875000,-13.676486
2026-08-25T16:23:22.869-04:00,1179.199219,-18.032833
2026-08-25T16:23:22.869-04:00,1186.523438,-14.073993
2026-08-25T16:23:22.869-04:00,1193.847656,-15.923058
2026-08-25T16:23:22.869-04:00,1201.171875,-29.884583
2026-08-25T16:23:22.869-04:00,1208.496094,-18.610846
2026-08-25T16:23:22.869-04:00,1215.820312,-17.049841
2026-08-25T16:23:22.869-04:00,1223.144531,-16.607010
2026-08-25T16:23:22.869-04:00,1230.468750,-14.205898
2026-08-25T16:23:22.869-04:00,1237.792969,-19.116917
2026-08-25T16:23:22.869-04:00,1245.117188,-17.390301
2026-08-25T16:23:22.869-04:00,1252.441406,-12.714945
2026-08-25T16:23:22.869-04:00,1259.765625,-13.866032
2026-08-25T16:23:22.869-04:00,1267.089844,-19.658802
2026-08-25T16:23:22.869-04:00,1274.414062,-16.763571
2026-08-25T16:23:22.869-04:00,1281.738281,-35.542408
2026-08-25T16:23:22.869-04:00,1289.062500,-17.242527
2026-08-25T16:23:22.869-04:00,1296.386719,-18.808306
2026-08-25T16:23:22.869-04:00,1303.710938,-24.672640
2026-08-25T16:23:22.869-04:00,1311.035156,-22.090216
2026-08-25T16:23:22.869-04:00,1318.359375,-12.073411
2026-08-25T16:23:22.869-04:00,1325.683594,-12.563951
2026-08-25T16:23:22.869-04:00,1333.007812,-19.057404
2026-08-25T16:23:22.869-04:00,1340.332031,-27.971783
2026-08-25T16:23:22.869-04:00,1347.656250,-28.895218
2026-08-25T16:23:22.869-04:00,1354.980469,-20.179680
2026-08-25T16:23:22.869-04:00,1362.304688,-21.991703
2026-08-25T16:23:22.869-04:00,1369.628906,-25.049068
2026-08-25T16:23:22.869-04:00,1376.953125,-15.764746
2026-08-25T16:23:22.869-04:00,1384.277344,-17.276400
2026-08-25T16:23:22.869-04:00,1391.601562,-25.532242
2026-08-25T16:23:22.869-04:00,1398.925781,-24.593193
2026-08-25T16:23:22.869-04:00,1406.250000,-23.027832
2026-08-25T16:23:22.869-04:00,1413.574219,-13.567778
2026-08-25T16:23:22.869-04:00,1420.898438,-13.001519
2026-08-25T16:23:22.869-04:00,1428.222656,-16.812555
2026-08-25T16:23:22.869-04:00,1435.546875,-19.537527
2026-08-25T16:23:22.869-04:00,1442.871094,-29.083801
2026-08-25T16:23:22.869-04:00,1450.195312,-16.418226
2026-08-25T16:23:22.869-04:00,1457.519531,-15.806498
2026-08-25T16:23:22.869-04:00,1464.843750,-17.455952
2026-08-25T16:23:22.869-04:00,1472.167969,-18.806295
2026-08-25T16:23:22.869-04:00,1479.492188,-25.225670
2026-08-25T16:23:22.869-04:00,1486.816406,-18.379025
2026-08-25T16:23:22.869-04:00,1494.140625,-26.378202
2026-08-25T16:23:22.869-04:00,1501.464844,-33.643150
2026-08-25T16:23:22.869-04:00,1508.789062,-22.912786
2026-08-25T16:23:22.869-04:00,1516.113281,-16.236059
2026-08-25T16:23:22.869-04:00,1523.437500,-14.045147
2026-08-25T16:23:22.869-04:00,1530.761719,-16.532940
2026-08-25T16:23:22.869-04:00,1538.085938,-18.389658
2026-08-25T16:23:22.869-04:00,1545.410156,-16.715302
2026-08-25T16:23:22.869-04:00,1552.734375,-18.979298
2026-08-25T16:23:22.869-04:00,1560.058594,-22.457870
2026-08-25T16:23:22.869-04:00,1567.382812,-25.715940
2026-08-25T16:23:22.869-04:00,1574.707031,-31.245617
2026-08-25T16:23:22.869-04:00,1582.031250,-22.731384
2026-08-25T16:23:22.869-04:00,1589.355469,-15.055746
2026-08-25T16:23:22.869-04:00,1596.679688,-12.827255
2026-08-25T16:23:22.869-04:00,1604.003906,-15.120148
2026-08-25T16:23:22.869-04:00,1611.328125,-15.941420
2026-08-25T16:23:22.869-04:00,1618.652344,-15.127178
2026-08-25T16:23:22.869-04:00,1625.976562,-17.419893
2026-08-25T16:23:22.869-04:00,1633.300781,-17.672758
2026-08-25T16:23:22.869-04:00,1640.625000,-13.320581
2026-08-25T16:23:22.869-04:00,1647.949219,-14.551381
2026-08-25T16:23:22.869-04:00,1655.273438,-24.800743
2026-08-25T16:23:22.869-04:00,1662.597656,-29.153440
2026-08-25T16:23:22.869-04:00,1669.921875,-15.806528
2026-08-25T16:23:22.869-04:00,1677.246094,-14.875738
2026-08-25T16:23:22.869-04:00,1684.570312,-21.041689
2026-08-25T16:23:22.869-04:00,1691.894531,-33.834232
2026-08-25T16:23:22.869-04:00,1699.218750,-24.243832
2026-08-25T16:23:22.869-04:00,1706.542969,-23.152010
2026-08-25T16:23:22.869-04:00,1713.867188,-20.044668
2026-08-25T16:23:22.869-04:00,1721.191406,-19.197332
2026-08-25T16:23:22.869-04:00,1728.515625,-30.463888
2026-08-25T16:23:22.869-04:00,1735.839844,-23.392324
2026-08-25T16:23:22.869-04:00,1743.164062,-19.861464
2026-08-25T16:23:22.869-04:00,1750.488281,-21.398058
2026-08-25T16:23:22.869-04:00,1757.812500,-19.571667
2026-08-25T16:23:22.869-04:00,1765.136719,-14.018530
2026-08-25T16:23:22.869-04:00,1772.460938,-14.597326
2026-08-25T16:23:22.869-04:00,1779.785156,-16.580078
2026-08-25T16:23:22.869-04:00,1787.109375,-16.865122
2026-08-25T16:23:22.869-04:00,1794.433594,-18.765802
2026-08-25T16:23:22.869-04:00,1801.757812,-22.200439
2026-08-25T16:23:22.869-04:00,1809.082031,-28.065042
2026-08-25T16:23:22.869-04:00,1816.406250,-22.857128
2026-08-25T16:23:22.869-04:00,1823.730469,-14.496321
2026-08-25T16:23:22.869-04:00,1831.054688,-14.073934
2026-08-25T16:23:22.869-04:00,1838.378906,-16.663513
2026-08-25T16:23:22.869-04:00,1845.703125,-20.892067
2026-08-25T16:23:22.869-04:00,1853.027344,-22.280636
2026-08-25T16:23:22.869-04:00,1860.351562,-16.871346
2026-08-25T16:23:22.869-04:00,1867.675781,-20.664957
2026-08-25T16:23:22.869-04:00,1875.000000,-29.125185
2026-08-25T16:23:22.869-04:00,1882.324219,-26.460352
2026-08-25T16:23:22.869-04:00,1889.648438,-23.586874
2026-08-25T16:23:22.869-04:00,1896.972656,-28.380253
2026-08-25T16:23:22.869-04:00,1904.296875,-23.677731
2026-08-25T16:23:22.869-04:00,1911.621094,-29.161728
2026-08-25T16:23:22.869-04:00,1918.945312,-28.753448
2026-08-25T16:23:22.869-04:00,1926.269531,-24.557341
2026-08-25T16:23:22.869-04:00,1933.593750,-21.574867
2026-08-25T16:23:22.869-04:00,1940.917969,-22.541849
2026-08-25T16:23:22.869-04:00,1948.242188,-18.126497
2026-08-25T16:23:22.869-04:00,1955.566406,-15.335051
2026-08-25T16:23:22.869-04:00,1962.890625,-19.018261
2026-08-25T16:23:22.869-04:00,1970.214844,-24.453886
2026-08-25T16:23:22.869-04:00,1977.539062,-29.013325
2026-08-25T16:23:22.869-04:00,1984.863281,-22.656050
2026-08-25T16:23:22.869-04:00,1992.187500,-19.431833
2026-08-25T16:23:22.869-04:00,1999.511719,-32.565895
2026-08-25T16:23:22.869-04:00,2006.835938,-26.246601
2026-08-25T16:23:22.869-04:00,2014.160156,-21.592430
2026-08-25T16:23:22.869-04:00,2021.484375,-15.063131
2026-08-25T16:23:22.869-04:00,2028.808594,-18.404711
2026-08-25T16:23:22.869-04:00,2036.132812,-26.375311
2026-08-25T16:23:22.869-04:00,2043.457031,-29.271374
2026-08-25T16:23:22.869-04:00,2050.781250,-22.363678
2026-08-25T16:23:22.869-04:00,2058.105469,-18.743500
2026-08-25T16:23:22.869-04:00,2065.429688,-26.375648
2026-08-25T16:23:22.869-04:00,2072.753906,-18.142874
2026-08-25T16:23:22.869-04:00,2080.078125,-19.516930
2026-08-25T16:23:22.869-04:00,2087.402344,-20.775969
2026-08-25T16:23:22.869-04:00,2094.726562,-17.154177
2026-08-25T16:23:22.869-04:00,2102.050781,-15.724845
2026-08-25T16:23:22.869-04:00,2109.375000,-16.701029
2026-08-25T16:23:22.869-04:00,2116.699219,-25.820518
2026-08-25T16:23:22.869-04:00,2124.023438,-23.705620
2026-08-25T16:23:22.869-04:00,2131.347656,-22.938862
2026-08-25T16:23:22.869-04:00,2138.671875,-37.533199
2026-08-25T16:23:22.869-04:00,2145.996094,-26.814215
2026-08-25T16:23:22.869-04:00,2153.320312,-35.763615
2026-08-25T16:23:22.869-04:00,2160.644531,-25.855305
2026-08-25T16:23:22.869-04:00,2167.968750,-26.271610
2026-08-25T16:23:22.869-04:00,2175.292969,-17.975084
2026-08-25T16:23:22.869-04:00,2182.617188,-18.249039
2026-08-25T16:23:22.869-04:00,2189.941406,-20.864162
2026-08-25T16:23:22.869-04:00,2197.265625,-13.707254
2026-08-25T16:23:22.869-04:00,2204.589844,-15.892077
2026-08-25T16:23:22.869-04:00,2211.914062,-28.738575
2026-08-25T16:23:22.869-04:00,2219.238281,-18.222115
2026-08-25T16:23:22.869-04:00,2226.562500,-16.451565
2026-08-25T16:23:22.869-04:00,2233.886719,-28.999464
2026-08-25T16:23:22.869-04:00,2241.210938,-13.781845
2026-08-25T16:23:22.869-04:00,2248.535156,-14.530679
2026-08-25T16:23:22.869-04:00,2255.859375,-20.888689
2026-08-25T16:23:22.869-04:00,2263.183594,-19.921362
2026-08-25T16:23:22.869-04:00,2270.507812,-13.324714
2026-08-25T16:23:22.869-04:00,2277.832031,-18.640850
2026-08-25T16:23:22.869-04:00,2285.156250,-27.250502
2026-08-25T16:23:22.869-04:00,2292.480469,-26.547047
2026-08-25T16:23:22.869-04:00,2299.804688,-19.435070
2026-08-25T16:23:22.869-04:00,2307.128906,-18.702751
2026-08-25T16:23:22.869-04:00,2314.453125,-17.742376
2026-08-25T16:23:22.869-04:00,2321.777344,-20.895416
2026-08-25T16:23:22.869-04:00,2329.101562,-18.688690
2026-08-25T16:23:22.869-04:00,2336.425781,-21.827740
2026-08-25T16:23:22.869-04:00,2343.750000,-22.324860
2026-08-25T16:23:22.869-04:00,2351.074219,-22.853659
2026-08-25T16:23:22.869-04:00,2358.398438,-17.432446
2026-08-25T16:23:22.869-04:00,2365.722656,-15.448626
2026-08-25T16:23:22.869-04:00,2373.046875,-16.977283
2026-08-25T16:23:22.869-04:00,2380.371094,-19.134447
2026-08-25T16:23:22.869-04:00,2387.695312,-27.429888
2026-08-25T16:23:22.869-04:00,2395.019531,-16.840345
2026-08-25T16:23:22.869-04:00,2402.343750,-12.340706
2026-08-25T16:23:22.869-04:00,2409.667969,-14.665285
2026-08-25T16:23:22.869-04:00,2416.992188,-13.468754
2026-08-25T16:23:22.869-04:00,2424.316406,-12.668516
2026-08-25T16:23:22.869-04:00,2431.640625,-18.859211
2026-08-25T16:23:22.869-04:00,2438.964844,-19.194469
2026-08-25T16:23:22.869-04:00,2446.289062,-18.537838
2026-08-25T16:23:22.869-04:00,2453.613281,-19.163689
2026-08-25T16:23:22.869-04:00,2460.937500,-21.109264
2026-08-25T16:23:22.869-04:00,2468.261719,-32.497959
2026-08-25T16:23:22.869-04:00,2475.585938,-17.201345
2026-08-25T16:23:22.869-04:00,2482.910156,-14.009377
2026-08-25T16:23:22.869-04:00,2490.234375,-14.255997
2026-08-25T16:23:22.869-04:00,2497.558594,-20.855722
2026-08-25T16:23:22.869-04:00,2504.882812,-29.858942
2026-08-25T16:23:22.869-04:00,2512.207031,-23.185387
2026-08-25T16:23:22.869-04:00,2519.531250,-29.807560
2026-08-25T16:23:22.869-04:00,2526.855469,-29.492865
2026-08-25T16:23:22.869-04:00,2534.179688,-25.936172
2026-08-25T16:23:22.869-04:00,2541.503906,-33.067017
2026-08-25T16:23:22.869-04:00,2548.828125,-24.129827
2026-08-25T16:23:22.869-04:00,2556.152344,-15.329624
2026-08-25T16:23:22.869-04:00,2563.476562,-17.762068
2026-08-25T16:23:22.869-04:00,2570.800781,-27.385386
2026-08-25T16:23:22.869-04:00,2578.125000,-20.178001
2026-08-25T16:23:22.869-04:00,2585.449219,-19.232531
2026-08-25T16:23:22.869-04:00,2592.773438,-20.392838
2026-08-25T16:23:22.869-04:00,2600.097656,-26.768196
2026-08-25T16:23:22.869-04:00,2607.421875,-26.206226
2026-08-25T16:23:22.869-04:00,2614.746094,-19.743999
2026-08-25T16:23:22.869-04:00,2622.070312,-13.936678
2026-08-25T16:23:22.869-04:00,2629.394531,-12.978601
2026-08-25T16:23:22.869-04:00,2636.718750,-20.246490
2026-08-25T16:23:22.869-04:00,2644.042969,-42.659256
2026-08-25T16:23:22.869-04:00,2651.367188,-22.348623
2026-08-25T16:23:22.869-04:00,2658.691406,-22.611750
2026-08-25T16:23:22.869-04:00,2666.015625,-21.498549
2026-08-25T16:23:22.869-04:00,2673.339844,-17.260698
2026-08-25T16:23:22.869-04:00,2680.664062,-28.176884
2026-08-25T16:23:22.869-04:00,2687.988281,-25.281845
2026-08-25T16:23:22.869-04:00,2695.312500,-19.649048
2026-08-25T16:23:22.869-04:00,2702.636719,-16.882992
2026-08-25T16:23:22.869-04:00,2709.960938,-19.069725
2026-08-25T16:23:22.869-04:00,2717.285156,-19.147970
2026-08-25T16:23:22.869-04:00,2724.609375,-25.978207
2026-08-25T16:23:22.869-04:00,2731.933594,-18.928946
2026-08-25T16:23:22.869-04:00,2739.257812,-15.834591
2026-08-25T16:23:22.869-04:00,2746.582031,-18.523806
2026-08-25T16:23:22.869-04:00,2753.906250,-18.395718
2026-08-25T16:23:22.869-04:00,2761.230469,-16.317961
2026-08-25T16:23:22.869-04:00,2768.554688,-27.318361
2026-08-25T16:23:22.869-04:00,2775.878906,-20.359354
2026-08-25T16:23:22.869-04:00,2783.203125,-16.311020
2026-08-25T16:23:22.869-04:00,2790.527344,-13.314609
2026-08-25T16:23:22.869-04:00,2797.851562,-18.201597
2026-08-25T16:23:22.869-04:00,2805.175781,-21.546185
2026-08-25T16:23:22.869-04:00,2812.500000,-15.862253
2026-08-25T16:23:22.869-04:00,2819.824219,-20.585032
2026-08-25T16:23:22.869-04:00,2827.148438,-20.670259
2026-08-25T16:23:22.869-04:00,2834.472656,-17.805029
2026-08-25T16:23:22.869-04:00,2841.796875,-22.674519
2026-08-25T16:23:22.869-04:00,2849.121094,-16.927830
2026-08-25T16:23:22.869-04:00,2856.445312,-14.129348
2026-08-25T16:23:22.869-04:00,2863.769531,-16.400303
2026-08-25T16:23:22.869-04:00,2871.093750,-32.732254
2026-08-25T16:23:22.869-04:00,2878.417969,-18.390472
2026-08-25T16:23:22.869-04:00,2885.742188,-20.606554
2026-08-25T16:23:22.869-04:00,2893.066406,-24.963865
2026-08-25T16:23:22.869-04:00,2900.390625,-16.591143
2026-08-25T16:23:22.869-04:00,2907.714844,-14.291563
2026-08-25T16:23:22.869-04:00,2915.039062,-12.269037
2026-08-25T16:23:22.869-04:00,2922.363281,-13.451625
2026-08-25T16:23:22.869-04:00,2929.687500,-17.490337
2026-08-25T16:23:22.869-04:00,2937.011719,-24.521305
2026-08-25T16:23:22.869-04:00,2944.335938,-27.676485
2026-08-25T16:23:22.869-04:00,2951.660156,-18.528717
2026-08-25T16:23:22.869-04:00,2958.984375,-18.180470
2026-08-25T16:23:22.869-04:00,2966.308594,-14.369736
2026-08-25T16:23:22.869-04:00,2973.632812,-11.172509
2026-08-25T16:23:22.869-04:00,2980.957031,-13.803745
2026-08-25T16:23:22.869-04:00,2988.281250,-13.653115
2026-08-25T16:23:22.869-04:00,2995.605469,-15.008973
2026-08-25T16:23:22.869-04:00,3002.929688,-25.128534
2026-08-25T16:23:22.869-04:00,3010.253906,-23.069843
2026-08-25T16:23:22.869-04:00,3017.578125,-17.426193
2026-08-25T16:23:22.869-04:00,3024.902344,-18.386589
2026-08-25T16:23:22.869-04:00,3032.226562,-24.986717
2026-08-25T16:23:22.869-04:00,3039.550781,-20.512314
2026-08-25T16:23:22.869-04:00,3046.875000,-19.995520
2026-08-25T16:23:22.869-04:00,3054.199219,-19.116291
2026-08-25T16:23:22.869-04:00,3061.523438,-19.959061
2026-08-25T16:23:22.869-04:00,3068.847656,-24.373655
2026-08-25T16:23:22.869-04:00,3076.171875,-30.477211
2026-08-25T16:23:22.869-04:00,3083.496094,-23.786755
2026-08-25T16:23:22.869-04:00,3090.820312,-19.666861
2026-08-25T16:23:22.869-04:00,3098.144531,-18.007195
2026-08-25T16:23:22.869-04:00,3105.468750,-18.309271
2026-08-25T16:23:22.869-04:00,3112.792969,-22.533051
2026-08-25T16:23:22.869-04:00,3120.117188,-27.405670
2026-08-25T16:23:22.869-04:00,3127.441406,-27.508316
2026-08-25T16:23:22.869-04:00,3134.765625,-21.500992
2026-08-25T16:23:22.869-04:00,3142.089844,-29.461266
2026-08-25T16:23:22.869-04:00,3149.414062,-17.255360
2026-08-25T16:23:22.869-04:00,3156.738281,-13.142710
2026-08-25T16:23:22.869-04:00,3164.062500,-17.668318
2026-08-25T16:23:22.869-04:00,3171.386719,-18.126812
2026-08-25T16:23:22.869-04:00,3178.710938,-21.268948
2026-08-25T16:23:22.869-04:00,3186.035156,-22.836838
2026-08-25T16:23:22.869-04:00,3193.359375,-19.212452
2026-08-25T16:23:22.869-04:00,3200.683594,-23.361147
2026-08-25T16:23:22.869-04:00,3208.007812,-21.313259
2026-08-25T16:23:22.869-04:00,3215.332031,-21.041758
2026-08-25T16:23:22.869-04:00,3222.656250,-25.858906
2026-08-25T16:23:22.869-04:00,3229.980469,-19.358423
2026-08-25T16:23:22.869-04:00,3237.304688,-25.747986
2026-08-25T16:23:22.869-04:00,3244.628906,-23.552910
2026-08-25T16:23:22.869-04:00,3251.953125,-17.419893
2026-08-25T16:23:22.869-04:00,3259.277344,-14.185894
2026-08-25T16:23:22.869-04:00,3266.601562,-18.286039
2026-08-25T16:23:22.869-04:00,3273.925781,-17.357937
2026-08-25T16:23:22.869-04:00,3281.250000,-21.422884
2026-08-25T16:23:22.869-04:00,3288.574219,-24.800489
2026-08-25T16:23:22.869-04:00,3295.898438,-19.890795
2026-08-25T16:23:22.869-04:00,3303.222656,-23.817307
2026-08-25T16:23:22.869-04:00,3310.546875,-38.936012
2026-08-25T16:23:22.869-04:00,3317.871094,-25.520403
2026-08-25T16:23:22.869-04:00,3325.195312,-20.117739
2026-08-25T16:23:22.869-04:00,3332.519531,-17.247009
2026-08-25T16:23:22.869-04:00,3339.843750,-15.845461
2026-08-25T16:23:22.869-04:00,3347.167969,-19.353132
2026-08-25T16:23:22.869-04:00,3354.492188,-31.418581
2026-08-25T16:23:22.869-04:00,3361.816406,-23.581684
2026-08-25T16:23:22.869-04:00,3369.140625,-21.171066
2026-08-25T16:23:22.869-04:00,3376.464844,-22.384613
2026-08-25T16:23:22.869-04:00,3383.789062,-27.570438
2026-08-25T16:23:22.869-04:00,3391.113281,-22.480375
2026-08-25T16:23:22.869-04:00,3398.437500,-24.900209
2026-08-25T16:23:22.869-04:00,3405.761719,-20.766745
2026-08-25T16:23:22.869-04:00,3413.085938,-22.349598
2026-08-25T16:23:22.869-04:00,3420.410156,-18.516230
2026-08-25T16:23:22.869-04:00,3427.734375,-20.043581
2026-08-25T16:23:22.869-04:00,3435.058594,-24.063610
2026-08-25T16:23:22.869-04:00,3442.382812,-17.538734
2026-08-25T16:23:22.869-04:00,3449.707031,-16.314976
2026-08-25T16:23:22.869-04:00,3457.031250,-17.784956
2026-08-25T16:23:22.869-04:00,3464.355469,-28.587933
2026-08-25T16:23:22.869-04:00,3471.679688,-26.206360
2026-08-25T16:23:22.869-04:00,3479.003906,-27.048073
2026-08-25T16:23:22.869-04:00,3486.328125,-17.655031
2026-08-25T16:23:22.869-04:00,3493.652344,-24.654234
2026-08-25T16:23:22.869-04:00,3500.976562,-14.983449
2026-08-25T16:23:22.869-04:00,3508.300781,-14.919824
2026-08-25T16:23:22.869-04:00,3515.625000,-27.549667
2026-08-25T16:23:22.869-04:00,3522.949219,-21.876640
2026-08-25T16:23:22.869-04:00,3530.273438,-26.971590
2026-08-25T16:23:22.869-04:00,3537.597656,-34.616161
2026-08-25T16:23:22.869-04:00,3544.921875,-33.260750
2026-08-25T16:23:22.869-04:00,3552.246094,-25.104000
2026-08-25T16:23:22.869-04:00,3559.570312,-23.072769
2026-08-25T16:23:22.869-04:00,3566.894531,-20.945934
2026-08-25T16:23:22.869-04:00,3574.218750,-18.883123
2026-08-25T16:23:22.869-04:00,3581.542969,-21.895674
2026-08-25T16:23:22.869-04:00,3588.867188,-23.320507
2026-08-25T16:23:22.869-04:00,3596.191406,-21.491022
2026-08-25T16:23:22.869-04:00,3603.515625,-21.184444
2026-08-25T16:23:22.869-04:00,3610.839844,-19.210541
2026-08-25T16:23:22.869-04:00,3618.164062,-30.558342
2026-08-25T16:23:22.869-04:00,3625.488281,-14.429516
2026-08-25T16:23:22.869-04:00,3632.812500,-13.602667
2026-08-25T16:23:22.869-04:00,3640.136719,-17.514389
2026-08-25T16:23:22.869-04:00,3647.460938,-16.792561
2026-08-25T16:23:22.869-04:00,3654.785156,-13.521713
2026-08-25T16:23:22.869-04:00,3662.109375,-13.823353
2026-08-25T16:23:22.869-04:00,3669.433594,-17.706455
2026-08-25T16:23:22.869-04:00,3676.757812,-23.746527
2026-08-25T16:23:22.869-04:00,3684.082031,-17.625837
2026-08-25T16:23:22.869-04:00,3691.406250,-13.605529
2026-08-25T16:23:22.869-04:00,3698.730469,-17.262161
2026-08-25T16:23:22.869-04:00,3706.054688,-25.551937
2026-08-25T16:23:22.869-04:00,3713.378906,-29.350861
2026-08-25T16:23:22.869-04:00,3720.703125,-20.089912
2026-08-25T16:23:22.869-04:00,3728.027344,-17.021168
2026-08-25T16:23:22.869-04:00,3735.351562,-23.149494
2026-08-25T16:23:22.869-04:00,3742.675781,-14.147799
2026-08-25T16:23:22.869-04:00,3750.000000,-15.028664
2026-08-25T16:23:22.869-04:00,3757.324219,-24.699429
2026-08-25T16:23:22.869-04:00,3764.648438,-18.315866
2026-08-25T16:23:22.869-04:00,3771.972656,-25.287987
2026-08-25T16:23:22.869-04:00,3779.296875,-18.196442
2026-08-25T16:23:22.869-04:00,3786.621094,-17.835146
2026-08-25T16:23:22.869-04:00,3793.945312,-40.128826
2026-08-25T16:23:22.869-04:00,3801.269531,-16.468327
2026-08-25T16:23:22.869-04:00,3808.593750,-13.674918
2026-08-25T16:23:22.869-04:00,3815.917969,-19.486792
2026-08-25T16:23:22.869-04:00,3823.242188,-22.192303
2026-08-25T16:23:22.869-04:00,3830.566406,-17.508286
2026-08-25T16:23:22.869-04:00,3837.890625,-22.535543
2026-08-25T16:23:22.869-04:00,3845.214844,-17.264645
2026-08-25T16:23:22.869-04:00,3852.539062,-19.681429
2026-08-25T16:23:22.869-04:00,3859.863281,-14.834162
2026-08-25T16:23:22.869-04:00,3867.187500,-11.651992
2026-08-25T16:23:22.869-04:00,3874.511719,-17.666714
2026-08-25T16:23:22.869-04:00,3881.835938,-14.949178
2026-08-25T16:23:22.869-04:00,3889.160156,-16.875401
2026-08-25T16:23:22.869-04:00,3896.484375,-16.637426
2026-08-25T16:23:22.869-04:00,3903.808594,-16.574774
2026-08-25T16:23:22.869-04:00,3911.132812,-19.034344
2026-08-25T16:23:22.869-04:00,3918.457031,-17.890682
2026-08-25T16:23:22.869-04:00,3925.781250,-33.106071
2026-08-25T16:23:22.869-04:00,3933.105469,-14.159173
2026-08-25T16:23:22.869-04:00,3940.429688,-14.059635
2026-08-25T16:23:22.869-04:00,3947.753906,-16.989166
2026-08-25T16:23:22.869-04:00,3955.078125,-16.202696
2026-08-25T16:23:22.869-04:00,3962.402344,-25.216602
2026-08-25T16:23:22.869-04:00,3969.726562,-17.103256
2026-08-25T16:23:22.869-04:00,3977.050781,-20.836437
2026-08-25T16:23:22.869-04:00,3984.375000,-24.354773
2026-08-25T16:23:22.869-04:00,3991.699219,-32.145401
2026-08-25T16:23:22.869-04:00,3999.023438,-24.278650
2026-08-25T16:23:22.869-04:00,4006.347656,-20.184452
2026-08-25T16:23:22.869-04:00,4013.671875,-22.579605
2026-08-25T16:23:22.869-04:00,4020.996094,-17.165058
2026-08-25T16:23:22.869-04:00,4028.320312,-14.078260
2026-08-25T16:23:22.869-04:00,4035.644531,-15.951801
2026-08-25T16:23:22.869-04:00,4042.968750,-19.253342
2026-08-25T16:23:22.869-04:00,4050.292969,-18.493021
2026-08-25T16:23:22.869-04:00,4057.617188,-20.000313
2026-08-25T16:23:22.869-04:00,4064.941406,-17.447149
2026-08-25T16:23:22.869-04:00,4072.265625,-19.135994
2026-08-25T16:23:22.869-04:00,4079.589844,-15.822835
2026-08-25T16:23:22.869-04:00,4086.914062,-16.988914
2026-08-25T16:23:22.869-04:00,4094.238281,-25.079056
2026-08-25T16:23:22.869-04:00,4101.562500,-32.326515
2026-08-25T16:23:22.869-04:00,4108.886719,-24.641706
2026-08-25T16:23:22.869-04:00,4116.210938,-22.525478
2026-08-25T16:23:22.869-04:00,4123.535156,-21.312553
2026-08-25T16:23:22.869-04:00,4130.859375,-21.155107
2026-08-25T16:23:22.869-04:00,4138.183594,-20.575712
2026-08-25T16:23:22.869-04:00,4145.507812,-17.209723
2026-08-25T16:23:22.869-04:00,4152.832031,-19.037773
2026-08-25T16:23:22.869-04:00,4160.156250,-20.078243
2026-08-25T16:23:22.869-04:00,4167.480469,-23.800631
2026-08-25T16:23:22.869-04:00,4174.804688,-20.223461
2026-08-25T16:23:22.869-04:00,4182.128906,-18.530163
2026-08-25T16:23:22.869-04:00,4189.453125,-28.559591
2026-08-25T16:23:22.869-04:00,4196.777344,-26.261168
2026-08-25T16:23:22.869-04:00,4204.101562,-24.528009
2026-08-25T16:23:22.869-04:00,4211.425781,-20.568184
2026-08-25T16:23:22.869-04:00,4218.750000,-21.976898
2026-08-25T16:23:22.869-04:00,4226.074219,-15.007324
2026-08-25T16:23:22.869-04:00,4233.398438,-16.979799
2026-08-25T16:23:22.869-04:00,4240.722656,-29.569633
2026-08-25T16:23:22.869-04:00,4248.046875,-26.740417
2026-08-25T16:23:22.869-04:00,4255.371094,-20.405674
2026-08-25T16:23:22.869-04:00,4262.695312,-19.685482
2026-08-25T16:23:22.869-04:00,4270.019531,-16.644747
2026-08-25T16:23:22.869-04:00,4277.343750,-18.701612
2026-08-25T16:23:22.869-04:00,4284.667969,-22.821772
2026-08-25T16:23:22.869-04:00,4291.992188,-20.900270
2026-08-25T16:23:22.869-04:00,4299.316406,-14.465432
2026-08-25T16:23:22.869-04:00,4306.640625,-13.660354
2026-08-25T16:23:22.869-04:00,4313.964844,-14.914669
2026-08-25T16:23:22.869-04:00,4321.289062,-17.589907
2026-08-25T16:23:22.869-04:00,4328.613281,-20.426102
2026-08-25T16:23:22.869-04:00,4335.937500,-20.912407
2026-08-25T16:23:22.869-04:00,4343.261719,-23.491360
2026-08-25T16:23:22.869-04:00,4350.585938,-24.988138
2026-08-25T16:23:22.869-04:00,4357.910156,-21.984077
2026-08-25T16:23:22.869-04:00,4365.234375,-24.035526
2026-08-25T16:23:22.869-04:00,4372.558594,-34.533016
2026-08-25T16:23:22.869-04:00,4379.882812,-40.974918
2026-08-25T16:23:22.869-04:00,4387.207031,-22.880613
2026-08-25T16:23:22.869-04:00,4394.531250,-26.173946
2026-08-25T16:23:22.869-04:00,4401.855469,-22.142675
2026-08-25T16:23:22.869-04:00,4409.179688,-16.444963
2026-08-25T16:23:22.869-04:00,4416.503906,-18.608986
2026-08-25T16:23:22.869-04:00,4423.828125,-28.540657
2026-08-25T16:23:22.869-04:00,4431.152344,-36.188206
2026-08-25T16:23:22.869-04:00,4438.476562,-35.097488
2026-08-25T16:23:22.869-04:00,4445.800781,-18.663509
2026-08-25T16:23:22.869-04:00,4453.125000,-17.269722
2026-08-25T16:23:22.869-04:00,4460.449219,-23.896351
2026-08-25T16:23:22.869-04:00,4467.773438,-20.605206
2026-08-25T16:23:22.869-04:00,4475.097656,-15.972747
2026-08-25T16:23:22.869-04:00,4482.421875,-20.980072
2026-08-25T16:23:22.869-04:00,4489.746094,-28.665539
2026-08-25T16:23:22.869-04:00,4497.070312,-23.542831
2026-08-25T16:23:22.869-04:00,4504.394531,-32.348915
2026-08-25T16:23:22.869-04:00,4511.718750,-24.684216
2026-08-25T16:23:22.869-04:00,4519.042969,-15.276803
2026-08-25T16:23:22.869-04:00,4526.367188,-12.486115
2026-08-25T16:23:22.869-04:00,4533.691406,-16.587723
2026-08-25T16:23:22.869-04:00,4541.015625,-23.320799
2026-08-25T16:23:22.869-04:00,4548.339844,-27.211845
2026-08-25T16:23:22.869-04:00,4555.664062,-16.513441
2026-08-25T16:23:22.869-04:00,4562.988281,-15.685777
2026-08-25T16:23:22.869-04:00,4570.312500,-21.106680
2026-08-25T16:23:22.869-04:00,4577.636719,-14.770779
2026-08-25T16:23:22.869-04:00,4584.960938,-11.845541
2026-08-25T16:23:22.869-04:00,4592.285156,-12.121037
2026-08-25T16:23:22.869-04:00,4599.609375,-17.750074
2026-08-25T16:23:22.869-04:00,4606.933594,-24.915192
2026-08-25T16:23:22.869-04:00,4614.257812,-16.458694
2026-08-25T16:23:22.869-04:00,4621.582031,-17.759506
2026-08-25T16:23:22.869-04:00,4628.906250,-14.429474
2026-08-25T16:23:22.869-04:00,4636.230469,-14.193172
2026-08-25T16:23:22.869-04:00,4643.554688,-13.902790
2026-08-25T16:23:22.869-04:00,4650.878906,-12.557097
2026-08-25T16:23:22.869-04:00,4658.203125,-12.940916
2026-08-25T16:23:22.869-04:00,4665.527344,-19.347389
2026-08-25T16:23:22.869-04:00,4672.851562,-21.518476
2026-08-25T16:23:22.869-04:00,4680.175781,-17.209276
2026-08-25T16:23:22.869-04:00,4687.500000,-25.231169
2026-08-25T16:23:22.869-04:00,4694.824219,-18.788488
2026-08-25T16:23:22.869-04:00,4702.148438,-17.456858
2026-08-25T16:23:22.869-04:00,4709.472656,-22.439688
2026-08-25T16:23:22.869-04:00,4716.796875,-30.937822
2026-08-25T16:23:22.869-04:00,4724.121094,-29.499025
2026-08-25T16:23:22.869-04:00,4731.445312,-19.551409
2026-08-25T16:23:22.869-04:00,4738.769531,-17.573465
2026-08-25T16:23:22.869-04:00,4746.093750,-23.589195
2026-08-25T16:23:22.869-04:00,4753.417969,-21.494591
2026-08-25T16:23:22.869-04:00,4760.742188,-20.049183
2026-08-25T16:23:22.869-04:00,4768.066406,-39.085484
2026-08-25T16:23:22.869-04:00,4775.390625,-19.401472
2026-08-25T16:23:22.869-04:00,4782.714844,-15.855937
2026-08-25T16:23:22.869-04:00,4790.039062,-21.801655
2026-08-25T16:23:22.869-04:00,4797.363281,-40.353313
2026-08-25T16:23:22.869-04:00,4804.687500,-28.226913
2026-08-25T16:23:22.869-04:00,4812.011719,-17.669750
2026-08-25T16:23:22.869-04:00,4819.335938,-18.636892
2026-08-25T16:23:22.869-04:00,4826.660156,-30.273418
2026-08-25T16:23:22.869-04:00,4833.984375,-15.778922
2026-08-25T16:23:22.869-04:00,4841.308594,-12.989417
2026-08-25T16:23:22.869-04:00,4848.632812,-13.440963
2026-08-25T16:23:22.869-04:00,4855.957031,-18.522966
2026-08-25T16:23:22.869-04:00,4863.281250,-22.683121
2026-08-25T16:23:22.869-04:00,4870.605469,-19.530565
2026-08-25T16:23:22.869-04:00,4877.929688,-33.749756
2026-08-25T16:23:22.869-04:00,4885.253906,-19.241230
2026-08-25T16:23:22.869-04:00,4892.578125,-15.319511
2026-08-25T16:23:22.869-04:00,4899.902344,-15.357101
2026-08-25T16:23:22.869-04:00,4907.226562,-20.439686
2026-08-25T16:23:22.869-04:00,4914.550781,-40.782246
2026-08-25T16:23:22.869-04:00,4921.875000,-29.661047
2026-08-25T16:23:22.869-04:00,4929.199219,-28.826248
2026-08-25T16:23:22.869-04:00,4936.523438,-23.667835
2026-08-25T16:23:22.869-04:00,4943.847656,-36.939392
2026-08-25T16:23:22.869-04:00,4951.171875,-25.856581
2026-08-25T16:23:22.869-04:00,4958.496094,-27.092154
2026-08-25T16:23:22.869-04:00,4965.820312,-19.541790
2026-08-25T16:23:22.869-04:00,4973.144531,-17.761456
2026-08-25T16:23:22.869-04:00,4980.468750,-17.126640
2026-08-25T16:23:22.869-04:00,4987.792969,-20.141182
2026-08-25T16:23:22.869-04:00,4995.117188,-27.774967
2026-08-25T16:23:23.907-04:00,-4995.117188,-21.813620
2026-08-25T16:23:23.907-04:00,-4987.792969,-11.227213
2026-08-25T16:23:23.907-04:00,-4980.468750,-12.517368
2026-08-25T16:23:23.907-04:00,-4973.144531,-16.287630
2026-08-25T16:23:23.907-04:00,-4965.820312,-8.087517
2026-08-25T16:23:23.907-04:00,-4958.496094,-6.850035
2026-08-25T16:23:23.907-04:00,-4951.171875,-9.131386
2026-08-25T16:23:23.907-04:00,-4943.847656,-10.889510
2026-08-25T16:23:23.907-04:00,-4936.523438,-8.453825
2026-08-25T16:23:23.907-04:00,-4929.199219,-7.734432
2026-08-25T16:23:23.907-04:00,-4921.875000,-10.869482
2026-08-25T16:23:23.907-04:00,-4914.550781,-16.847151
2026-08-25T16:23:23.907-04:00,-4907.226562,-20.986908
2026-08-25T16:23:23.907-04:00,-4899.902344,-13.966049
2026-08-25T16:23:23.907-04:00,-4892.578125,-8.655619
2026-08-25T16:23:23.907-04:00,-4885.253906,-8.491817
2026-08-25T16:23:23.907-04:00,-4877.929688,-17.439640
2026-08-25T16:23:23.907-04:00,-4870.605469,-12.174350
2026-08-25T16:23:23.907-04:00,-4863.281250,-9.255777
2026-08-25T16:23:23.907-04:00,-4855.957031,-11.565485
2026-08-25T16:23:23.907-04:00,-4848.632812,-17.872828
2026-08-25T16:23:23.907-04:00,-4841.308594,-16.661564
2026-08-25T16:23:23.907-04:00,-4833.984375,-12.408629
2026-08-25T16:23:23.907-04:00,-4826.660156,-16.008654
2026-08-25T16:23:23.907-04:00,-4819.335938,-22.563362
2026-08-25T16:23:23.907-04:00,-4812.011719,-16.891863
2026-08-25T16:23:23.907-04:00,-4804.687500,-15.037806
2026-08-25T16:23:23.907-04:00,-4797.363281,-32.364685
2026-08-25T16:23:23.907-04:00,-4790.039062,-19.961111
2026-08-25T16:23:23.907-04:00,-4782.714844,-22.256771
2026-08-25T16:23:23.907-04:00,-4775.390625,-20.134300
2026-08-25T16:23:23.907-04:00,-4768.066406,-25.858265
2026-08-25T16:23:23.907-04:00,-4760.742188,-20.829475
2026-08-25T16:23:23.907-04:00,-4753.417969,-23.472874
2026-08-25T16:23:23.907-04:00,-4746.093750,-35.115891
2026-08-25T16:23:23.907-04:00,-4738.769531,-26.568352
2026-08-25T16:23:23.907-04:00,-4731.445312,-26.727222
2026-08-25T16:23:23.907-04:00,-4724.121094,-20.500124
2026-08-25T16:23:23.907-04:00,-4716.796875,-13.898053
2026-08-25T16:23:23.907-04:00,-4709.472656,-12.683487
2026-08-25T16:23:23.907-04:00,-4702.148438,-14.011153
2026-08-25T16:23:23.907-04:00,-4694.824219,-17.175442
2026-08-25T16:23:23.907-04:00,-4687.500000,-19.301996
2026-08-25T16:23:23.907-04:00,-4680.175781,-31.346331
2026-08-25T16:23:23.907-04:00,-4672.851562,-19.661667
2026-08-25T16:23:23.907-04:00,-4665.527344,-22.023502
2026-08-25T16:23:23.907-04:00,-4658.203125,-17.850689
2026-08-25T16:23:23.907-04:00,-4650.878906,-14.095844
2026-08-25T16:23:23.907-04:00,-4643.554688,-18.569525
2026-08-25T16:23:23.907-04:00,-4636.230469,-18.644205
2026-08-25T16:23:23.907-04:00,-4628.906250,-14.930710
2026-08-25T16:23:23.907-04:00,-4621.582031,-14.115695
2026-08-25T16:23:23.907-04:00,-4614.257812,-12.621819
2026-08-25T16:23:23.907-04:00,-4606.933594,-9.355148
2026-08-25T16:23:23.907-04:00,-4599.609375,-6.609364
2026-08-25T16:23:23.907-04:00,-4592.285156,-8.153218
2026-08-25T16:23:23.907-04:00,-4584.960938,-12.343992
2026-08-25T16:23:23.907-04:00,-4577.636719,-19.040968
2026-08-25T16:23:23.907-04:00,-4570.312500,-17.871162
2026-08-25T16:23:23.907-04:00,-4562.988281,-14.229316
2026-08-25T16:23:23.907-04:00,-4555.664062,-20.347059
2026-08-25T16:23:23.907-04:00,-4548.339844,-26.568947
2026-08-25T16:23:23.907-04:00,-4541.015625,-15.710973
2026-08-25T16:23:23.907-04:00,-4533.691406,-11.248016
2026-08-25T16:23:23.907-04:00,-4526.367188,-10.718958
2026-08-25T16:23:23.907-04:00,-4519.042969,-12.140430
2026-08-25T16:23:23.907-04:00,-4511.718750,-18.088131
2026-08-25T16:23:23.907-04:00,-4504.394531,-23.646168
2026-08-25T16:23:23.907-04:00,-4497.070312,-16.404297
2026-08-25T16:23:23.907-04:00,-4489.746094,-23.746271
2026-08-25T16:23:23.907-04:00,-4482.421875,-17.938803
2026-08-25T16:23:23.907-04:00,-4475.097656,-15.632132
2026-08-25T16:23:23.907-04:00,-4467.773438,-18.092991
2026-08-25T16:23:23.907-04:00,-4460.449219,-21.422466
2026-08-25T16:23:23.907-04:00,-4453.125000,-11.224507
2026-08-25T16:23:23.907-04:00,-4445.800781,-8.140779
2026-08-25T16:23:23.907-04:00,-4438.476562,-8.845951
2026-08-25T16:23:23.907-04:00,-4431.152344,-9.524850
2026-08-25T16:23:23.907-04:00,-4423.828125,-10.276537
2026-08-25T16:23:23.907-04:00,-4416.503906,-15.441962
2026-08-25T16:23:23.907-04:00,-4409.179688,-26.753428
2026-08-25T16:23:23.907-04:00,-4401.855469,-13.561906
2026-08-25T16:23:23.907-04:00,-4394.531250,-11.547911
2026-08-25T16:23:23.907-04:00,-4387.207031,-10.841337
2026-08-25T16:23:23.907-04:00,-4379.882812,-9.415112
2026-08-25T16:23:23.907-04:00,-4372.558594,-8.784091
2026-08-25T16:23:23.907-04:00,-4365.234375,-9.630888
2026-08-25T16:23:23.907-04:00,-4357.910156,-11.621729
2026-08-25T16:23:23.907-04:00,-4350.585938,-14.733095
2026-08-25T16:23:23.907-04:00,-4343.261719,-11.264571
2026-08-25T16:23:23.907-04:00,-4335.937500,-9.505928
2026-08-25T16:23:23.907-04:00,-4328.613281,-18.374231
2026-08-25T16:23:23.907-04:00,-4321.289062,-15.759439
2026-08-25T16:23:23.907-04:00,-4313.964844,-14.068204
2026-08-25T16:23:23.907-04:00,-4306.640625,-22.215389
2026-08-25T16:23:23.907-04:00,-4299.316406,-11.633474
2026-08-25T16:23:23.907-04:00,-4291.992188,-9.832119
2026-08-25T16:23:23.907-04:00,-4284.667969,-15.942254
2026-08-25T16:23:23.907-04:00,-4277.343750,-13.694750
2026-08-25T16:23:23.907-04:00,-4270.019531,-13.542826
2026-08-25T16:23:23.907-04:00,-4262.695312,-19.650566
2026-08-25T16:23:23.907-04:00,-4255.371094,-20.995237
2026-08-25T16:23:23.907-04:00,-4248.046875,-18.170383
2026-08-25T16:23:23.907-04:00,-4240.722656,-15.278526
2026-08-25T16:23:23.907-04:00,-4233.398438,-11.661777
2026-08-25T16:23:23.907-04:00,-4226.074219,-9.278001
2026-08-25T16:23:23.907-04:00,-4218.750000,-10.208433
2026-08-25T16:23:23.907-04:00,-4211.425781,-16.308319
2026-08-25T16:23:23.907-04:00,-4204.101562,-15.581312
2026-08-25T16:23:23.907-04:00,-4196.777344,-17.729210
2026-08-25T16:23:23.907-04:00,-4189.453125,-25.932819
2026-08-25T16:23:23.907-04:00,-4182.128906,-18.955757
2026-08-25T16:23:23.907-04:00,-4174.804688,-12.766957
2026-08-25T16:23:23.907-04:00,-4167.480469,-12.107119
2026-08-25T16:23:23.907-04:00,-4160.156250,-13.558664
2026-08-25T16:23:23.907-04:00,-4152.832031,-20.155769
2026-08-25T16:23:23.907-04:00,-4145.507812,-19.226337
2026-08-25T16:23:23.907-04:00,-4138.183594,-14.687289
2026-08-25T16:23:23.907-04:00,-4130.859375,-19.925095
2026-08-25T16:23:23.907-04:00,-4123.535156,-16.028135
2026-08-25T16:23:23.907-04:00,-4116.210938,-10.155752
2026-08-25T16:23:23.907-04:00,-4108.886719,-7.377914
2026-08-25T16:23:23.907-04:00,-4101.562500,-8.960112
2026-08-25T16:23:23.907-04:00,-4094.238281,-12.744622
2026-08-25T16:23:23.907-04:00,-4086.914062,-15.950491
2026-08-25T16:23:23.907-04:00,-4079.589844,-22.886782
2026-08-25T16:23:23.907-04:00,-4072.265625,-24.338827
2026-08-25T16:23:23.907-04:00,-4064.941406,-18.526453
2026-08-25T16:23:23.907-04:00,-4057.617188,-15.140757
2026-08-25T16:23:23.907-04:00,-4050.292969,-20.435171
2026-08-25T16:23:23.907-04:00,-4042.968750,-28.753061
2026-08-25T16:23:23.907-04:00,-4035.644531,-16.278568
2026-08-25T16:23:23.907-04:00,-4028.320312,-10.037656
2026-08-25T16:23:23.907-04:00,-4020.996094,-7.535467
2026-08-25T16:23:23.907-04:00,-4013.671875,-7.843895
2026-08-25T16:23:23.907-04:00,-4006.347656,-9.951838
2026-08-25T16:23:23.907-04:00,-3999.023438,-11.921396
2026-08-25T16:23:23.907-04:00,-3991.699219,-14.320292
2026-08-25T16:23:23.907-04:00,-3984.375000,-17.510408
2026-08-25T16:23:23.907-04:00,-3977.050781,-12.547616
2026-08-25T16:23:23.907-04:00,-3969.726562,-15.821494
2026-08-25T16:23:23.907-04:00,-3962.402344,-18.918154
2026-08-25T16:23:23.907-04:00,-3955.078125,-13.978620
2026-08-25T16:23:23.907-04:00,-3947.753906,-15.179388
2026-08-25T16:23:23.907-04:00,-3940.429688,-18.661901
2026-08-25T16:23:23.907-04:00,-3933.105469,-21.344288
2026-08-25T16:23:23.907-04:00,-3925.781250,-20.677492
2026-08-25T16:23:23.907-04:00,-3918.457031,-28.234369
2026-08-25T16:23:23.907-04:00,-3911.132812,-16.360161
2026-08-25T16:23:23.907-04:00,-3903.808594,-14.076914
2026-08-25T16:23:23.907-04:00,-3896.484375,-13.442944
2026-08-25T16:23:23.907-04:00,-3889.160156,-12.390222
2026-08-25T16:23:23.907-04:00,-3881.835938,-12.857327
2026-08-25T16:23:23.907-04:00,-3874.511719,-13.361802
2026-08-25T16:23:23.907-04:00,-3867.187500,-12.638981
2026-08-25T16:23:23.907-04:00,-3859.863281,-12.709482
2026-08-25T16:23:23.907-04:00,-3852.539062,-12.976377
2026-08-25T16:23:23.907-04:00,-3845.214844,-19.687529
2026-08-25T16:23:23.907-04:00,-3837.890625,-23.176601
2026-08-25T16:23:23.907-04:00,-3830.566406,-16.662868
2026-08-25T16:23:23.907-04:00,-3823.242188,-13.615513
2026-08-25T16:23:23.907-04:00,-3815.917969,-14.338400
2026-08-25T16:23:23.907-04:00,-3808.593750,-22.655365
2026-08-25T16:23:23.907-04:00,-3801.269531,-33.362801
2026-08-25T16:23:23.907-04:00,-3793.945312,-30.232464
2026-08-25T16:23:23.907-04:00,-3786.621094,-17.076036
2026-08-25T16:23:23.907-04:00,-3779.296875,-11.405308
2026-08-25T16:23:23.907-04:00,-3771.972656,-10.044965
2026-08-25T16:23:23.907-04:00,-3764.648438,-11.470854
2026-08-25T16:23:23.907-04:00,-3757.324219,-13.960071
2026-08-25T16:23:23.907-04:00,-3750.000000,-18.088676
2026-08-25T16:23:23.907-04:00,-3742.675781,-16.673840
2026-08-25T16:23:23.907-04:00,-3735.351562,-11.550783
2026-08-25T16:23:23.907-04:00,-3728.027344,-12.097731
2026-08-25T16:23:23.907-04:00,-3720.703125,-15.190047
2026-08-25T16:23:23.907-04:00,-3713.378906,-15.634270
2026-08-25T16:23:23.907-04:00,-3706.054688,-19.271151
2026-08-25T16:23:23.907-04:00,-3698.730469,-22.224060
2026-08-25T16:23:23.907-04:00,-3691.406250,-16.495108
2026-08-25T16:23:23.907-04:00,-3684.082031,-12.643110
2026-08-25T16:23:23.907-04:00,-3676.757812,-9.261128
2026-08-25T16:23:23.907-04:00,-3669.433594,-6.749674
2026-08-25T16:23:23.907-04:00,-3662.109375,-5.845637
2026-08-25T16:23:23.907-04:00,-3654.785156,-7.148239
2026-08-25T16:23:23.907-04:00,-3647.460938,-11.250991
2026-08-25T16:23:23.907-04:00,-3640.136719,-13.897852
2026-08-25T16:23:23.907-04:00,-3632.812500,-14.183569
2026-08-25T16:23:23.907-04:00,-3625.488281,-15.639040
2026-08-25T16:23:23.907-04:00,-3618.164062,-23.253309
2026-08-25T16:23:23.907-04:00,-3610.839844,-23.330448
2026-08-25T16:23:23.907-04:00,-3603.515625,-15.259722
2026-08-25T16:23:23.907-04:00,-3596.191406,-14.313122
2026-08-25T16:23:23.907-04:00,-3588.867188,-17.085098
2026-08-25T16:23:23.907-04:00,-3581.542969,-21.343430
2026-08-25T16:23:23.907-04:00,-3574.218750,-16.223768
2026-08-25T16:23:23.907-04:00,-3566.894531,-14.944372
2026-08-25T16:23:23.907-04:00,-3559.570312,-11.683579
2026-08-25T16:23:23.907-04:00,-3552.246094,-11.976919
2026-08-25T16:23:23.907-04:00,-3544.921875,-15.264162
2026-08-25T16:23:23.907-04:00,-3537.597656,-14.021383
2026-08-25T16:23:23.907-04:00,-3530.273438,-11.565360
2026-08-25T16:23:23.907-04:00,-3522.949219,-13.244208
2026-08-25T16:23:23.907-04:00,-3515.625000,-16.809620
2026-08-25T16:23:23.907-04:00,-3508.300781,-14.182939
2026-08-25T16:23:23.907-04:00,-3500.976562,-11.508123
2026-08-25T16:23:23.907-04:00,-3493.652344,-11.634375
2026-08-25T16:23:23.907-04:00,-3486.328125,-16.320963
2026-08-25T16:23:23.907-04:00,-3479.003906,-17.183174
2026-08-25T16:23:23.907-04:00,-3471.679688,-12.087812
2026-08-25T16:23:23.907-04:00,-3464.355469,-11.806947
2026-08-25T16:23:23.907-04:00,-3457.031250,-13.942619
2026-08-25T16:23:23.907-04:00,-3449.707031,-11.434446
2026-08-25T16:23:23.907-04:00,-3442.382812,-7.215568
2026-08-25T16:23:23.907-04:00,-3435.058594,-7.433065
2026-08-25T16:23:23.907-04:00,-3427.734375,-12.863507
2026-08-25T16:23:23.907-04:00,-3420.410156,-20.243576
2026-08-25T16:23:23.907-04:00,-3413.085938,-18.180233
2026-08-25T16:23:23.907-04:00,-3405.761719,-20.604725
2026-08-25T16:23:23.907-04:00,-3398.437500,-16.160769
2026-08-25T16:23:23.907-04:00,-3391.113281,-12.527010
2026-08-25T16:23:23.907-04:00,-3383.789062,-15.074147
2026-08-25T16:23:23.907-04:00,-3376.464844,-20.268147
2026-08-25T16:23:23.907-04:00,-3369.140625,-16.611544
2026-08-25T16:23:23.907-04:00,-3361.816406,-20.218241
2026-08-25T16:23:23.907-04:00,-3354.492188,-16.250017
2026-08-25T16:23:23.907-04:00,-3347.167969,-14.504253
2026-08-25T16:23:23.907-04:00,-3339.843750,-22.405279
2026-08-25T16:23:23.907-04:00,-3332.519531,-17.257265
2026-08-25T16:23:23.907-04:00,-3325.195312,-18.561329
2026-08-25T16:23:23.907-04:00,-3317.871094,-30.892460
2026-08-25T16:23:23.907-04:00,-3310.546875,-16.475788
2026-08-25T16:23:23.907-04:00,-3303.222656,-18.333433
2026-08-25T16:23:23.907-04:00,-3295.898438,-35.272888
2026-08-25T16:23:23.907-04:00,-3288.574219,-22.674578
2026-08-25T16:23:23.907-04:00,-3281.250000,-12.741246
2026-08-25T16:23:23.907-04:00,-3273.925781,-11.715408
2026-08-25T16:23:23.907-04:00,-3266.601562,-13.301817
2026-08-25T16:23:23.907-04:00,-3259.277344,-14.954902
2026-08-25T16:23:23.907-04:00,-3251.953125,-15.701789
2026-08-25T16:23:23.907-04:00,-3244.628906,-13.736893
2026-08-25T16:23:23.907-04:00,-3237.304688,-14.850853
2026-08-25T16:23:23.907-04:00,-3229.980469,-18.165257
2026-08-25T16:23:23.907-04:00,-3222.656250,-16.762056
2026-08-25T16:23:23.907-04:00,-3215.332031,-16.710836
2026-08-25T16:23:23.907-04:00,-3208.007812,-16.726357
2026-08-25T16:23:23.907-04:00,-3200.683594,-10.360180
2026-08-25T16:23:23.907-04:00,-3193.359375,-8.931023
2026-08-25T16:23:23.907-04:00,-3186.035156,-12.243420
2026-08-25T16:23:23.907-04:00,-3178.710938,-13.171901
2026-08-25T16:23:23.907-04:00,-3171.386719,-10.623695
2026-08-25T16:23:23.907-04:00,-3164.062500,-11.129890
2026-08-25T16:23:23.907-04:00,-3156.738281,-16.119986
2026-08-25T16:23:23.907-04:00,-3149.414062,-15.561121
2026-08-25T16:23:23.907-04:00,-3142.089844,-34.741386
2026-08-25T16:23:23.907-04:00,-3134.765625,-12.694416
2026-08-25T16:23:23.907-04:00,-3127.441406,-11.218982
2026-08-25T16:23:23.907-04:00,-3120.117188,-21.144634
2026-08-25T16:23:23.907-04:00,-3112.792969,-17.595274
2026-08-25T16:23:23.907-04:00,-3105.468750,-14.591340
2026-08-25T16:23:23.907-04:00,-3098.144531,-14.786872
2026-08-25T16:23:23.907-04:00,-3090.820312,-15.651506
2026-08-25T16:23:23.907-04:00,-3083.496094,-29.202673
2026-08-25T16:23:23.907-04:00,-3076.171875,-11.940618
2026-08-25T16:23:23.907-04:00,-3068.847656,-11.788402
2026-08-25T16:23:23.907-04:00,-3061.523438,-19.432156
2026-08-25T16:23:23.907-04:00,-3054.199219,-32.584869
2026-08-25T16:23:23.907-04:00,-3046.875000,-27.874416
2026-08-25T16:23:23.907-04:00,-3039.550781,-22.860626
2026-08-25T16:23:23.907-04:00,-3032.226562,-15.840234
2026-08-25T16:23:23.907-04:00,-3024.902344,-16.371742
2026-08-25T16:23:23.907-04:00,-3017.578125,-29.270678
2026-08-25T16:23:23.907-04:00,-3010.253906,-24.789240
2026-08-25T16:23:23.907-04:00,-3002.929688,-42.064651
2026-08-25T16:23:23.907-04:00,-2995.605469,-16.472292
2026-08-25T16:23:23.907-04:00,-2988.281250,-11.368260
2026-08-25T16:23:23.907-04:00,-2980.957031,-10.742599
2026-08-25T16:23:23.907-04:00,-2973.632812,-12.341860
2026-08-25T16:23:23.907-04:00,-2966.308594,-15.409157
2026-08-25T16:23:23.907-04:00,-2958.984375,-18.494553
2026-08-25T16:23:23.907-04:00,-2951.660156,-19.630735
2026-08-25T16:23:23.907-04:00,-2944.335938,-16.304358
2026-08-25T16:23:23.907-04:00,-2937.011719,-13.555990
2026-08-25T16:23:23.907-04:00,-2929.687500,-15.629156
2026-08-25T16:23:23.907-04:00,-2922.363281,-13.027870
2026-08-25T16:23:23.907-04:00,-2915.039062,-10.794052
2026-08-25T16:23:23.907-04:00,-2907.714844,-14.679710
2026-08-25T16:23:23.907-04:00,-2900.390625,-24.415991
2026-08-25T16:23:23.907-04:00,-2893.066406,-13.051771
2026-08-25T16:23:23.907-04:00,-2885.742188,-14.161100
2026-08-25T16:23:23.907-04:00,-2878.417969,-30.580013
2026-08-25T16:23:23.907-04:00,-2871.093750,-17.598183
2026-08-25T16:23:23.907-04:00,-2863.769531,-14.395866
2026-08-25T16:23:23.907-04:00,-2856.445312,-17.069763
2026-08-25T16:23:23.907-04:00,-2849.121094,-20.098175
2026-08-25T16:23:23.907-04:00,-2841.796875,-9.026507
2026-08-25T16:23:23.907-04:00,-2834.472656,-8.674757
2026-08-25T16:23:23.907-04:00,-2827.148438,-16.828487
2026-08-25T16:23:23.907-04:00,-2819.824219,-18.483789
2026-08-25T16:23:23.907-04:00,-2812.500000,-15.559777
2026-08-25T16:23:23.907-04:00,-2805.175781,-9.286427
2026-08-25T16:23:23.907-04:00,-2797.851562,-10.651850
2026-08-25T16:23:23.907-04:00,-2790.527344,-12.814600
2026-08-25T16:23:23.907-04:00,-2783.203125,-10.295040
2026-08-25T16:23:23.907-04:00,-2775.878906,-10.949578
2026-08-25T16:23:23.907-04:00,-2768.554688,-16.450924
2026-08-25T16:23:23.907-04:00,-2761.230469,-17.429659
2026-08-25T16:23:23.907-04:00,-2753.906250,-9.567421
2026-08-25T16:23:23.907-04:00,-2746.582031,-8.463235
2026-08-25T16:23:23.907-04:00,-2739.257812,-9.998764
2026-08-25T16:23:23.907-04:00,-2731.933594,-11.253547
2026-08-25T16:23:23.907-04:00,-2724.609375,-11.440009
2026-08-25T16:23:23.907-04:00,-2717.285156,-13.023094
2026-08-25T16:23:23.907-04:00,-2709.960938,-12.977217
2026-08-25T16:23:23.907-04:00,-2702.636719,-11.199799
2026-08-25T16:23:23.907-04:00,-2695.312500,-14.099104
2026-08-25T16:23:23.907-04:00,-2687.988281,-18.562862
2026-08-25T16:23:23.907-04:00,-2680.664062,-14.817785
2026-08-25T16:23:23.907-04:00,-2673.339844,-15.274981
2026-08-25T16:23:23.907-04:00,-2666.015625,-11.880197
2026-08-25T16:23:23.907-04:00,-2658.691406,-12.339154
2026-08-25T16:23:23.907-04:00,-2651.367188,-20.388454
2026-08-25T16:23:23.907-04:00,-2644.042969,-14.929954
2026-08-25T16:23:23.907-04:00,-2636.718750,-12.033029
2026-08-25T16:23:23.907-04:00,-2629.394531,-10.739232
2026-08-25T16:23:23.907-04:00,-2622.070312,-11.393147
2026-08-25T16:23:23.907-04:00,-2614.746094,-15.621548
2026-08-25T16:23:23.907-04:00,-2607.421875,-21.594421
2026-08-25T16:23:23.907-04:00,-2600.097656,-24.309805
2026-08-25T16:23:23.907-04:00,-2592.773438,-21.256916
2026-08-25T16:23:23.907-04:00,-2585.449219,-19.755337
2026-08-25T16:23:23.907-04:00,-2578.125000,-24.983299
2026-08-25T16:23:23.907-04:00,-2570.800781,-15.485767
2026-08-25T16:23:23.907-04:00,-2563.476562,-9.851562
2026-08-25T16:23:23.907-04:00,-2556.152344,-9.508392
2026-08-25T16:23:23.907-04:00,-2548.828125,-12.451889
2026-08-25T16:23:23.907-04:00,-2541.503906,-15.593835
2026-08-25T16:23:23.907-04:00,-2534.179688,-14.446221
2026-08-25T16:23:23.907-04:00,-2526.855469,-11.418293
2026-08-25T16:23:23.907-04:00,-2519.531250,-9.068669
2026-08-25T16:23:23.907-04:00,-2512.207031,-7.761817
2026-08-25T16:23:23.907-04:00,-2504.882812,-9.432288
2026-08-25T16:23:23.907-04:00,-2497.558594,-16.400906
2026-08-25T16:23:23.907-04:00,-2490.234375,-27.032784
2026-08-25T16:23:23.907-04:00,-2482.910156,-21.308743
2026-08-25T16:23:23.907-04:00,-2475.585938,-18.058474
2026-08-25T16:23:23.907-04:00,-2468.261719,-23.555443
2026-08-25T16:23:23.907-04:00,-2460.937500,-29.213509
2026-08-25T16:23:23.907-04:00,-2453.613281,-21.931530
2026-08-25T16:23:23.907-04:00,-2446.289062,-18.250690
2026-08-25T16:23:23.907-04:00,-2438.964844,-19.056456
2026-08-25T16:23:23.907-04:00,-2431.640625,-18.820475
2026-08-25T16:23:23.907-04:00,-2424.316406,-14.994058
2026-08-25T16:23:23.907-04:00,-2416.992188,-14.247133
2026-08-25T16:23:23.907-04:00,-2409.667969,-16.087170
2026-08-25T16:23:23.907-04:00,-2402.343750,-17.436569
2026-08-25T16:23:23.907-04:00,-2395.019531,-19.202097
2026-08-25T16:23:23.907-04:00,-2387.695312,-25.850624
2026-08-25T16:23:23.907-04:00,-2380.371094,-22.783741
2026-08-25T16:23:23.907-04:00,-2373.046875,-18.081892
2026-08-25T16:23:23.907-04:00,-2365.722656,-16.175150
2026-08-25T16:23:23.907-04:00,-2358.398438,-15.870547
2026-08-25T16:23:23.907-04:00,-2351.074219,-15.811945
2026-08-25T16:23:23.907-04:00,-2343.750000,-19.312616
2026-08-25T16:23:23.907-04:00,-2336.425781,-14.597841
2026-08-25T16:23:23.907-04:00,-2329.101562,-11.186882
2026-08-25T16:23:23.907-04:00,-2321.777344,-14.636604
2026-08-25T16:23:23.907-04:00,-2314.453125,-14.023853
2026-08-25T16:23:23.907-04:00,-2307.128906,-11.069900
2026-08-25T16:23:23.907-04:00,-2299.804688,-12.490083
2026-08-25T16:23:23.907-04:00,-2292.480469,-12.003852
2026-08-25T16:23:23.907-04:00,-2285.156250,-10.665308
2026-08-25T16:23:23.907-04:00,-2277.832031,-15.789398
2026-08-25T16:23:23.907-04:00,-2270.507812,-15.602384
2026-08-25T16:23:23.907-04:00,-2263.183594,-11.949347
2026-08-25T16:23:23.907-04:00,-2255.859375,-12.235240
2026-08-25T16:23:23.907-04:00,-2248.535156,-17.884838
2026-08-25T16:23:23.907-04:00,-2241.210938,-20.893604
2026-08-25T16:23:23.907-04:00,-2233.886719,-18.794632
2026-08-25T16:23:23.907-04:00,-2226.562500,-18.772785
2026-08-25T16:23:23.907-04:00,-2219.238281,-13.869706
2026-08-25T16:23:23.907-04:00,-2211.914062,-18.518810
2026-08-25T16:23:23.907-04:00,-2204.589844,-15.953384
2026-08-25T16:23:23.907-04:00,-2197.265625,-15.013089
2026-08-25T16:23:23.907-04:00,-2189.941406,-19.467209
2026-08-25T16:23:23.907-04:00,-2182.617188,-14.222989
2026-08-25T16:23:23.907-04:00,-2175.292969,-15.667123
2026-08-25T16:23:23.907-04:00,-2167.968750,-17.575882
2026-08-25T16:23:23.907-04:00,-2160.644531,-18.683001
2026-08-25T16:23:23.907-04:00,-2153.320312,-14.335512
2026-08-25T16:23:23.907-04:00,-2145.996094,-15.601359
2026-08-25T16:23:23.907-04:00,-2138.671875,-30.437485
2026-08-25T16:23:23.907-04:00,-2131.347656,-22.064104
2026-08-25T16:23:23.907-04:00,-2124.023438,-50.178673
2026-08-25T16:23:23.907-04:00,-2116.699219,-24.596912
2026-08-25T16:23:23.907-04:00,-2109.375000,-19.695261
2026-08-25T16:23:23.907-04:00,-2102.050781,-21.001902
2026-08-25T16:23:23.907-04:00,-2094.726562,-19.929207
2026-08-25T16:23:23.907-04:00,-2087.402344,-12.408443
2026-08-25T16:23:23.907-04:00,-2080.078125,-11.489389
2026-08-25T16:23:23.907-04:00,-2072.753906,-21.448690
2026-08-25T16:23:23.907-04:00,-2065.429688,-15.434343
2026-08-25T16:23:23.907-04:00,-2058.105469,-11.081744
2026-08-25T16:23:23.907-04:00,-2050.781250,-10.955387
2026-08-25T16:23:23.907-04:00,-2043.457031,-11.331394
2026-08-25T16:23:23.907-04:00,-2036.132812,-16.641531
2026-08-25T16:23:23.907-04:00,-2028.808594,-25.244511
2026-08-25T16:23:23.907-04:00,-2021.484375,-31.942102
2026-08-25T16:23:23.907-04:00,-2014.160156,-18.681170
2026-08-25T16:23:23.907-04:00,-2006.835938,-12.297108
2026-08-25T16:23:23.907-04:00,-1999.511719,-9.168961
2026-08-25T16:23:23.907-04:00,-1992.187500,-9.285439
2026-08-25T16:23:23.907-04:00,-1984.863281,-13.471724
2026-08-25T16:23:23.907-04:00,-1977.539062,-25.364998
2026-08-25T16:23:23.907-04:00,-1970.214844,-21.787418
2026-08-25T16:23:23.907-04:00,-1962.890625,-26.761713
2026-08-25T16:23:23.907-04:00,-1955.566406,-17.823824
2026-08-25T16:23:23.907-04:00,-1948.242188,-16.702955
2026-08-25T16:23:23.907-04:00,-1940.917969,-16.917358
2026-08-25T16:23:23.907-04:00,-1933.593750,-13.921394
2026-08-25T16:23:23.907-04:00,-1926.269531,-11.157213
2026-08-25T16:23:23.907-04:00,-1918.945312,-13.015307
2026-08-25T16:23:23.907-04:00,-1911.621094,-16.305975
2026-08-25T16:23:23.907-04:00,-1904.296875,-11.580234
2026-08-25T16:23:23.907-04:00,-1896.972656,-9.765171
2026-08-25T16:23:23.907-04:00,-1889.648438,-10.902385
2026-08-25T16:23:23.907-04:00,-1882.324219,-13.481613
2026-08-25T16:23:23.907-04:00,-1875.000000,-14.487844
2026-08-25T16:23:23.907-04:00,-1867.675781,-11.989007
2026-08-25T16:23:23.907-04:00,-1860.351562,-10.871862
2026-08-25T16:23:23.907-04:00,-1853.027344,-15.060879
2026-08-25T16:23:23.907-04:00,-1845.703125,-17.607262
2026-08-25T16:23:23.907-04:00,-1838.378906,-13.163872
2026-08-25T16:23:23.907-04:00,-1831.054688,-10.155335
2026-08-25T16:23:23.907-04:00,-1823.730469,-8.200564
2026-08-25T16:23:23.907-04:00,-1816.406250,-8.316416
2026-08-25T16:23:23.907-04:00,-1809.082031,-9.372150
2026-08-25T16:23:23.907-04:00,-1801.757812,-13.166615
2026-08-25T16:23:23.907-04:00,-1794.433594,-24.525711
2026-08-25T16:23:23.907-04:00,-1787.109375,-19.815517
2026-08-25T16:23:23.907-04:00,-1779.785156,-19.616226
2026-08-25T16:23:23.907-04:00,-1772.460938,-21.958378
2026-08-25T16:23:23.907-04:00,-1765.136719,-17.309353
2026-08-25T16:23:23.907-04:00,-1757.812500,-14.212575
2026-08-25T16:23:23.907-04:00,-1750.488281,-13.572255
2026-08-25T16:23:23.907-04:00,-1743.164062,-14.185192
2026-08-25T16:23:23.907-04:00,-1735.839844,-15.766835
2026-08-25T16:23:23.907-04:00,-1728.515625,-13.901853
2026-08-25T16:23:23.907-04:00,-1721.191406,-13.987722
2026-08-25T16:23:23.907-04:00,-1713.867188,-13.890354
2026-08-25T16:23:23.907-04:00,-1706.542969,-13.143900
2026-08-25T16:23:23.907-04:00,-1699.218750,-13.743342
2026-08-25T16:23:23.907-04:00,-1691.894531,-14.557302
2026-08-25T16:23:23.907-04:00,-1684.570312,-16.152760
2026-08-25T16:23:23.907-04:00,-1677.246094,-14.205162
2026-08-25T16:23:23.907-04:00,-1669.921875,-17.792934
2026-08-25T16:23:23.907-04:00,-1662.597656,-21.086624
2026-08-25T16:23:23.907-04:00,-1655.273438,-17.965866
2026-08-25T16:23:23.907-04:00,-1647.949219,-18.174284
2026-08-25T16:23:23.907-04:00,-1640.625000,-23.380829
2026-08-25T16:23:23.907-04:00,-1633.300781,-15.350022
2026-08-25T16:23:23.907-04:00,-1625.976562,-15.495901
2026-08-25T16:23:23.907-04:00,-1618.652344,-19.418676
2026-08-25T16:23:23.907-04:00,-1611.328125,-16.048489
2026-08-25T16:23:23.907-04:00,-1604.003906,-13.471533
2026-08-25T16:23:23.907-04:00,-1596.679688,-13.134235
2026-08-25T16:23:23.907-04:00,-1589.355469,-12.101231
2026-08-25T16:23:23.907-04:00,-1582.031250,-10.418607
2026-08-25T16:23:23.907-04:00,-1574.707031,-13.476933
2026-08-25T16:23:23.907-04:00,-1567.382812,-38.188736
2026-08-25T16:23:23.907-04:00,-1560.058594,-19.198261
2026-08-25T16:23:23.907-04:00,-1552.734375,-23.927540
2026-08-25T16:23:23.907-04:00,-1545.410156,-23.191650
2026-08-25T16:23:23.907-04:00,-1538.085938,-16.155045
2026-08-25T16:23:23.907-04:00,-1530.761719,-14.675703
2026-08-25T16:23:23.907-04:00,-1523.437500,-18.253128
2026-08-25T16:23:23.907-04:00,-1516.113281,-22.801212
2026-08-25T16:23:23.907-04:00,-1508.789062,-24.037075
2026-08-25T16:23:23.907-04:00,-1501.464844,-26.772842
2026-08-25T16:23:23.907-04:00,-1494.140625,-24.132593
2026-08-25T16:23:23.907-04:00,-1486.816406,-23.718594
2026-08-25T16:23:23.907-04:00,-1479.492188,-29.094482
2026-08-25T16:23:23.907-04:00,-1472.167969,-24.401529
2026-08-25T16:23:23.907-04:00,-1464.843750,-15.572741
2026-08-25T16:23:23.907-04:00,-1457.519531,-13.384171
2026-08-25T16:23:23.907-04:00,-1450.195312,-17.779524
2026-08-25T16:23:23.907-04:00,-1442.871094,-12.488837
2026-08-25T16:23:23.907-04:00,-1435.546875,-11.080259
2026-08-25T16:23:23.907-04:00,-1428.222656,-12.211044
2026-08-25T16:23:23.907-04:00,-1420.898438,-14.708947
2026-08-25T16:23:23.907-04:00,-1413.574219,-18.763115
2026-08-25T16:23:23.907-04:00,-1406.250000,-21.540680
2026-08-25T16:23:23.907-04:00,-1398.925781,-32.578857
2026-08-25T16:23:23.907-04:00,-1391.601562,-18.138979
2026-08-25T16:23:23.907-04:00,-1384.277344,-18.218925
2026-08-25T16:23:23.907-04:00,-1376.953125,-18.624224
2026-08-25T16:23:23.907-04:00,-1369.628906,-15.462414
2026-08-25T16:23:23.907-04:00,-1362.304688,-13.210014
2026-08-25T16:23:23.907-04:00,-1354.980469,-10.630482
2026-08-25T16:23:23.907-04:00,-1347.656250,-10.474319
2026-08-25T16:23:23.907-04:00,-1340.332031,-13.865582
2026-08-25T16:23:23.907-04:00,-1333.007812,-24.408445
2026-08-25T16:23:23.907-04:00,-1325.683594,-16.608948
2026-08-25T16:23:23.907-04:00,-1318.359375,-13.097019
2026-08-25T16:23:23.907-04:00,-1311.035156,-14.788979
2026-08-25T16:23:23.907-04:00,-1303.710938,-12.573900
2026-08-25T16:23:23.907-04:00,-1296.386719,-10.095344
2026-08-25T16:23:23.907-04:00,-1289.062500,-11.413559
2026-08-25T16:23:23.907-04:00,-1281.738281,-23.494177
2026-08-25T16:23:23.907-04:00,-1274.414062,-16.298298
2026-08-25T16:23:23.907-04:00,-1267.089844,-12.239036
2026-08-25T16:23:23.907-04:00,-1259.765625,-12.072897
2026-08-25T16:23:23.907-04:00,-1252.441406,-14.563375
2026-08-25T16:23:23.907-04:00,-1245.117188,-16.716959
2026-08-25T16:23:23.907-04:00,-1237.792969,-12.539585
2026-08-25T16:23:23.907-04:00,-1230.468750,-10.574066
2026-08-25T16:23:23.907-04:00,-1223.144531,-13.943922
2026-08-25T16:23:23.907-04:00,-1215.820312,-24.491671
2026-08-25T16:23:23.907-04:00,-1208.496094,-25.702543
2026-08-25T16:23:23.907-04:00,-1201.171875,-21.588493
2026-08-25T16:23:23.907-04:00,-1193.847656,-17.141455
2026-08-25T16:23:23.907-04:00,-1186.523438,-17.595610
2026-08-25T16:23:23.907-04:00,-1179.199219,-18.308027
2026-08-25T16:23:23.907-04:00,-1171.875000,-14.633204
2026-08-25T16:23:23.907-04:00,-1164.550781,-13.500098
2026-08-25T16:23:23.907-04:00,-1157.226562,-10.405478
2026-08-25T16:23:23.907-04:00,-1149.902344,-10.372420
2026-08-25T16:23:23.907-04:00,-1142.578125,-10.415135
2026-08-25T16:23:23.907-04:00,-1135.253906,-11.483716
2026-08-25T16:23:23.907-04:00,-1127.929688,-12.892399
2026-08-25T16:23:23.907-04:00,-1120.605469,-12.449625
2026-08-25T16:23:23.907-04:00,-1113.281250,-12.261847
2026-08-25T16:23:23.907-04:00,-1105.957031,-12.761970
2026-08-25T16:23:23.907-04:00,-1098.632812,-12.934895
2026-08-25T16:23:23.907-04:00,-1091.308594,-13.730584
2026-08-25T16:23:23.907-04:00,-1083.984375,-17.753834
2026-08-25T16:23:23.907-04:00,-1076.660156,-22.632954
2026-08-25T16:23:23.907-04:00,-1069.335938,-19.622238
2026-08-25T16:23:23.907-04:00,-1062.011719,-14.807646
2026-08-25T16:23:23.907-04:00,-1054.687500,-13.041441
2026-08-25T16:23:23.907-04:00,-1047.363281,-14.470772
2026-08-25T16:23:23.907-04:00,-1040.039062,-17.835993
2026-08-25T16:23:23.907-04:00,-1032.714844,-24.418262
2026-08-25T16:23:23.907-04:00,-1025.390625,-20.924232
2026-08-25T16:23:23.907-04:00,-1018.066406,-30.170528
2026-08-25T16:23:23.907-04:00,-1010.742188,-18.530907
2026-08-25T16:23:23.907-04:00,-1003.417969,-19.075014
2026-08-25T16:23:23.907-04:00,-996.093750,-17.159454
2026-08-25T16:23:23.907-04:00,-988.769531,-11.033031
2026-08-25T16:23:23.907-04:00,-981.445312,-11.753654
2026-08-25T16:23:23.907-04:00,-974.121094,-11.813637
2026-08-25T16:23:23.907-04:00,-966.796875,-9.209015
2026-08-25T16:23:23.907-04:00,-959.472656,-10.679394
2026-08-25T16:23:23.907-04:00,-952.148438,-17.786736
2026-08-25T16:23:23.907-04:00,-944.824219,-14.250403
2026-08-25T16:23:23.907-04:00,-937.500000,-9.492352
2026-08-25T16:23:23.907-04:00,-930.175781,-9.620515
2026-08-25T16:23:23.907-04:00,-922.851562,-17.892845
2026-08-25T16:23:23.907-04:00,-915.527344,-16.110975
2026-08-25T16:23:23.907-04:00,-908.203125,-10.745232
2026-08-25T16:23:23.907-04:00,-900.878906,-12.390714
2026-08-25T16:23:23.907-04:00,-893.554688,-11.105237
2026-08-25T16:23:23.907-04:00,-886.230469,-10.074100
2026-08-25T16:23:23.907-04:00,-878.906250,-12.167073
2026-08-25T16:23:23.907-04:00,-871.582031,-10.286469
2026-08-25T16:23:23.907-04:00,-864.257812,-9.440861
2026-08-25T16:23:23.907-04:00,-856.933594,-12.546984
2026-08-25T16:23:23.907-04:00,-849.609375,-19.114677
2026-08-25T16:23:23.907-04:00,-842.285156,-14.854399
2026-08-25T16:23:23.907-04:00,-834.960938,-9.725200
2026-08-25T16:23:23.907-04:00,-827.636719,-11.406198
2026-08-25T16:23:23.907-04:00,-820.312500,-18.993488
2026-08-25T16:23:23.907-04:00,-812.988281,-12.795448
2026-08-25T16:23:23.907-04:00,-805.664062,-16.155985
2026-08-25T16:23:23.907-04:00,-798.339844,-19.524851
2026-08-25T16:23:23.907-04:00,-791.015625,-13.524563
2026-08-25T16:23:23.907-04:00,-783.691406,-9.884315
2026-08-25T16:23:23.907-04:00,-776.367188,-12.449654
2026-08-25T16:23:23.907-04:00,-769.042969,-17.541065
2026-08-25T16:23:23.907-04:00,-761.718750,-19.891367
2026-08-25T16:23:23.907-04:00,-754.394531,-14.296129
2026-08-25T16:23:23.907-04:00,-747.070312,-11.571631
2026-08-25T16:23:23.907-04:00,-739.746094,-11.951107
2026-08-25T16:23:23.907-04:00,-732.421875,-10.362589
2026-08-25T16:23:23.907-04:00,-725.097656,-8.181596
2026-08-25T16:23:23.907-04:00,-717.773438,-9.261452
2026-08-25T16:23:23.907-04:00,-710.449219,-12.324668
2026-08-25T16:23:23.907-04:00,-703.125000,-18.319643
2026-08-25T16:23:23.907-04:00,-695.800781,-25.359398
2026-08-25T16:23:23.907-04:00,-688.476562,-12.521119
2026-08-25T16:23:23.907-04:00,-681.152344,-9.524219
2026-08-25T16:23:23.907-04:00,-673.828125,-12.821791
2026-08-25T16:23:23.907-04:00,-666.503906,-16.745428
2026-08-25T16:23:23.907-04:00,-659.179688,-17.562405
2026-08-25T16:23:23.907-04:00,-651.855469,-29.592663
2026-08-25T16:23:23.907-04:00,-644.531250,-21.410391
2026-08-25T16:23:23.907-04:00,-637.207031,-16.548847
2026-08-25T16:23:23.907-04:00,-629.882812,-13.699207
2026-08-25T16:23:23.907-04:00,-622.558594,-10.757693
2026-08-25T16:23:23.907-04:00,-615.234375,-12.809743
2026-08-25T16:23:23.907-04:00,-607.910156,-14.462387
2026-08-25T16:23:23.907-04:00,-600.585938,-16.355053
2026-08-25T16:23:23.907-04:00,-593.261719,-22.623226
2026-08-25T16:23:23.907-04:00,-585.937500,-17.898388
2026-08-25T16:23:23.907-04:00,-578.613281,-13.634511
2026-08-25T16:23:23.907-04:00,-571.289062,-17.282597
2026-08-25T16:23:23.907-04:00,-563.964844,-17.013779
2026-08-25T16:23:23.907-04:00,-556.640625,-10.793266
2026-08-25T16:23:23.907-04:00,-549.316406,-12.709490
2026-08-25T16:23:23.907-04:00,-541.992188,-15.602217
2026-08-25T16:23:23.907-04:00,-534.667969,-14.628010
2026-08-25T16:23:23.907-04:00,-527.343750,-13.489404
2026-08-25T16:23:23.907-04:00,-520.019531,-15.981627
2026-08-25T16:23:23.907-04:00,-512.695312,-22.090466
2026-08-25T16:23:23.907-04:00,-505.371094,-23.736290
2026-08-25T16:23:23.907-04:00,-498.046875,-20.136679
2026-08-25T16:23:23.907-04:00,-490.722656,-19.478647
2026-08-25T16:23:23.907-04:00,-483.398438,-26.866138
2026-08-25T16:23:23.907-04:00,-476.074219,-19.057537
2026-08-25T16:23:23.907-04:00,-468.750000,-16.150763
2026-08-25T16:23:23.907-04:00,-461.425781,-12.000594
2026-08-25T16:23:23.907-04:00,-454.101562,-9.477487
2026-08-25T16:23:23.907-04:00,-446.777344,-11.545810
2026-08-25T16:23:23.907-04:00,-439.453125,-15.885651
2026-08-25T16:23:23.907-04:00,-432.128906,-13.649773
2026-08-25T16:23:23.907-04:00,-424.804688,-12.784099
2026-08-25T16:23:23.907-04:00,-417.480469,-16.656260
2026-08-25T16:23:23.907-04:00,-410.156250,-29.035847
2026-08-25T16:23:23.907-04:00,-402.832031,-17.578566
2026-08-25T16:23:23.907-04:00,-395.507812,-9.479340
2026-08-25T16:23:23.907-04:00,-388.183594,-7.037934
2026-08-25T16:23:23.907-04:00,-380.859375,-9.069036
2026-08-25T16:23:23.907-04:00,-373.535156,-14.029198
2026-08-25T16:23:23.907-04:00,-366.210938,-15.250831
2026-08-25T16:23:23.907-04:00,-358.886719,-16.902519
2026-08-25T16:23:23.907-04:00,-351.562500,-12.620529
2026-08-25T16:23:23.907-04:00,-344.238281,-12.649696
2026-08-25T16:23:23.907-04:00,-336.914062,-17.791676
2026-08-25T16:23:23.907-04:00,-329.589844,-18.604322
2026-08-25T16:23:23.907-04:00,-322.265625,-15.610889
2026-08-25T16:23:23.907-04:00,-314.941406,-14.473859
2026-08-25T16:23:23.907-04:00,-307.617188,-9.640480
2026-08-25T16:23:23.907-04:00,-300.292969,-10.044204
2026-08-25T16:23:23.907-04:00,-292.968750,-19.662039
2026-08-25T16:23:23.907-04:00,-285.644531,-8.259245
2026-08-25T16:23:23.907-04:00,-278.320312,-6.373084
2026-08-25T16:23:23.907-04:00,-270.996094,-9.421209
2026-08-25T16:23:23.907-04:00,-263.671875,-15.753064
2026-08-25T16:23:23.907-04:00,-256.347656,-15.950281
2026-08-25T16:23:23.907-04:00,-249.023438,-17.888832
2026-08-25T16:23:23.907-04:00,-241.699219,-22.563972
2026-08-25T16:23:23.907-04:00,-234.375000,-13.825145
2026-08-25T16:23:23.907-04:00,-227.050781,-12.358970
2026-08-25T16:23:23.907-04:00,-219.726562,-12.995678
2026-08-25T16:23:23.907-04:00,-212.402344,-16.029144
2026-08-25T16:23:23.907-04:00,-205.078125,-13.054208
2026-08-25T16:23:23.907-04:00,-197.753906,-12.156141
2026-08-25T16:23:23.907-04:00,-190.429688,-17.860861
2026-08-25T16:23:23.907-04:00,-183.105469,-24.487072
2026-08-25T16:23:23.907-04:00,-175.781250,-20.115932
2026-08-25T16:23:23.907-04:00,-168.457031,-17.650700
2026-08-25T16:23:23.907-04:00,-161.132812,-17.617817
2026-08-25T16:23:23.907-04:00,-153.808594,-15.210742
2026-08-25T16:23:23.907-04:00,-146.484375,-11.039726
2026-08-25T16:23:23.907-04:00,-139.160156,-10.468035
2026-08-25T16:23:23.907-04:00,-131.835938,-19.321842
2026-08-25T16:23:23.907-04:00,-124.511719,-15.139811
2026-08-25T16:23:23.907-04:00,-117.187500,-11.684013
2026-08-25T16:23:23.907-04:00,-109.863281,-14.002465
2026-08-25T16:23:23.907-04:00,-102.539062,-13.090113
2026-08-25T16:23:23.907-04:00,-95.214844,-10.676354
2026-08-25T16:23:23.907-04:00,-87.890625,-11.689416
2026-08-25T16:23:23.907-04:00,-80.566406,-15.788017
2026-08-25T16:23:23.907-04:00,-73.242188,-14.955725
2026-08-25T16:23:23.907-04:00,-65.917969,-12.812469
2026-08-25T16:23:23.907-04:00,-58.593750,-14.566586
2026-08-25T16:23:23.907-04:00,-51.269531,-15.062748
2026-08-25T16:23:23.907-04:00,-43.945312,-12.280584
2026-08-25T16:23:23.907-04:00,-36.621094,-13.842144
2026-08-25T16:23:23.907-04:00,-29.296875,-15.741714
2026-08-25T16:23:23.907-04:00,-21.972656,-13.370672
2026-08-25T16:23:23.907-04:00,-14.648438,-13.603788
2026-08-25T16:23:23.907-04:00,-7.324219,-23.210546
2026-08-25T16:23:23.907-04:00,0.000000,-21.542526
2026-08-25T16:23:23.907-04:00,7.324219,-12.451797
2026-08-25T16:23:23.907-04:00,14.648438,-10.500252
2026-08-25T16:23:23.907-04:00,21.972656,-15.681387
2026-08-25T16:23:23.907-04:00,29.296875,-19.013489
2026-08-25T16:23:23.907-04:00,36.621094,-13.640562
2026-08-25T16:23:23.907-04:00,43.945312,-16.160763
2026-08-25T16:23:23.907-04:00,51.269531,-18.434748
2026-08-25T16:23:23.907-04:00,58.593750,-14.484720
2026-08-25T16:23:23.907-04:00,65.917969,-12.312747
2026-08-25T16:23:23.907-04:00,73.242188,-10.948056
2026-08-25T16:23:23.907-04:00,80.566406,-10.510539
2026-08-25T16:23:23.907-04:00,87.890625,-13.940094
2026-08-25T16:23:23.907-04:00,95.214844,-28.033598
2026-08-25T16:23:23.907-04:00,102.539062,-19.399090
2026-08-25T16:23:23.907-04:00,109.863281,-14.347549
2026-08-25T16:23:23.907-04:00,117.187500,-13.501669
2026-08-25T16:23:23.907-04:00,124.511719,-15.476608
2026-08-25T16:23:23.907-04:00,131.835938,-19.717962
2026-08-25T16:23:23.907-04:00,139.160156,-26.768131
2026-08-25T16:23:23.907-04:00,146.484375,-38.276333
2026-08-25T16:23:23.907-04:00,153.808594,-26.019804
2026-08-25T16:23:23.907-04:00,161.132812,-24.647682
2026-08-25T16:23:23.907-04:00,168.457031,-25.178265
2026-08-25T16:23:23.907-04:00,175.781250,-16.580536
2026-08-25T16:23:23.907-04:00,183.105469,-11.902331
2026-08-25T16:23:23.907-04:00,190.429688,-9.981135
2026-08-25T16:23:23.907-04:00,197.753906,-10.750708
2026-08-25T16:23:23.907-04:00,205.078125,-16.092417
2026-08-25T16:23:23.907-04:00,212.402344,-21.080029
2026-08-25T16:23:23.907-04:00,219.726562,-22.339069
2026-08-25T16:23:23.907-04:00,227.050781,-24.736700
2026-08-25T16:23:23.907-04:00,234.375000,-13.733004
2026-08-25T16:23:23.907-04:00,241.699219,-9.445905
2026-08-25T16:23:23.907-04:00,249.023438,-7.712180
2026-08-25T16:23:23.907-04:00,256.347656,-7.711565
2026-08-25T16:23:23.907-04:00,263.671875,-9.690411
2026-08-25T16:23:23.907-04:00,270.996094,-13.985394
2026-08-25T16:23:23.907-04:00,278.320312,-15.565323
2026-08-25T16:23:23.907-04:00,285.644531,-14.583292
2026-08-25T16:23:23.907-04:00,292.968750,-19.627972
2026-08-25T16:23:23.907-04:00,300.292969,-16.146030
2026-08-25T16:23:23.907-04:00,307.617188,-15.996058
2026-08-25T16:23:23.907-04:00,314.941406,-21.187317
2026-08-25T16:23:23.907-04:00,322.265625,-15.777582
2026-08-25T16:23:23.907-04:00,329.589844,-33.056454
2026-08-25T16:23:23.907-04:00,336.914062,-15.266495
2026-08-25T16:23:23.907-04:00,344.238281,-14.522809
2026-08-25T16:23:23.907-04:00,351.562500,-17.515142
2026-08-25T16:23:23.907-04:00,358.886719,-17.267899
2026-08-25T16:23:23.907-04:00,366.210938,-16.585962
2026-08-25T16:23:23.907-04:00,373.535156,-15.876580
2026-08-25T16:23:23.907-04:00,380.859375,-13.838195
2026-08-25T16:23:23.907-04:00,388.183594,-13.624797
2026-08-25T16:23:23.907-04:00,395.507812,-18.008724
2026-08-25T16:23:23.907-04:00,402.832031,-24.518684
2026-08-25T16:23:23.907-04:00,410.156250,-31.198738
2026-08-25T16:23:23.907-04:00,417.480469,-16.651800
2026-08-25T16:23:23.907-04:00,424.804688,-12.295855
2026-08-25T16:23:23.907-04:00,432.128906,-16.001751
2026-08-25T16:23:23.907-04:00,439.453125,-21.709806
2026-08-25T16:23:23.907-04:00,446.777344,-18.979889
2026-08-25T16:23:23.907-04:00,454.101562,-24.947620
2026-08-25T16:23:23.907-04:00,461.425781,-17.755009
2026-08-25T16:23:23.907-04:00,468.750000,-25.941565
2026-08-25T16:23:23.907-04:00,476.074219,-16.962900
2026-08-25T16:23:23.907-04:00,483.398438,-15.373907
2026-08-25T16:23:23.907-04:00,490.722656,-12.063519
2026-08-25T16:23:23.907-04:00,498.046875,-10.015677
2026-08-25T16:23:23.907-04:00,505.371094,-10.707282
2026-08-25T16:23:23.907-04:00,512.695312,-12.847321
2026-08-25T16:23:23.907-04:00,520.019531,-14.833057
2026-08-25T16:23:23.907-04:00,527.343750,-18.123819
2026-08-25T16:23:23.907-04:00,534.667969,-14.710604
2026-08-25T16:23:23.907-04:00,541.992188,-14.109715
2026-08-25T16:23:23.907-04:00,549.316406,-17.829048
2026-08-25T16:23:23.907-04:00,556.640625,-30.435005
2026-08-25T16:23:23.907-04:00,563.964844,-12.371322
2026-08-25T16:23:23.907-04:00,571.289062,-10.144392
2026-08-25T16:23:23.907-04:00,578.613281,-16.177052
2026-08-25T16:23:23.907-04:00,585.937500,-18.860968
2026-08-25T16:23:23.907-04:00,593.261719,-15.283680
2026-08-25T16:23:23.907-04:00,600.585938,-15.671973
2026-08-25T16:23:23.907-04:00,607.910156,-13.494352
2026-08-25T16:23:23.907-04:00,615.234375,-14.905193
2026-08-25T16:23:23.907-04:00,622.558594,-23.753319
2026-08-25T16:23:23.907-04:00,629.882812,-23.492844
2026-08-25T16:23:23.907-04:00,637.207031,-23.393642
2026-08-25T16:23:23.907-04:00,644.531250,-14.773167
2026-08-25T16:23:23.907-04:00,651.855469,-15.636192
2026-08-25T16:23:23.907-04:00,659.179688,-28.240208
2026-08-25T16:23:23.907-04:00,666.503906,-17.610565
2026-08-25T16:23:23.907-04:00,673.828125,-19.869139
2026-08-25T16:23:23.907-04:00,681.152344,-16.266739
2026-08-25T16:23:23.907-04:00,688.476562,-12.471122
2026-08-25T16:23:23.907-04:00,695.800781,-15.864202
2026-08-25T16:23:23.907-04:00,703.125000,-28.083538
2026-08-25T16:23:23.907-04:00,710.449219,-17.937088
2026-08-25T16:23:23.907-04:00,717.773438,-13.844052
2026-08-25T16:23:23.907-04:00,725.097656,-15.803873
2026-08-25T16:23:23.907-04:00,732.421875,-20.688437
2026-08-25T16:23:23.907-04:00,739.746094,-14.568724
2026-08-25T16:23:23.907-04:00,747.070312,-12.489803
2026-08-25T16:23:23.907-04:00,754.394531,-14.694571
2026-08-25T16:23:23.907-04:00,761.718750,-19.807697
2026-08-25T16:23:23.907-04:00,769.042969,-26.875162
2026-08-25T16:23:23.907-04:00,776.367188,-19.061567
2026-08-25T16:23:23.907-04:00,783.691406,-15.136168
2026-08-25T16:23:23.907-04:00,791.015625,-18.780991
2026-08-25T16:23:23.907-04:00,798.339844,-26.107122
2026-08-25T16:23:23.907-04:00,805.664062,-25.915955
2026-08-25T16:23:23.907-04:00,812.988281,-25.057333
2026-08-25T16:23:23.907-04:00,820.312500,-20.502934
2026-08-25T16:23:23.907-04:00,827.636719,-13.268823
2026-08-25T16:23:23.907-04:00,834.960938,-9.417460
2026-08-25T16:23:23.907-04:00,842.285156,-9.500239
2026-08-25T16:23:23.907-04:00,849.609375,-12.943205
2026-08-25T16:23:23.907-04:00,856.933594,-33.970589
2026-08-25T16:23:23.907-04:00,864.257812,-15.865255
2026-08-25T16:23:23.907-04:00,871.582031,-16.600271
2026-08-25T16:23:23.907-04:00,878.906250,-11.332736
2026-08-25T16:23:23.907-04:00,886.230469,-8.599016
2026-08-25T16:23:23.907-04:00,893.554688,-11.947299
2026-08-25T16:23:23.907-04:00,900.878906,-19.424608
2026-08-25T16:23:23.907-04:00,908.203125,-15.504762
2026-08-25T16:23:23.907-04:00,915.527344,-14.138394
2026-08-25T16:23:23.907-04:00,922.851562,-17.057144
2026-08-25T16:23:23.907-04:00,930.175781,-14.968666
2026-08-25T16:23:23.907-04:00,937.500000,-21.670856
2026-08-25T16:23:23.907-04:00,944.824219,-22.348190
2026-08-25T16:23:23.907-04:00,952.148438,-13.774736
2026-08-25T16:23:23.907-04:00,959.472656,-11.494251
2026-08-25T16:23:23.907-04:00,966.796875,-12.911024
2026-08-25T16:23:23.907-04:00,974.121094,-16.527870
2026-08-25T16:23:23.907-04:00,981.445312,-16.034121
2026-08-25T16:23:23.907-04:00,988.769531,-16.445320
2026-08-25T16:23:23.907-04:00,996.093750,-18.365131
2026-08-25T16:23:23.907-04:00,1003.417969,-14.024929
2026-08-25T16:23:23.907-04:00,1010.742188,-17.014433
2026-08-25T16:23:23.907-04:00,1018.066406,-23.444397
2026-08-25T16:23:23.907-04:00,1025.390625,-13.630714
2026-08-25T16:23:23.907-04:00,1032.714844,-13.009683
2026-08-25T16:23:23.907-04:00,1040.039062,-16.220242
2026-08-25T16:23:23.907-04:00,1047.363281,-26.948811
2026-08-25T16:23:23.907-04:00,1054.687500,-29.700954
2026-08-25T16:23:23.907-04:00,1062.011719,-23.319757
2026-08-25T16:23:23.907-04:00,1069.335938,-16.941063
2026-08-25T16:23:23.907-04:00,1076.660156,-16.429729
2026-08-25T16:23:23.907-04:00,1083.984375,-18.433331
2026-08-25T16:23:23.907-04:00,1091.308594,-14.617619
2026-08-25T16:23:23.907-04:00,1098.632812,-16.065718
2026-08-25T16:23:23.907-04:00,1105.957031,-23.130732
2026-08-25T16:23:23.907-04:00,1113.281250,-17.480587
2026-08-25T16:23:23.907-04:00,1120.605469,-25.894318
2026-08-25T16:23:23.907-04:00,1127.929688,-19.628254
2026-08-25T16:23:23.907-04:00,1135.253906,-16.074764
2026-08-25T16:23:23.907-04:00,1142.578125,-13.329268
2026-08-25T16:23:23.907-04:00,1149.902344,-10.788737
2026-08-25T16:23:23.907-04:00,1157.226562,-9.293978
2026-08-25T16:23:23.907-04:00,1164.550781,-9.566761
2026-08-25T16:23:23.907-04:00,1171.875000,-13.957194
2026-08-25T16:23:23.907-04:00,1179.199219,-25.455399
2026-08-25T16:23:23.907-04:00,1186.523438,-25.770996
2026-08-25T16:23:23.907-04:00,1193.847656,-14.920034
2026-08-25T16:23:23.907-04:00,1201.171875,-13.962847
2026-08-25T16:23:23.907-04:00,1208.496094,-19.328079
2026-08-25T16:23:23.907-04:00,1215.820312,-13.571511
2026-08-25T16:23:23.907-04:00,1223.144531,-11.263405
2026-08-25T16:23:23.907-04:00,1230.468750,-13.470229
2026-08-25T16:23:23.907-04:00,1237.792969,-16.859062
2026-08-25T16:23:23.907-04:00,1245.117188,-21.128910
2026-08-25T16:23:23.907-04:00,1252.441406,-27.415882
2026-08-25T16:23:23.907-04:00,1259.765625,-22.873096
2026-08-25T16:23:23.907-04:00,1267.089844,-14.246850
2026-08-25T16:23:23.907-04:00,1274.414062,-16.893246
2026-08-25T16:23:23.907-04:00,1281.738281,-35.387127
2026-08-25T16:23:23.907-04:00,1289.062500,-33.503830
2026-08-25T16:23:23.907-04:00,1296.386719,-16.454479
2026-08-25T16:23:23.907-04:00,1303.710938,-10.942584
2026-08-25T16:23:23.907-04:00,1311.035156,-9.153241
2026-08-25T16:23:23.907-04:00,1318.359375,-9.004530
2026-08-25T16:23:23.907-04:00,1325.683594,-10.272979
2026-08-25T16:23:23.907-04:00,1333.007812,-15.086020
2026-08-25T16:23:23.907-04:00,1340.332031,-18.046848
2026-08-25T16:23:23.907-04:00,1347.656250,-17.304873
2026-08-25T16:23:23.907-04:00,1354.980469,-28.823544
2026-08-25T16:23:23.907-04:00,1362.304688,-20.843208
2026-08-25T16:23:23.907-04:00,1369.628906,-19.582417
2026-08-25T16:23:23.907-04:00,1376.953125,-17.309059
2026-08-25T16:23:23.907-04:00,1384.277344,-20.672878
2026-08-25T16:23:23.907-04:00,1391.601562,-25.874943
2026-08-25T16:23:23.907-04:00,1398.925781,-25.078243
2026-08-25T16:23:23.907-04:00,1406.250000,-19.259731
2026-08-25T16:23:23.907-04:00,1413.574219,-17.896523
2026-08-25T16:23:23.907-04:00,1420.898438,-17.063715
2026-08-25T16:23:23.907-04:00,1428.222656,-21.543797
2026-08-25T16:23:23.907-04:00,1435.546875,-16.820168
2026-08-25T16:23:23.907-04:00,1442.871094,-9.317769
2026-08-25T16:23:23.907-04:00,1450.195312,-9.605003
2026-08-25T16:23:23.907-04:00,1457.519531,-13.040446
2026-08-25T16:23:23.907-04:00,1464.843750,-17.752583
2026-08-25T16:23:23.907-04:00,1472.167969,-25.091097
2026-08-25T16:23:23.907-04:00,1479.492188,-20.120802
2026-08-25T16:23:23.907-04:00,1486.816406,-16.245382
2026-08-25T16:23:23.907-04:00,1494.140625,-17.848116
2026-08-25T16:23:23.907-04:00,1501.464844,-19.709551
2026-08-25T16:23:23.907-04:00,1508.789062,-20.891808
2026-08-25T16:23:23.907-04:00,1516.113281,-27.816204
2026-08-25T16:23:23.907-04:00,1523.437500,-13.301826
2026-08-25T16:23:23.907-04:00,1530.761719,-10.880338
2026-08-25T16:23:23.907-04:00,1538.085938,-11.314371
2026-08-25T16:23:23.907-04:00,1545.410156,-11.787447
2026-08-25T16:23:23.907-04:00,1552.734375,-11.514957
2026-08-25T16:23:23.907-04:00,1560.058594,-15.525055
2026-08-25T16:23:23.907-04:00,1567.382812,-23.857250
2026-08-25T16:23:23.907-04:00,1574.707031,-23.121977
2026-08-25T16:23:23.907-04:00,1582.031250,-18.124640
2026-08-25T16:23:23.907-04:00,1589.355469,-12.194675
2026-08-25T16:23:23.907-04:00,1596.679688,-11.036144
2026-08-25T16:23:23.907-04:00,1604.003906,-11.984071
2026-08-25T16:23:23.907-04:00,1611.328125,-14.165244
2026-08-25T16:23:23.907-04:00,1618.652344,-15.913812
2026-08-25T16:23:23.907-04:00,1625.976562,-18.425329
2026-08-25T16:23:23.907-04:00,1633.300781,-23.223841
2026-08-25T16:23:23.907-04:00,1640.625000,-26.895731
2026-08-25T16:23:23.907-04:00,1647.949219,-20.276497
2026-08-25T16:23:23.907-04:00,1655.273438,-17.318346
2026-08-25T16:23:23.907-04:00,1662.597656,-19.700777
2026-08-25T16:23:23.907-04:00,1669.921875,-19.526693
2026-08-25T16:23:23.907-04:00,1677.246094,-14.988814
2026-08-25T16:23:23.907-04:00,1684.570312,-15.481758
2026-08-25T16:23:23.907-04:00,1691.894531,-25.161694
2026-08-25T16:23:23.907-04:00,1699.218750,-14.384457
2026-08-25T16:23:23.907-04:00,1706.542969,-14.246624
2026-08-25T16:23:23.907-04:00,1713.867188,-22.718781
2026-08-25T16:23:23.907-04:00,1721.191406,-22.029848
2026-08-25T16:23:23.907-04:00,1728.515625,-14.570485
2026-08-25T16:23:23.907-04:00,1735.839844,-13.576001
2026-08-25T16:23:23.907-04:00,1743.164062,-15.071863
2026-08-25T16:23:23.907-04:00,1750.488281,-18.241640
2026-08-25T16:23:23.907-04:00,1757.812500,-31.557770
2026-08-25T16:23:23.907-04:00,1765.136719,-23.476070
2026-08-25T16:23:23.907-04:00,1772.460938,-23.313820
2026-08-25T16:23:23.907-04:00,1779.785156,-34.513092
2026-08-25T16:23:23.907-04:00,1787.109375,-28.703745
2026-08-25T16:23:23.907-04:00,1794.433594,-17.400562
2026-08-25T16:23:23.907-04:00,1801.757812,-13.734818
2026-08-25T16:23:23.907-04:00,1809.082031,-17.029089
2026-08-25T16:23:23.907-04:00,1816.406250,-27.423958
2026-08-25T16:23:23.907-04:00,1823.730469,-26.731356
2026-08-25T16:23:23.907-04:00,1831.054688,-28.698017
2026-08-25T16:23:23.907-04:00,1838.378906,-20.904104
2026-08-25T16:23:23.907-04:00,1845.703125,-32.495712
2026-08-25T16:23:23.907-04:00,1853.027344,-17.526077
2026-08-25T16:23:23.907-04:00,1860.351562,-15.171393
2026-08-25T16:23:23.907-04:00,1867.675781,-16.299698
2026-08-25T16:23:23.907-04:00,1875.000000,-20.218281
2026-08-25T16:23:23.907-04:00,1882.324219,-32.815941
2026-08-25T16:23:23.907-04:00,1889.648438,-13.565870
2026-08-25T16:23:23.907-04:00,1896.972656,-10.378784
2026-08-25T16:23:23.907-04:00,1904.296875,-12.164906
2026-08-25T16:23:23.907-04:00,1911.621094,-15.374405
2026-08-25T16:23:23.907-04:00,1918.945312,-21.362640
2026-08-25T16:23:23.907-04:00,1926.269531,-16.900974
2026-08-25T16:23:23.907-04:00,1933.593750,-12.620273
2026-08-25T16:23:23.907-04:00,1940.917969,-14.343534
2026-08-25T16:23:23.907-04:00,1948.242188,-16.889870
2026-08-25T16:23:23.907-04:00,1955.566406,-17.242510
2026-08-25T16:23:23.907-04:00,1962.890625,-21.165522
2026-08-25T16:23:23.907-04:00,1970.214844,-16.504921
2026-08-25T16:23:23.907-04:00,1977.539062,-11.219958
2026-08-25T16:23:23.907-04:00,1984.863281,-11.951289
2026-08-25T16:23:23.907-04:00,1992.187500,-17.291714
2026-08-25T16:23:23.907-04:00,1999.511719,-26.118664
2026-08-25T16:23:23.907-04:00,2006.835938,-18.672749
2026-08-25T16:23:23.907-04:00,2014.160156,-20.666454
2026-08-25T16:23:23.907-04:00,2021.484375,-18.226311
2026-08-25T16:23:23.907-04:00,2028.808594,-10.963660
2026-08-25T16:23:23.907-04:00,2036.132812,-10.142703
2026-08-25T16:23:23.907-04:00,2043.457031,-11.417569
2026-08-25T16:23:23.907-04:00,2050.781250,-18.979059
2026-08-25T16:23:23.907-04:00,2058.105469,-18.165100
2026-08-25T16:23:23.907-04:00,2065.429688,-12.899555
2026-08-25T16:23:23.907-04:00,2072.753906,-11.081781
2026-08-25T16:23:23.907-04:00,2080.078125,-10.604769
2026-08-25T16:23:23.907-04:00,2087.402344,-13.460351
2026-08-25T16:23:23.907-04:00,2094.726562,-18.756149
2026-08-25T16:23:23.907-04:00,2102.050781,-20.369844
2026-08-25T16:23:23.907-04:00,2109.375000,-19.097395
2026-08-25T16:23:23.907-04:00,2116.699219,-11.962314
2026-08-25T16:23:23.907-04:00,2124.023438,-11.893879
2026-08-25T16:23:23.907-04:00,2131.347656,-22.675732
2026-08-25T16:23:23.907-04:00,2138.671875,-16.250690
2026-08-25T16:23:23.907-04:00,2145.996094,-12.495475
2026-08-25T16:23:23.907-04:00,2153.320312,-14.245457
2026-08-25T16:23:23.907-04:00,2160.644531,-15.721798
2026-08-25T16:23:23.907-04:00,2167.968750,-15.635644
2026-08-25T16:23:23.907-04:00,2175.292969,-23.000498
2026-08-25T16:23:23.907-04:00,2182.617188,-27.623854
2026-08-25T16:23:23.907-04:00,2189.941406,-16.091274
2026-08-25T16:23:23.907-04:00,2197.265625,-11.061155
2026-08-25T16:23:23.907-04:00,2204.589844,-11.042416
2026-08-25T16:23:23.907-04:00,2211.914062,-17.921127
2026-08-25T16:23:23.907-04:00,2219.238281,-31.623753
2026-08-25T16:23:23.907-04:00,2226.562500,-21.160690
2026-08-25T16:23:23.907-04:00,2233.886719,-15.686489
2026-08-25T16:23:23.907-04:00,2241.210938,-13.983509
2026-08-25T16:23:23.907-04:00,2248.535156,-18.940079
2026-08-25T16:23:23.907-04:00,2255.859375,-14.670400
2026-08-25T16:23:23.907-04:00,2263.183594,-16.056026
2026-08-25T16:23:23.907-04:00,2270.507812,-17.641565
2026-08-25T16:23:23.907-04:00,2277.832031,-17.210335
2026-08-25T16:23:23.907-04:00,2285.156250,-13.847572
2026-08-25T16:23:23.907-04:00,2292.480469,-13.435108
2026-08-25T16:23:23.907-04:00,2299.804688,-17.630661
2026-08-25T16:23:23.907-04:00,2307.128906,-18.512959
2026-08-25T16:23:23.907-04:00,2314.453125,-23.176903
2026-08-25T16:23:23.907-04:00,2321.777344,-14.286180
2026-08-25T16:23:23.907-04:00,2329.101562,-13.575003
2026-08-25T16:23:23.907-04:00,2336.425781,-17.900990
2026-08-25T16:23:23.907-04:00,2343.750000,-19.691166
2026-08-25T16:23:23.907-04:00,2351.074219,-20.312426
2026-08-25T16:23:23.907-04:00,2358.398438,-18.753006
2026-08-25T16:23:23.907-04:00,2365.722656,-14.467424
2026-08-25T16:23:23.907-04:00,2373.046875,-14.654808
2026-08-25T16:23:23.907-04:00,2380.371094,-19.142429
2026-08-25T16:23:23.907-04:00,2387.695312,-28.522692
2026-08-25T16:23:23.907-04:00,2395.019531,-33.611782
2026-08-25T16:23:23.907-04:00,2402.343750,-21.920717
2026-08-25T16:23:23.907-04:00,2409.667969,-16.319040
2026-08-25T16:23:23.907-04:00,2416.992188,-13.289835
2026-08-25T16:23:23.907-04:00,2424.316406,-12.079622
2026-08-25T16:23:23.907-04:00,2431.640625,-14.111984
2026-08-25T16:23:23.907-04:00,2438.964844,-13.624763
2026-08-25T16:23:23.907-04:00,2446.289062,-13.054483
2026-08-25T16:23:23.907-04:00,2453.613281,-19.371628
2026-08-25T16:23:23.907-04:00,2460.937500,-26.243988
2026-08-25T16:23:23.907-04:00,2468.261719,-16.354536
2026-08-25T16:23:23.907-04:00,2475.585938,-14.805262
2026-08-25T16:23:23.907-04:00,2482.910156,-15.012064
2026-08-25T16:23:23.907-04:00,2490.234375,-11.700078
2026-08-25T16:23:23.907-04:00,2497.558594,-8.527213
2026-08-25T16:23:23.907-04:00,2504.882812,-8.557264
2026-08-25T16:23:23.907-04:00,2512.207031,-13.848099
2026-08-25T16:23:23.907-04:00,2519.531250,-20.696117
2026-08-25T16:23:23.907-04:00,2526.855469,-18.449265
2026-08-25T16:23:23.907-04:00,2534.179688,-16.234709
2026-08-25T16:23:23.907-04:00,2541.503906,-23.914860
2026-08-25T16:23:23.907-04:00,2548.828125,-21.835693
2026-08-25T16:23:23.907-04:00,2556.152344,-23.268497
2026-08-25T16:23:23.907-04:00,2563.476562,-15.314927
2026-08-25T16:23:23.907-04:00,2570.800781,-14.145876
2026-08-25T16:23:23.907-04:00,2578.125000,-16.137091
2026-08-25T16:23:23.907-04:00,2585.449219,-14.017942
2026-08-25T16:23:23.907-04:00,2592.773438,-12.360043
2026-08-25T16:23:23.907-04:00,2600.097656,-12.940905
2026-08-25T16:23:23.907-04:00,2607.421875,-18.446468
2026-08-25T16:23:23.907-04:00,2614.746094,-21.058540
2026-08-25T16:23:23.907-04:00,2622.070312,-16.924589
2026-08-25T16:23:23.907-04:00,2629.394531,-23.104448
2026-08-25T16:23:23.907-04:00,2636.718750,-21.805677
2026-08-25T16:23:23.907-04:00,2644.042969,-14.670867
2026-08-25T16:23:23.907-04:00,2651.367188,-15.499211
2026-08-25T16:23:23.907-04:00,2658.691406,-32.831123
2026-08-25T16:23:23.907-04:00,2666.015625,-16.405035
2026-08-25T16:23:23.907-04:00,2673.339844,-15.942759
2026-08-25T16:23:23.907-04:00,2680.664062,-20.096331
2026-08-25T16:23:23.907-04:00,2687.988281,-33.416180
2026-08-25T16:23:23.907-04:00,2695.312500,-21.336260
2026-08-25T16:23:23.907-04:00,2702.636719,-14.668686
2026-08-25T16:23:23.907-04:00,2709.960938,-11.851433
2026-08-25T16:23:23.907-04:00,2717.285156,-17.017504
2026-08-25T16:23:23.907-04:00,2724.609375,-14.626349
2026-08-25T16:23:23.907-04:00,2731.933594,-10.858444
2026-08-25T16:23:23.907-04:00,2739.257812,-12.639546
2026-08-25T16:23:23.907-04:00,2746.582031,-13.445908
2026-08-25T16:23:23.907-04:00,2753.906250,-14.030998
2026-08-25T16:23:23.907-04:00,2761.230469,-24.795334
2026-08-25T16:23:23.907-04:00,2768.554688,-16.135046
2026-08-25T16:23:23.907-04:00,2775.878906,-15.058194
2026-08-25T16:23:23.907-04:00,2783.203125,-20.172064
2026-08-25T16:23:23.907-04:00,2790.527344,-12.967935
2026-08-25T16:23:23.907-04:00,2797.851562,-10.728310
2026-08-25T16:23:23.907-04:00,2805.175781,-11.023174
2026-08-25T16:23:23.907-04:00,2812.500000,-12.913794
2026-08-25T16:23:23.907-04:00,2819.824219,-20.550037
2026-08-25T16:23:23.907-04:00,2827.148438,-19.590527
2026-08-25T16:23:23.907-04:00,2834.472656,-15.132060
2026-08-25T16:23:23.907-04:00,2841.796875,-12.580104
2026-08-25T16:23:23.907-04:00,2849.121094,-11.154039
2026-08-25T16:23:23.907-04:00,2856.445312,-15.414116
2026-08-25T16:23:23.907-04:00,2863.769531,-27.215689
2026-08-25T16:23:23.907-04:00,2871.093750,-24.018871
2026-08-25T16:23:23.907-04:00,2878.417969,-27.806168
2026-08-25T16:23:23.907-04:00,2885.742188,-20.983536
2026-08-25T16:23:23.907-04:00,2893.066406,-19.992868
2026-08-25T16:23:23.907-04:00,2900.390625,-31.012161
2026-08-25T16:23:23.907-04:00,2907.714844,-18.450262
2026-08-25T16:23:23.907-04:00,2915.039062,-17.286003
2026-08-25T16:23:23.907-04:00,2922.363281,-13.892261
2026-08-25T16:23:23.907-04:00,2929.687500,-11.336128
2026-08-25T16:23:23.907-04:00,2937.011719,-11.783276
2026-08-25T16:23:23.907-04:00,2944.335938,-17.399315
2026-08-25T16:23:23.907-04:00,2951.660156,-20.936874
2026-08-25T16:23:23.907-04:00,2958.984375,-11.007656
2026-08-25T16:23:23.907-04:00,2966.308594,-9.391265
2026-08-25T16:23:23.907-04:00,2973.632812,-9.598892
2026-08-25T16:23:23.907-04:00,2980.957031,-11.150343
2026-08-25T16:23:23.907-04:00,2988.281250,-13.952156
2026-08-25T16:23:23.907-04:00,2995.605469,-12.764715
2026-08-25T16:23:23.907-04:00,3002.929688,-12.349430
2026-08-25T16:23:23.907-04:00,3010.253906,-14.345795
2026-08-25T16:23:23.907-04:00,3017.578125,-14.163414
2026-08-25T16:23:23.907-04:00,3024.902344,-12.630848
2026-08-25T16:23:23.907-04:00,3032.226562,-16.512405
2026-08-25T16:23:23.907-04:00,3039.550781,-13.966034
2026-08-25T16:23:23.907-04:00,3046.875000,-11.095610
2026-08-25T16:23:23.907-04:00,3054.199219,-16.370882
2026-08-25T16:23:23.907-04:00,3061.523438,-18.316723
2026-08-25T16:23:23.907-04:00,3068.847656,-12.381234
2026-08-25T16:23:23.907-04:00,3076.171875,-13.576840
2026-08-25T16:23:23.907-04:00,3083.496094,-23.886778
2026-08-25T16:23:23.907-04:00,3090.820312,-22.052420
2026-08-25T16:23:23.907-04:00,3098.144531,-16.032122
2026-08-25T16:23:23.907-04:00,3105.468750,-16.012245
2026-08-25T16:23:23.907-04:00,3112.792969,-18.703367
2026-08-25T16:23:23.907-04:00,3120.117188,-19.307570
2026-08-25T16:23:23.907-04:00,3127.441406,-16.680300
2026-08-25T16:23:23.907-04:00,3134.765625,-19.089640
2026-08-25T16:23:23.907-04:00,3142.089844,-21.783787
2026-08-25T16:23:23.907-04:00,3149.414062,-33.058231
2026-08-25T16:23:23.907-04:00,3156.738281,-27.888853
2026-08-25T16:23:23.907-04:00,3164.062500,-24.897528
2026-08-25T16:23:23.907-04:00,3171.386719,-19.659721
2026-08-25T16:23:23.907-04:00,3178.710938,-19.847700
2026-08-25T16:23:23.907-04:00,3186.035156,-23.804474
2026-08-25T16:23:23.907-04:00,3193.359375,-20.368498
2026-08-25T16:23:23.907-04:00,3200.683594,-15.998402
2026-08-25T16:23:23.907-04:00,3208.007812,-22.140940
2026-08-25T16:23:23.907-04:00,3215.332031,-22.300385
2026-08-25T16:23:23.907-04:00,3222.656250,-15.816959
2026-08-25T16:23:23.907-04:00,3229.980469,-14.514536
2026-08-25T16:23:23.907-04:00,3237.304688,-12.429892
2026-08-25T16:23:23.907-04:00,3244.628906,-10.918394
2026-08-25T16:23:23.907-04:00,3251.953125,-11.819425
2026-08-25T16:23:23.907-04:00,3259.277344,-14.267764
2026-08-25T16:23:23.907-04:00,3266.601562,-17.668818
2026-08-25T16:23:23.907-04:00,3273.925781,-16.211998
2026-08-25T16:23:23.907-04:00,3281.250000,-11.304586
2026-08-25T16:23:23.907-04:00,3288.574219,-11.970297
2026-08-25T16:23:23.907-04:00,3295.898438,-13.124848
2026-08-25T16:23:23.907-04:00,3303.222656,-12.712197
2026-08-25T16:23:23.907-04:00,3310.546875,-10.691615
2026-08-25T16:23:23.907-04:00,3317.871094,-9.451271
2026-08-25T16:23:23.907-04:00,3325.195312,-11.222667
2026-08-25T16:23:23.907-04:00,3332.519531,-14.706241
2026-08-25T16:23:23.907-04:00,3339.843750,-16.739599
2026-08-25T16:23:23.907-04:00,3347.167969,-16.958847
2026-08-25T16:23:23.907-04:00,3354.492188,-21.616993
2026-08-25T16:23:23.907-04:00,3361.816406,-29.517052
2026-08-25T16:23:23.907-04:00,3369.140625,-23.708855
2026-08-25T16:23:23.907-04:00,3376.464844,-19.632195
2026-08-25T16:23:23.907-04:00,3383.789062,-15.621464
2026-08-25T16:23:23.907-04:00,3391.113281,-13.334818
2026-08-25T16:23:23.907-04:00,3398.437500,-15.110735
2026-08-25T16:23:23.907-04:00,3405.761719,-16.457464
2026-08-25T16:23:23.907-04:00,3413.085938,-13.799773
2026-08-25T16:23:23.907-04:00,3420.410156,-14.485834
2026-08-25T16:23:23.907-04:00,3427.734375,-13.303419
2026-08-25T16:23:23.907-04:00,3435.058594,-12.060957
2026-08-25T16:23:23.907-04:00,3442.382812,-12.677890
2026-08-25T16:23:23.907-04:00,3449.707031,-12.605786
2026-08-25T16:23:23.907-04:00,3457.031250,-14.627991
2026-08-25T16:23:23.907-04:00,3464.355469,-42.435387
2026-08-25T16:23:23.907-04:00,3471.679688,-18.338934
2026-08-25T16:23:23.907-04:00,3479.003906,-18.092291
2026-08-25T16:23:23.907-04:00,3486.328125,-12.769307
2026-08-25T16:23:23.907-04:00,3493.652344,-9.276019
2026-08-25T16:23:23.907-04:00,3500.976562,-9.862448
2026-08-25T16:23:23.907-04:00,3508.300781,-11.586855
2026-08-25T16:23:23.907-04:00,3515.625000,-11.970890
2026-08-25T16:23:23.907-04:00,3522.949219,-13.099331
2026-08-25T16:23:23.907-04:00,3530.273438,-22.443771
2026-08-25T16:23:23.907-04:00,3537.597656,-15.516426
2026-08-25T16:23:23.907-04:00,3544.921875,-10.703334
2026-08-25T16:23:23.907-04:00,3552.246094,-11.692564
2026-08-25T16:23:23.907-04:00,3559.570312,-11.472395
2026-08-25T16:23:23.907-04:00,3566.894531,-9.707701
2026-08-25T16:23:23.907-04:00,3574.218750,-8.567210
2026-08-25T16:23:23.907-04:00,3581.542969,-10.192631
2026-08-25T16:23:23.907-04:00,3588.867188,-15.890807
2026-08-25T16:23:23.907-04:00,3596.191406,-19.559725
2026-08-25T16:23:23.907-04:00,3603.515625,-14.315162
2026-08-25T16:23:23.907-04:00,3610.839844,-15.433055
2026-08-25T16:23:23.907-04:00,3618.164062,-26.470747
2026-08-25T16:23:23.907-04:00,3625.488281,-18.487257
2026-08-25T16:23:23.907-04:00,3632.812500,-15.388223
2026-08-25T16:23:23.907-04:00,3640.136719,-14.097215
2026-08-25T16:23:23.907-04:00,3647.460938,-13.672987
2026-08-25T16:23:23.907-04:00,3654.785156,-13.930158
2026-08-25T16:23:23.907-04:00,3662.109375,-20.723335
2026-08-25T16:23:23.907-04:00,3669.433594,-20.534218
2026-08-25T16:23:23.907-04:00,3676.757812,-12.295002
2026-08-25T16:23:23.907-04:00,3684.082031,-14.441424
2026-08-25T16:23:23.907-04:00,3691.406250,-20.780621
2026-08-25T16:23:23.907-04:00,3698.730469,-10.975267
2026-08-25T16:23:23.907-04:00,3706.054688,-9.681267
2026-08-25T16:23:23.907-04:00,3713.378906,-10.170384
2026-08-25T16:23:23.907-04:00,3720.703125,-11.063861
2026-08-25T16:23:23.907-04:00,3728.027344,-10.861332
2026-08-25T16:23:23.907-04:00,3735.351562,-9.816025
2026-08-25T16:23:23.907-04:00,3742.675781,-8.927674
2026-08-25T16:23:23.907-04:00,3750.000000,-9.874025
2026-08-25T16:23:23.907-04:00,3757.324219,-13.687392
2026-08-25T16:23:23.907-04:00,3764.648438,-20.858881
2026-08-25T16:23:23.907-04:00,3771.972656,-27.917778
2026-08-25T16:23:23.907-04:00,3779.296875,-15.683374
2026-08-25T16:23:23.907-04:00,3786.621094,-12.112915
2026-08-25T16:23:23.907-04:00,3793.945312,-14.881406
2026-08-25T16:23:23.907-04:00,3801.269531,-16.023691
2026-08-25T16:23:23.907-04:00,3808.593750,-16.291929
2026-08-25T16:23:23.907-04:00,3815.917969,-16.994301
2026-08-25T16:23:23.907-04:00,3823.242188,-14.324495
2026-08-25T16:23:23.907-04:00,3830.566406,-15.476518
2026-08-25T16:23:23.907-04:00,3837.890625,-18.647459
2026-08-25T16:23:23.907-04:00,3845.214844,-23.710655
2026-08-25T16:23:23.907-04:00,3852.539062,-24.460001
2026-08-25T16:23:23.907-04:00,3859.863281,-18.534458
2026-08-25T16:23:23.907-04:00,3867.187500,-15.489030
2026-08-25T16:23:23.907-04:00,3874.511719,-12.493949
2026-08-25T16:23:23.907-04:00,3881.835938,-13.781239
2026-08-25T16:23:23.907-04:00,3889.160156,-19.423483
2026-08-25T16:23:23.907-04:00,3896.484375,-24.619419
2026-08-25T16:23:23.907-04:00,3903.808594,-23.467083
2026-08-25T16:23:23.907-04:00,3911.132812,-16.317701
2026-08-25T16:23:23.907-04:00,3918.457031,-11.977801
2026-08-25T16:23:23.907-04:00,3925.781250,-12.512826
2026-08-25T16:23:23.907-04:00,3933.105469,-22.759993
2026-08-25T16:23:23.907-04:00,3940.429688,-20.875523
2026-08-25T16:23:23.907-04:00,3947.753906,-13.401960
2026-08-25T16:23:23.907-04:00,3955.078125,-9.201774
2026-08-25T16:23:23.907-04:00,3962.402344,-8.285360
2026-08-25T16:23:23.907-04:00,3969.726562,-7.960872
2026-08-25T16:23:23.907-04:00,3977.050781,-7.410371
2026-08-25T16:23:23.907-04:00,3984.375000,-9.948648
2026-08-25T16:23:23.907-04:00,3991.699219,-17.974197
2026-08-25T16:23:23.907-04:00,3999.023438,-22.535601
2026-08-25T16:23:23.907-04:00,4006.347656,-16.163733
2026-08-25T16:23:23.907-04:00,4013.671875,-15.417444
2026-08-25T16:23:23.907-04:00,4020.996094,-18.860804
2026-08-25T16:23:23.907-04:00,4028.320312,-19.107506
2026-08-25T16:23:23.907-04:00,4035.644531,-16.051065
2026-08-25T16:23:23.907-04:00,4042.968750,-15.355387
2026-08-25T16:23:23.907-04:00,4050.292969,-18.511887
2026-08-25T16:23:23.907-04:00,4057.617188,-15.888148
2026-08-25T16:23:23.907-04:00,4064.941406,-13.215277
2026-08-25T16:23:23.907-04:00,4072.265625,-15.903996
2026-08-25T16:23:23.907-04:00,4079.589844,-20.518879
2026-08-25T16:23:23.907-04:00,4086.914062,-18.890070
2026-08-25T16:23:23.907-04:00,4094.238281,-19.927795
2026-08-25T16:23:23.907-04:00,4101.562500,-15.648500
2026-08-25T16:23:23.907-04:00,4108.886719,-14.446680
2026-08-25T16:23:23.907-04:00,4116.210938,-14.934984
2026-08-25T16:23:23.907-04:00,4123.535156,-17.491728
2026-08-25T16:23:23.907-04:00,4130.859375,-24.462170
2026-08-25T16:23:23.907-04:00,4138.183594,-14.257812
2026-08-25T16:23:23.907-04:00,4145.507812,-20.304449
2026-08-25T16:23:23.907-04:00,4152.832031,-14.452791
2026-08-25T16:23:23.907-04:00,4160.156250,-11.034627
2026-08-25T16:23:23.907-04:00,4167.480469,-13.201239
2026-08-25T16:23:23.907-04:00,4174.804688,-11.299778
2026-08-25T16:23:23.907-04:00,4182.128906,-9.725067
2026-08-25T16:23:23.907-04:00,4189.453125,-12.100368
2026-08-25T16:23:23.907-04:00,4196.777344,-16.876001
2026-08-25T16:23:23.907-04:00,4204.101562,-16.410423
2026-08-25T16:23:23.907-04:00,4211.425781,-13.367290
2026-08-25T16:23:23.907-04:00,4218.750000,-14.162868
2026-08-25T16:23:23.907-04:00,4226.074219,-15.990253
2026-08-25T16:23:23.907-04:00,4233.398438,-13.915143
2026-08-25T16:23:23.907-04:00,4240.722656,-11.787817
2026-08-25T16:23:23.907-04:00,4248.046875,-11.514561
2026-08-25T16:23:23.907-04:00,4255.371094,-14.102578
2026-08-25T16:23:23.907-04:00,4262.695312,-12.678205
2026-08-25T16:23:23.907-04:00,4270.019531,-13.063417
2026-08-25T16:23:23.907-04:00,4277.343750,-16.061222
2026-08-25T16:23:23.907-04:00,4284.667969,-17.202311
2026-08-25T16:23:23.907-04:00,4291.992188,-18.045650
2026-08-25T16:23:23.907-04:00,4299.316406,-17.876184
2026-08-25T16:23:23.907-04:00,4306.640625,-15.667357
2026-08-25T16:23:23.907-04:00,4313.964844,-15.954144
2026-08-25T16:23:23.907-04:00,4321.289062,-23.922785
2026-08-25T16:23:23.907-04:00,4328.613281,-16.547523
2026-08-25T16:23:23.907-04:00,4335.937500,-10.409099
2026-08-25T16:23:23.907-04:00,4343.261719,-11.842482
2026-08-25T16:23:23.907-04:00,4350.585938,-15.548838
2026-08-25T16:23:23.907-04:00,4357.910156,-16.982641
2026-08-25T16:23:23.907-04:00,4365.234375,-18.143961
2026-08-25T16:23:23.907-04:00,4372.558594,-15.102502
2026-08-25T16:23:23.907-04:00,4379.882812,-13.996602
2026-08-25T16:23:23.907-04:00,4387.207031,-22.147181
2026-08-25T16:23:23.907-04:00,4394.531250,-19.564323
2026-08-25T16:23:23.907-04:00,4401.855469,-16.523903
2026-08-25T16:23:23.907-04:00,4409.179688,-15.401658
2026-08-25T16:23:23.907-04:00,4416.503906,-16.381287
2026-08-25T16:23:23.907-04:00,4423.828125,-24.144547
2026-08-25T16:23:23.907-04:00,4431.152344,-15.993011
2026-08-25T16:23:23.907-04:00,4438.476562,-11.360044
2026-08-25T16:23:23.907-04:00,4445.800781,-13.308056
2026-08-25T16:23:23.907-04:00,4453.125000,-18.077881
2026-08-25T16:23:23.907-04:00,4460.449219,-28.229557
2026-08-25T16:23:23.907-04:00,4467.773438,-24.758217
2026-08-25T16:23:23.907-04:00,4475.097656,-18.369740
2026-08-25T16:23:23.907-04:00,4482.421875,-16.106388
2026-08-25T16:23:23.907-04:00,4489.746094,-19.059204
2026-08-25T16:23:23.907-04:00,4497.070312,-24.391884
2026-08-25T16:23:23.907-04:00,4504.394531,-40.388138
2026-08-25T16:23:23.907-04:00,4511.718750,-22.006752
2026-08-25T16:23:23.907-04:00,4519.042969,-16.610249
2026-08-25T16:23:23.907-04:00,4526.367188,-12.611505
2026-08-25T16:23:23.907-04:00,4533.691406,-11.072615
2026-08-25T16:23:23.907-04:00,4541.015625,-15.094563
2026-08-25T16:23:23.907-04:00,4548.339844,-24.801453
2026-08-25T16:23:23.907-04:00,4555.664062,-13.472641
2026-08-25T16:23:23.907-04:00,4562.988281,-13.551245
2026-08-25T16:23:23.907-04:00,4570.312500,-20.430958
2026-08-25T16:23:23.907-04:00,4577.636719,-42.044598
2026-08-25T16:23:23.907-04:00,4584.960938,-24.872007
2026-08-25T16:23:23.907-04:00,4592.285156,-26.943666
2026-08-25T16:23:23.907-04:00,4599.609375,-24.575060
2026-08-25T16:23:23.907-04:00,4606.933594,-16.636875
2026-08-25T16:23:23.907-04:00,4614.257812,-14.142524
2026-08-25T16:23:23.907-04:00,4621.582031,-17.040918
2026-08-25T16:23:23.907-04:00,4628.906250,-18.541790
2026-08-25T16:23:23.907-04:00,4636.230469,-13.523654
2026-08-25T16:23:23.907-04:00,4643.554688,-13.004881
2026-08-25T16:23:23.907-04:00,4650.878906,-15.123697
2026-08-25T16:23:23.907-04:00,4658.203125,-15.464621
2026-08-25T16:23:23.907-04:00,4665.527344,-11.200985
2026-08-25T16:23:23.907-04:00,4672.851562,-8.737641
2026-08-25T16:23:23.907-04:00,4680.175781,-10.239315
2026-08-25T16:23:23.907-04:00,4687.500000,-14.919633
2026-08-25T16:23:23.907-04:00,4694.824219,-18.321232
2026-08-25T16:23:23.907-04:00,4702.148438,-22.578438
2026-08-25T16:23:23.907-04:00,4709.472656,-22.017382
2026-08-25T16:23:23.907-04:00,4716.796875,-14.230145
2026-08-25T16:23:23.907-04:00,4724.121094,-11.571409
2026-08-25T16:23:23.907-04:00,4731.445312,-11.484052
2026-08-25T16:23:23.907-04:00,4738.769531,-15.990366
2026-08-25T16:23:23.907-04:00,4746.093750,-32.211472
2026-08-25T16:23:23.907-04:00,4753.417969,-20.626432
2026-08-25T16:23:23.907-04:00,4760.742188,-17.458742
2026-08-25T16:23:23.907-04:00,4768.066406,-16.982878
2026-08-25T16:23:23.907-04:00,4775.390625,-16.649525
2026-08-25T16:23:23.907-04:00,4782.714844,-17.891701
2026-08-25T16:23:23.907-04:00,4790.039062,-22.533512
2026-08-25T16:23:23.907-04:00,4797.363281,-22.280945
2026-08-25T16:23:23.907-04:00,4804.687500,-15.506390
2026-08-25T16:23:23.907-04:00,4812.011719,-11.582600
2026-08-25T16:23:23.907-04:00,4819.335938,-11.553719
2026-08-25T16:23:23.907-04:00,4826.660156,-15.151614
2026-08-25T16:23:23.907-04:00,4833.984375,-16.578428
2026-08-25T16:23:23.907-04:00,4841.308594,-25.604870
2026-08-25T16:23:23.907-04:00,4848.632812,-19.178324
2026-08-25T16:23:23.907-04:00,4855.957031,-17.014566
2026-08-25T16:23:23.907-04:00,4863.281250,-17.968584
2026-08-25T16:23:23.907-04:00,4870.605469,-20.435349
2026-08-25T16:23:23.907-04:00,4877.929688,-35.306061
2026-08-25T16:23:23.907-04:00,4885.253906,-20.690151
2026-08-25T16:23:23.907-04:00,4892.578125,-14.762068
2026-08-25T16:23:23.907-04:00,4899.902344,-11.049806
2026-08-25T16:23:23.907-04:00,4907.226562,-10.835738
2026-08-25T16:23:23.907-04:00,4914.550781,-13.079939
2026-08-25T16:23:23.907-04:00,4921.875000,-14.600719
2026-08-25T16:23:23.907-04:00,4929.199219,-14.014648
2026-08-25T16:23:23.907-04:00,4936.523438,-13.203613
2026-08-25T16:23:23.907-04:00,4943.847656,-14.360076
2026-08-25T16:23:23.907-04:00,4951.171875,-27.281754
2026-08-25T16:23:23.907-04:00,4958.496094,-14.232311
2026-08-25T16:23:23.907-04:00,4965.820312,-11.816599
2026-08-25T16:23:23.907-04:00,4973.144531,-10.485043
2026-08-25T16:23:23.907-04:00,4980.468750,-11.392714
2026-08-25T16:23:23.907-04:00,4987.792969,-16.343349
2026-08-25T16:23:23.907-04:00,4995.117188,-27.506126
