timestamp,frequency_offset_hz,power_db
2026-08-26T11:52:26.274-04:00,-19.921875,-98.096626
2026-08-26T11:52:26.274-04:00,-19.726562,-98.182083
2026-08-26T11:52:26.274-04:00,-19.531250,-101.115814
2026-08-26T11:52:26.274-04:00,-19.335938,-99.551315
2026-08-26T11:52:26.274-04:00,-19.140625,-94.676956
2026-08-26T11:52:26.274-04:00,-18.945312,-91.735046
2026-08-26T11:52:26.274-04:00,-18.750000,-91.342789
2026-08-26T11:52:26.274-04:00,-18.554688,-94.696350
2026-08-26T11:52:26.274-04:00,-18.359375,-99.602722
2026-08-26T11:52:26.274-04:00,-18.164062,-102.593033
2026-08-26T11:52:26.274-04:00,-17.968750,-97.587669
2026-08-26T11:52:26.274-04:00,-17.773438,-98.888100
2026-08-26T11:52:26.274-04:00,-17.578125,-103.245743
2026-08-26T11:52:26.274-04:00,-17.382812,-98.143799
2026-08-26T11:52:26.274-04:00,-17.187500,-94.909058
2026-08-26T11:52:26.274-04:00,-16.992188,-89.599792
2026-08-26T11:52:26.274-04:00,-16.796875,-87.831558
2026-08-26T11:52:26.274-04:00,-16.601562,-89.893799
2026-08-26T11:52:26.274-04:00,-16.406250,-98.777199
2026-08-26T11:52:26.274-04:00,-16.210938,-101.247643
2026-08-26T11:52:26.274-04:00,-16.015625,-99.159851
2026-08-26T11:52:26.274-04:00,-15.820312,-101.025330
2026-08-26T11:52:26.274-04:00,-15.625000,-96.972588
2026-08-26T11:52:26.274-04:00,-15.429688,-89.266350
2026-08-26T11:52:26.274-04:00,-15.234375,-88.842102
2026-08-26T11:52:26.274-04:00,-15.039062,-91.145081
2026-08-26T11:52:26.274-04:00,-14.843750,-94.527100
2026-08-26T11:52:26.274-04:00,-14.648438,-94.965584
2026-08-26T11:52:26.274-04:00,-14.453125,-92.203171
2026-08-26T11:52:26.274-04:00,-14.257812,-90.866554
2026-08-26T11:52:26.274-04:00,-14.062500,-89.204933
2026-08-26T11:52:26.274-04:00,-13.867188,-86.961807
2026-08-26T11:52:26.274-04:00,-13.671875,-86.951569
2026-08-26T11:52:26.274-04:00,-13.476562,-88.672218
2026-08-26T11:52:26.274-04:00,-13.281250,-89.851807
2026-08-26T11:52:26.274-04:00,-13.085938,-89.320175
2026-08-26T11:52:26.274-04:00,-12.890625,-92.969147
2026-08-26T11:52:26.274-04:00,-12.695312,-92.736809
2026-08-26T11:52:26.274-04:00,-12.500000,-86.894363
2026-08-26T11:52:26.274-04:00,-12.304688,-84.925545
2026-08-26T11:52:26.274-04:00,-12.109375,-84.288368
2026-08-26T11:52:26.274-04:00,-11.914062,-85.392990
2026-08-26T11:52:26.274-04:00,-11.718750,-86.083771
2026-08-26T11:52:26.274-04:00,-11.523438,-88.402908
2026-08-26T11:52:26.274-04:00,-11.328125,-93.890472
2026-08-26T11:52:26.274-04:00,-11.132812,-87.468567
2026-08-26T11:52:26.274-04:00,-10.937500,-84.380096
2026-08-26T11:52:26.274-04:00,-10.742188,-87.455124
2026-08-26T11:52:26.274-04:00,-10.546875,-90.243233
2026-08-26T11:52:26.274-04:00,-10.351562,-87.593475
2026-08-26T11:52:26.274-04:00,-10.156250,-92.628601
2026-08-26T11:52:26.274-04:00,-9.960938,-100.538391
2026-08-26T11:52:26.274-04:00,-9.765625,-103.472450
2026-08-26T11:52:26.274-04:00,-9.570312,-94.418907
2026-08-26T11:52:26.274-04:00,-9.375000,-83.328026
2026-08-26T11:52:26.274-04:00,-9.179688,-79.427711
2026-08-26T11:52:26.274-04:00,-8.984375,-81.933830
2026-08-26T11:52:26.274-04:00,-8.789062,-85.030022
2026-08-26T11:52:26.274-04:00,-8.593750,-83.545380
2026-08-26T11:52:26.274-04:00,-8.398438,-87.084091
2026-08-26T11:52:26.274-04:00,-8.203125,-95.922630
2026-08-26T11:52:26.274-04:00,-8.007812,-101.561844
2026-08-26T11:52:26.274-04:00,-7.812500,-87.708321
2026-08-26T11:52:26.274-04:00,-7.617188,-82.073357
2026-08-26T11:52:26.274-04:00,-7.421875,-81.721916
2026-08-26T11:52:26.274-04:00,-7.226562,-87.803619
2026-08-26T11:52:26.274-04:00,-7.031250,-85.457245
2026-08-26T11:52:26.274-04:00,-6.835938,-82.486862
2026-08-26T11:52:26.274-04:00,-6.640625,-83.697205
2026-08-26T11:52:26.274-04:00,-6.445312,-79.607445
2026-08-26T11:52:26.274-04:00,-6.250000,-76.181328
2026-08-26T11:52:26.274-04:00,-6.054688,-73.259262
2026-08-26T11:52:26.274-04:00,-5.859375,-72.394722
2026-08-26T11:52:26.274-04:00,-5.664062,-73.395126
2026-08-26T11:52:26.274-04:00,-5.468750,-76.143723
2026-08-26T11:52:26.274-04:00,-5.273438,-80.554611
2026-08-26T11:52:26.274-04:00,-5.078125,-83.450607
2026-08-26T11:52:26.274-04:00,-4.882812,-83.056030
2026-08-26T11:52:26.274-04:00,-4.687500,-86.211861
2026-08-26T11:52:26.274-04:00,-4.492188,-82.708435
2026-08-26T11:52:26.274-04:00,-4.296875,-80.686249
2026-08-26T11:52:26.274-04:00,-4.101562,-81.918755
2026-08-26T11:52:26.274-04:00,-3.906250,-85.391205
2026-08-26T11:52:26.274-04:00,-3.710938,-87.595901
2026-08-26T11:52:26.274-04:00,-3.515625,-77.045288
2026-08-26T11:52:26.274-04:00,-3.320312,-75.758636
2026-08-26T11:52:26.274-04:00,-3.125000,-78.746086
2026-08-26T11:52:26.274-04:00,-2.929688,-79.741852
2026-08-26T11:52:26.274-04:00,-2.734375,-83.329071
2026-08-26T11:52:26.274-04:00,-2.539062,-90.243759
2026-08-26T11:52:26.274-04:00,-2.343750,-84.825409
2026-08-26T11:52:26.274-04:00,-2.148438,-79.682053
2026-08-26T11:52:26.274-04:00,-1.953125,-79.544174
2026-08-26T11:52:26.274-04:00,-1.757812,-89.319687
2026-08-26T11:52:26.274-04:00,-1.562500,-83.976730
2026-08-26T11:52:26.274-04:00,-1.367188,-84.134842
2026-08-26T11:52:26.274-04:00,-1.171875,-101.513214
2026-08-26T11:52:26.274-04:00,-0.976562,-86.255371
2026-08-26T11:52:26.274-04:00,-0.781250,-68.977272
2026-08-26T11:52:26.274-04:00,-0.585938,-59.980907
2026-08-26T11:52:26.274-04:00,-0.390625,-56.568748
2026-08-26T11:52:26.274-04:00,-0.195312,-58.456249
2026-08-26T11:52:26.274-04:00,0.000000,-69.502937
2026-08-26T11:52:26.274-04:00,0.195312,-58.456249
2026-08-26T11:52:26.274-04:00,0.390625,-56.568748
2026-08-26T11:52:26.274-04:00,0.585938,-59.980907
2026-08-26T11:52:26.274-04:00,0.781250,-68.977272
2026-08-26T11:52:26.274-04:00,0.976562,-86.255371
2026-08-26T11:52:26.274-04:00,1.171875,-101.513214
2026-08-26T11:52:26.274-04:00,1.367188,-84.134842
2026-08-26T11:52:26.274-04:00,1.562500,-83.976730
2026-08-26T11:52:26.274-04:00,1.757812,-89.319687
2026-08-26T11:52:26.274-04:00,1.953125,-79.544174
2026-08-26T11:52:26.274-04:00,2.148438,-79.682053
2026-08-26T11:52:26.274-04:00,2.343750,-84.825409
2026-08-26T11:52:26.274-04:00,2.539062,-90.243759
2026-08-26T11:52:26.274-04:00,2.734375,-83.329071
2026-08-26T11:52:26.274-04:00,2.929688,-79.741852
2026-08-26T11:52:26.274-04:00,3.125000,-78.746086
2026-08-26T11:52:26.274-04:00,3.320312,-75.758636
2026-08-26T11:52:26.274-04:00,3.515625,-77.045288
2026-08-26T11:52:26.274-04:00,3.710938,-87.595901
2026-08-26T11:52:26.274-04:00,3.906250,-85.391205
2026-08-26T11:52:26.274-04:00,4.101562,-81.918755
2026-08-26T11:52:26.274-04:00,4.296875,-80.686249
2026-08-26T11:52:26.274-04:00,4.492188,-82.708435
2026-08-26T11:52:26.274-04:00,4.687500,-86.211861
2026-08-26T11:52:26.274-04:00,4.882812,-83.056030
2026-08-26T11:52:26.274-04:00,5.078125,-83.450607
2026-08-26T11:52:26.274-04:00,5.273438,-80.554611
2026-08-26T11:52:26.274-04:00,5.468750,-76.143723
2026-08-26T11:52:26.274-04:00,5.664062,-73.395126
2026-08-26T11:52:26.274-04:00,5.859375,-72.394722
2026-08-26T11:52:26.274-04:00,6.054688,-73.259262
2026-08-26T11:52:26.274-04:00,6.250000,-76.181328
2026-08-26T11:52:26.274-04:00,6.445312,-79.607445
2026-08-26T11:52:26.274-04:00,6.640625,-83.697205
2026-08-26T11:52:26.274-04:00,6.835938,-82.486862
2026-08-26T11:52:26.274-04:00,7.031250,-85.457245
2026-08-26T11:52:26.274-04:00,7.226562,-87.803619
2026-08-26T11:52:26.274-04:00,7.421875,-81.721916
2026-08-26T11:52:26.274-04:00,7.617188,-82.073357
2026-08-26T11:52:26.274-04:00,7.812500,-87.708321
2026-08-26T11:52:26.274-04:00,8.007812,-101.561844
2026-08-26T11:52:26.274-04:00,8.203125,-95.922630
2026-08-26T11:52:26.274-04:00,8.398438,-87.084091
2026-08-26T11:52:26.274-04:00,8.593750,-83.545380
2026-08-26T11:52:26.274-04:00,8.789062,-85.030022
2026-08-26T11:52:26.274-04:00,8.984375,-81.933830
2026-08-26T11:52:26.274-04:00,9.179688,-79.427711
2026-08-26T11:52:26.274-04:00,9.375000,-83.328026
2026-08-26T11:52:26.274-04:00,9.570312,-94.418907
2026-08-26T11:52:26.274-04:00,9.765625,-103.472450
2026-08-26T11:52:26.274-04:00,9.960938,-100.538391
2026-08-26T11:52:26.274-04:00,10.156250,-92.628601
2026-08-26T11:52:26.274-04:00,10.351562,-87.593475
2026-08-26T11:52:26.274-04:00,10.546875,-90.243233
2026-08-26T11:52:26.274-04:00,10.742188,-87.455124
2026-08-26T11:52:26.274-04:00,10.937500,-84.380096
2026-08-26T11:52:26.274-04:00,11.132812,-87.468567
2026-08-26T11:52:26.274-04:00,11.328125,-93.890472
2026-08-26T11:52:26.274-04:00,11.523438,-88.402908
2026-08-26T11:52:26.274-04:00,11.718750,-86.083771
2026-08-26T11:52:26.274-04:00,11.914062,-85.392990
2026-08-26T11:52:26.274-04:00,12.109375,-84.288368
2026-08-26T11:52:26.274-04:00,12.304688,-84.925545
2026-08-26T11:52:26.274-04:00,12.500000,-86.894363
2026-08-26T11:52:26.274-04:00,12.695312,-92.736809
2026-08-26T11:52:26.274-04:00,12.890625,-92.969147
2026-08-26T11:52:26.274-04:00,13.085938,-89.320175
2026-08-26T11:52:26.274-04:00,13.281250,-89.851807
2026-08-26T11:52:26.274-04:00,13.476562,-88.672218
2026-08-26T11:52:26.274-04:00,13.671875,-86.951569
2026-08-26T11:52:26.274-04:00,13.867188,-86.961807
2026-08-26T11:52:26.274-04:00,14.062500,-89.204933
2026-08-26T11:52:26.274-04:00,14.257812,-90.866554
2026-08-26T11:52:26.274-04:00,14.453125,-92.203171
2026-08-26T11:52:26.274-04:00,14.648438,-94.965584
2026-08-26T11:52:26.274-04:00,14.843750,-94.527100
2026-08-26T11:52:26.274-04:00,15.039062,-91.145081
2026-08-26T11:52:26.274-04:00,15.234375,-88.842102
2026-08-26T11:52:26.274-04:00,15.429688,-89.266350
2026-08-26T11:52:26.274-04:00,15.625000,-96.972588
2026-08-26T11:52:26.274-04:00,15.820312,-101.025330
2026-08-26T11:52:26.274-04:00,16.015625,-99.159851
2026-08-26T11:52:26.274-04:00,16.210938,-101.247643
2026-08-26T11:52:26.274-04:00,16.406250,-98.777199
2026-08-26T11:52:26.274-04:00,16.601562,-89.893799
2026-08-26T11:52:26.274-04:00,16.796875,-87.831558
2026-08-26T11:52:26.274-04:00,16.992188,-89.599792
2026-08-26T11:52:26.274-04:00,17.187500,-94.909058
2026-08-26T11:52:26.274-04:00,17.382812,-98.143799
2026-08-26T11:52:26.274-04:00,17.578125,-103.245743
2026-08-26T11:52:26.274-04:00,17.773438,-98.888100
2026-08-26T11:52:26.274-04:00,17.968750,-97.587669
2026-08-26T11:52:26.274-04:00,18.164062,-102.593033
2026-08-26T11:52:26.274-04:00,18.359375,-99.602722
2026-08-26T11:52:26.274-04:00,18.554688,-94.696350
2026-08-26T11:52:26.274-04:00,18.750000,-91.342789
2026-08-26T11:52:26.274-04:00,18.945312,-91.735046
2026-08-26T11:52:26.274-04:00,19.140625,-94.676956
2026-08-26T11:52:26.274-04:00,19.335938,-99.551315
2026-08-26T11:52:26.274-04:00,19.531250,-101.115814
2026-08-26T11:52:26.274-04:00,19.726562,-98.182083
2026-08-26T11:52:26.274-04:00,19.921875,-98.096626
2026-08-26T11:52:26.821-04:00,-19.921875,-96.776741
2026-08-26T11:52:26.821-04:00,-19.726562,-97.497269
2026-08-26T11:52:26.821-04:00,-19.531250,-99.099586
2026-08-26T11:52:26.821-04:00,-19.335938,-101.280441
2026-08-26T11:52:26.821-04:00,-19.140625,-96.317451
2026-08-26T11:52:26.821-04:00,-18.945312,-92.550667
2026-08-26T11:52:26.821-04:00,-18.750000,-92.899483
2026-08-26T11:52:26.821-04:00,-18.554688,-98.306816
2026-08-26T11:52:26.821-04:00,-18.359375,-109.918251
2026-08-26T11:52:26.821-04:00,-18.164062,-97.972404
2026-08-26T11:52:26.821-04:00,-17.968750,-95.769470
2026-08-26T11:52:26.821-04:00,-17.773438,-95.987381
2026-08-26T11:52:26.821-04:00,-17.578125,-96.838501
2026-08-26T11:52:26.821-04:00,-17.382812,-101.058655
2026-08-26T11:52:26.821-04:00,-17.187500,-100.244064
2026-08-26T11:52:26.821-04:00,-16.992188,-90.913322
2026-08-26T11:52:26.821-04:00,-16.796875,-90.006859
2026-08-26T11:52:26.821-04:00,-16.601562,-91.598251
2026-08-26T11:52:26.821-04:00,-16.406250,-95.011360
2026-08-26T11:52:26.821-04:00,-16.210938,-100.838966
2026-08-26T11:52:26.821-04:00,-16.015625,-112.576660
2026-08-26T11:52:26.821-04:00,-15.820312,-97.335297
2026-08-26T11:52:26.821-04:00,-15.625000,-91.981804
2026-08-26T11:52:26.821-04:00,-15.429688,-88.593796
2026-08-26T11:52:26.821-04:00,-15.234375,-90.359268
2026-08-26T11:52:26.821-04:00,-15.039062,-93.533813
2026-08-26T11:52:26.821-04:00,-14.843750,-95.984894
2026-08-26T11:52:26.821-04:00,-14.648438,-97.950447
2026-08-26T11:52:26.821-04:00,-14.453125,-95.265823
2026-08-26T11:52:26.821-04:00,-14.257812,-97.803986
2026-08-26T11:52:26.821-04:00,-14.062500,-95.624855
2026-08-26T11:52:26.821-04:00,-13.867188,-89.154861
2026-08-26T11:52:26.821-04:00,-13.671875,-86.667480
2026-08-26T11:52:26.821-04:00,-13.476562,-88.996048
2026-08-26T11:52:26.821-04:00,-13.281250,-100.279755
2026-08-26T11:52:26.821-04:00,-13.085938,-92.699623
2026-08-26T11:52:26.821-04:00,-12.890625,-90.663490
2026-08-26T11:52:26.821-04:00,-12.695312,-88.669357
2026-08-26T11:52:26.821-04:00,-12.500000,-85.791351
2026-08-26T11:52:26.821-04:00,-12.304688,-85.370438
2026-08-26T11:52:26.821-04:00,-12.109375,-87.567863
2026-08-26T11:52:26.821-04:00,-11.914062,-93.474503
2026-08-26T11:52:26.821-04:00,-11.718750,-89.007950
2026-08-26T11:52:26.821-04:00,-11.523438,-86.176765
2026-08-26T11:52:26.821-04:00,-11.328125,-85.971451
2026-08-26T11:52:26.821-04:00,-11.132812,-84.414024
2026-08-26T11:52:26.821-04:00,-10.937500,-83.912720
2026-08-26T11:52:26.821-04:00,-10.742188,-84.812813
2026-08-26T11:52:26.821-04:00,-10.546875,-85.053421
2026-08-26T11:52:26.821-04:00,-10.351562,-85.484436
2026-08-26T11:52:26.821-04:00,-10.156250,-89.007195
2026-08-26T11:52:26.821-04:00,-9.960938,-96.120140
2026-08-26T11:52:26.821-04:00,-9.765625,-109.800278
2026-08-26T11:52:26.821-04:00,-9.570312,-91.668022
2026-08-26T11:52:26.821-04:00,-9.375000,-83.108917
2026-08-26T11:52:26.821-04:00,-9.179688,-79.251114
2026-08-26T11:52:26.821-04:00,-8.984375,-79.477150
2026-08-26T11:52:26.821-04:00,-8.789062,-81.440117
2026-08-26T11:52:26.821-04:00,-8.593750,-83.274628
2026-08-26T11:52:26.821-04:00,-8.398438,-87.429344
2026-08-26T11:52:26.821-04:00,-8.203125,-97.235527
2026-08-26T11:52:26.821-04:00,-8.007812,-98.286018
2026-08-26T11:52:26.821-04:00,-7.812500,-87.927185
2026-08-26T11:52:26.821-04:00,-7.617188,-82.677612
2026-08-26T11:52:26.821-04:00,-7.421875,-81.034401
2026-08-26T11:52:26.821-04:00,-7.226562,-81.527359
2026-08-26T11:52:26.821-04:00,-7.031250,-81.260063
2026-08-26T11:52:26.821-04:00,-6.835938,-83.007126
2026-08-26T11:52:26.821-04:00,-6.640625,-100.241158
2026-08-26T11:52:26.821-04:00,-6.445312,-78.846329
2026-08-26T11:52:26.821-04:00,-6.250000,-73.992630
2026-08-26T11:52:26.821-04:00,-6.054688,-72.794998
2026-08-26T11:52:26.821-04:00,-5.859375,-73.701698
2026-08-26T11:52:26.821-04:00,-5.664062,-74.994553
2026-08-26T11:52:26.821-04:00,-5.468750,-78.022438
2026-08-26T11:52:26.821-04:00,-5.273438,-82.066772
2026-08-26T11:52:26.821-04:00,-5.078125,-82.547546
2026-08-26T11:52:26.821-04:00,-4.882812,-83.259033
2026-08-26T11:52:26.821-04:00,-4.687500,-82.639320
2026-08-26T11:52:26.821-04:00,-4.492188,-79.613243
2026-08-26T11:52:26.821-04:00,-4.296875,-77.711723
2026-08-26T11:52:26.821-04:00,-4.101562,-78.368080
2026-08-26T11:52:26.821-04:00,-3.906250,-81.305855
2026-08-26T11:52:26.821-04:00,-3.710938,-81.940445
2026-08-26T11:52:26.821-04:00,-3.515625,-77.556450
2026-08-26T11:52:26.821-04:00,-3.320312,-74.701775
2026-08-26T11:52:26.821-04:00,-3.125000,-75.485390
2026-08-26T11:52:26.821-04:00,-2.929688,-78.928925
2026-08-26T11:52:26.821-04:00,-2.734375,-85.237282
2026-08-26T11:52:26.821-04:00,-2.539062,-98.384705
2026-08-26T11:52:26.821-04:00,-2.343750,-84.381516
2026-08-26T11:52:26.821-04:00,-2.148438,-79.489151
2026-08-26T11:52:26.821-04:00,-1.953125,-78.994148
2026-08-26T11:52:26.821-04:00,-1.757812,-80.875633
2026-08-26T11:52:26.821-04:00,-1.562500,-81.920471
2026-08-26T11:52:26.821-04:00,-1.367188,-83.572281
2026-08-26T11:52:26.821-04:00,-1.171875,-85.725594
2026-08-26T11:52:26.821-04:00,-0.976562,-86.465614
2026-08-26T11:52:26.821-04:00,-0.781250,-66.749832
2026-08-26T11:52:26.821-04:00,-0.585938,-56.839775
2026-08-26T11:52:26.821-04:00,-0.390625,-52.440727
2026-08-26T11:52:26.821-04:00,-0.195312,-53.122429
2026-08-26T11:52:26.821-04:00,0.000000,-57.296177
2026-08-26T11:52:26.821-04:00,0.195312,-53.122429
2026-08-26T11:52:26.821-04:00,0.390625,-52.440727
2026-08-26T11:52:26.821-04:00,0.585938,-56.839775
2026-08-26T11:52:26.821-04:00,0.781250,-66.749832
2026-08-26T11:52:26.821-04:00,0.976562,-86.465614
2026-08-26T11:52:26.821-04:00,1.171875,-85.725594
2026-08-26T11:52:26.821-04:00,1.367188,-83.572281
2026-08-26T11:52:26.821-04:00,1.562500,-81.920471
2026-08-26T11:52:26.821-04:00,1.757812,-80.875633
2026-08-26T11:52:26.821-04:00,1.953125,-78.994148
2026-08-26T11:52:26.821-04:00,2.148438,-79.489151
2026-08-26T11:52:26.821-04:00,2.343750,-84.381516
2026-08-26T11:52:26.821-04:00,2.539062,-98.384705
2026-08-26T11:52:26.821-04:00,2.734375,-85.237282
2026-08-26T11:52:26.821-04:00,2.929688,-78.928925
2026-08-26T11:52:26.821-04:00,3.125000,-75.485390
2026-08-26T11:52:26.821-04:00,3.320312,-74.701775
2026-08-26T11:52:26.821-04:00,3.515625,-77.556450
2026-08-26T11:52:26.821-04:00,3.710938,-81.940445
2026-08-26T11:52:26.821-04:00,3.906250,-81.305855
2026-08-26T11:52:26.821-04:00,4.101562,-78.368080
2026-08-26T11:52:26.821-04:00,4.296875,-77.711723
2026-08-26T11:52:26.821-04:00,4.492188,-79.613243
2026-08-26T11:52:26.821-04:00,4.687500,-82.639320
2026-08-26T11:52:26.821-04:00,4.882812,-83.259033
2026-08-26T11:52:26.821-04:00,5.078125,-82.547546
2026-08-26T11:52:26.821-04:00,5.273438,-82.066772
2026-08-26T11:52:26.821-04:00,5.468750,-78.022438
2026-08-26T11:52:26.821-04:00,5.664062,-74.994553
2026-08-26T11:52:26.821-04:00,5.859375,-73.701698
2026-08-26T11:52:26.821-04:00,6.054688,-72.794998
2026-08-26T11:52:26.821-04:00,6.250000,-73.992630
2026-08-26T11:52:26.821-04:00,6.445312,-78.846329
2026-08-26T11:52:26.821-04:00,6.640625,-100.241158
2026-08-26T11:52:26.821-04:00,6.835938,-83.007126
2026-08-26T11:52:26.821-04:00,7.031250,-81.260063
2026-08-26T11:52:26.821-04:00,7.226562,-81.527359
2026-08-26T11:52:26.821-04:00,7.421875,-81.034401
2026-08-26T11:52:26.821-04:00,7.617188,-82.677612
2026-08-26T11:52:26.821-04:00,7.812500,-87.927185
2026-08-26T11:52:26.821-04:00,8.007812,-98.286018
2026-08-26T11:52:26.821-04:00,8.203125,-97.235527
2026-08-26T11:52:26.821-04:00,8.398438,-87.429344
2026-08-26T11:52:26.821-04:00,8.593750,-83.274628
2026-08-26T11:52:26.821-04:00,8.789062,-81.440117
2026-08-26T11:52:26.821-04:00,8.984375,-79.477150
2026-08-26T11:52:26.821-04:00,9.179688,-79.251114
2026-08-26T11:52:26.821-04:00,9.375000,-83.108917
2026-08-26T11:52:26.821-04:00,9.570312,-91.668022
2026-08-26T11:52:26.821-04:00,9.765625,-109.800278
2026-08-26T11:52:26.821-04:00,9.960938,-96.120140
2026-08-26T11:52:26.821-04:00,10.156250,-89.007195
2026-08-26T11:52:26.821-04:00,10.351562,-85.484436
2026-08-26T11:52:26.821-04:00,10.546875,-85.053421
2026-08-26T11:52:26.821-04:00,10.742188,-84.812813
2026-08-26T11:52:26.821-04:00,10.937500,-83.912720
2026-08-26T11:52:26.821-04:00,11.132812,-84.414024
2026-08-26T11:52:26.821-04:00,11.328125,-85.971451
2026-08-26T11:52:26.821-04:00,11.523438,-86.176765
2026-08-26T11:52:26.821-04:00,11.718750,-89.007950
2026-08-26T11:52:26.821-04:00,11.914062,-93.474503
2026-08-26T11:52:26.821-04:00,12.109375,-87.567863
2026-08-26T11:52:26.821-04:00,12.304688,-85.370438
2026-08-26T11:52:26.821-04:00,12.500000,-85.791351
2026-08-26T11:52:26.821-04:00,12.695312,-88.669357
2026-08-26T11:52:26.821-04:00,12.890625,-90.663490
2026-08-26T11:52:26.821-04:00,13.085938,-92.699623
2026-08-26T11:52:26.821-04:00,13.281250,-100.279755
2026-08-26T11:52:26.821-04:00,13.476562,-88.996048
2026-08-26T11:52:26.821-04:00,13.671875,-86.667480
2026-08-26T11:52:26.821-04:00,13.867188,-89.154861
2026-08-26T11:52:26.821-04:00,14.062500,-95.624855
2026-08-26T11:52:26.821-04:00,14.257812,-97.803986
2026-08-26T11:52:26.821-04:00,14.453125,-95.265823
2026-08-26T11:52:26.821-04:00,14.648438,-97.950447
2026-08-26T11:52:26.821-04:00,14.843750,-95.984894
2026-08-26T11:52:26.821-04:00,15.039062,-93.533813
2026-08-26T11:52:26.821-04:00,15.234375,-90.359268
2026-08-26T11:52:26.821-04:00,15.429688,-88.593796
2026-08-26T11:52:26.821-04:00,15.625000,-91.981804
2026-08-26T11:52:26.821-04:00,15.820312,-97.335297
2026-08-26T11:52:26.821-04:00,16.015625,-112.576660
2026-08-26T11:52:26.821-04:00,16.210938,-100.838966
2026-08-26T11:52:26.821-04:00,16.406250,-95.011360
2026-08-26T11:52:26.821-04:00,16.601562,-91.598251
2026-08-26T11:52:26.821-04:00,16.796875,-90.006859
2026-08-26T11:52:26.821-04:00,16.992188,-90.913322
2026-08-26T11:52:26.821-04:00,17.187500,-100.244064
2026-08-26T11:52:26.821-04:00,17.382812,-101.058655
2026-08-26T11:52:26.821-04:00,17.578125,-96.838501
2026-08-26T11:52:26.821-04:00,17.773438,-95.987381
2026-08-26T11:52:26.821-04:00,17.968750,-95.769470
2026-08-26T11:52:26.821-04:00,18.164062,-97.972404
2026-08-26T11:52:26.821-04:00,18.359375,-109.918251
2026-08-26T11:52:26.821-04:00,18.554688,-98.306816
2026-08-26T11:52:26.821-04:00,18.750000,-92.899483
2026-08-26T11:52:26.821-04:00,18.945312,-92.550667
2026-08-26T11:52:26.821-04:00,19.140625,-96.317451
2026-08-26T11:52:26.821-04:00,19.335938,-101.280441
2026-08-26T11:52:26.821-04:00,19.531250,-99.099586
2026-08-26T11:52:26.821-04:00,19.726562,-97.497269
2026-08-26T11:52:26.821-04:00,19.921875,-96.776741
2026-08-26T11:52:27.367-04:00,-19.921875,-101.948914
2026-08-26T11:52:27.367-04:00,-19.726562,-100.114510
2026-08-26T11:52:27.367-04:00,-19.531250,-100.439362
2026-08-26T11:52:27.367-04:00,-19.335938,-117.801041
2026-08-26T11:52:27.367-04:00,-19.140625,-99.364929
2026-08-26T11:52:27.367-04:00,-18.945312,-95.450249
2026-08-26T11:52:27.367-04:00,-18.750000,-96.949860
2026-08-26T11:52:27.367-04:00,-18.554688,-98.469757
2026-08-26T11:52:27.367-04:00,-18.359375,-99.695709
2026-08-26T11:52:27.367-04:00,-18.164062,-96.340881
2026-08-26T11:52:27.367-04:00,-17.968750,-96.795891
2026-08-26T11:52:27.367-04:00,-17.773438,-97.175568
2026-08-26T11:52:27.367-04:00,-17.578125,-95.484314
2026-08-26T11:52:27.367-04:00,-17.382812,-96.585251
2026-08-26T11:52:27.367-04:00,-17.187500,-95.296204
2026-08-26T11:52:27.367-04:00,-16.992188,-92.472717
2026-08-26T11:52:27.367-04:00,-16.796875,-95.926064
2026-08-26T11:52:27.367-04:00,-16.601562,-96.299408
2026-08-26T11:52:27.367-04:00,-16.406250,-95.611542
2026-08-26T11:52:27.367-04:00,-16.210938,-99.036194
2026-08-26T11:52:27.367-04:00,-16.015625,-100.194252
2026-08-26T11:52:27.367-04:00,-15.820312,-94.738853
2026-08-26T11:52:27.367-04:00,-15.625000,-90.047905
2026-08-26T11:52:27.367-04:00,-15.429688,-88.431694
2026-08-26T11:52:27.367-04:00,-15.234375,-94.338112
2026-08-26T11:52:27.367-04:00,-15.039062,-100.176552
2026-08-26T11:52:27.367-04:00,-14.843750,-98.843094
2026-08-26T11:52:27.367-04:00,-14.648438,-106.233307
2026-08-26T11:52:27.367-04:00,-14.453125,-99.031662
2026-08-26T11:52:27.367-04:00,-14.257812,-105.803253
2026-08-26T11:52:27.367-04:00,-14.062500,-103.139267
2026-08-26T11:52:27.367-04:00,-13.867188,-93.766716
2026-08-26T11:52:27.367-04:00,-13.671875,-88.331787
2026-08-26T11:52:27.367-04:00,-13.476562,-89.266800
2026-08-26T11:52:27.367-04:00,-13.281250,-96.008026
2026-08-26T11:52:27.367-04:00,-13.085938,-94.270470
2026-08-26T11:52:27.367-04:00,-12.890625,-94.262177
2026-08-26T11:52:27.367-04:00,-12.695312,-89.892670
2026-08-26T11:52:27.367-04:00,-12.500000,-87.072838
2026-08-26T11:52:27.367-04:00,-12.304688,-89.524826
2026-08-26T11:52:27.367-04:00,-12.109375,-92.968712
2026-08-26T11:52:27.367-04:00,-11.914062,-98.372879
2026-08-26T11:52:27.367-04:00,-11.718750,-91.557877
2026-08-26T11:52:27.367-04:00,-11.523438,-87.094254
2026-08-26T11:52:27.367-04:00,-11.328125,-85.225456
2026-08-26T11:52:27.367-04:00,-11.132812,-84.722221
2026-08-26T11:52:27.367-04:00,-10.937500,-86.617950
2026-08-26T11:52:27.367-04:00,-10.742188,-87.793205
2026-08-26T11:52:27.367-04:00,-10.546875,-84.778992
2026-08-26T11:52:27.367-04:00,-10.351562,-85.313324
2026-08-26T11:52:27.367-04:00,-10.156250,-88.435143
2026-08-26T11:52:27.367-04:00,-9.960938,-92.316574
2026-08-26T11:52:27.367-04:00,-9.765625,-95.384819
2026-08-26T11:52:27.367-04:00,-9.570312,-91.021423
2026-08-26T11:52:27.367-04:00,-9.375000,-84.678719
2026-08-26T11:52:27.367-04:00,-9.179688,-80.611809
2026-08-26T11:52:27.367-04:00,-8.984375,-80.415237
2026-08-26T11:52:27.367-04:00,-8.789062,-83.819016
2026-08-26T11:52:27.367-04:00,-8.593750,-85.506805
2026-08-26T11:52:27.367-04:00,-8.398438,-88.811874
2026-08-26T11:52:27.367-04:00,-8.203125,-97.036781
2026-08-26T11:52:27.367-04:00,-8.007812,-97.165833
2026-08-26T11:52:27.367-04:00,-7.812500,-89.100334
2026-08-26T11:52:27.367-04:00,-7.617188,-85.646507
2026-08-26T11:52:27.367-04:00,-7.421875,-83.307350
2026-08-26T11:52:27.367-04:00,-7.226562,-81.419205
2026-08-26T11:52:27.367-04:00,-7.031250,-80.597839
2026-08-26T11:52:27.367-04:00,-6.835938,-81.925461
2026-08-26T11:52:27.367-04:00,-6.640625,-82.925606
2026-08-26T11:52:27.367-04:00,-6.445312,-78.035355
2026-08-26T11:52:27.367-04:00,-6.250000,-74.618195
2026-08-26T11:52:27.367-04:00,-6.054688,-75.418312
2026-08-26T11:52:27.367-04:00,-5.859375,-80.305588
2026-08-26T11:52:27.367-04:00,-5.664062,-79.832664
2026-08-26T11:52:27.367-04:00,-5.468750,-82.321480
2026-08-26T11:52:27.367-04:00,-5.273438,-95.435944
2026-08-26T11:52:27.367-04:00,-5.078125,-85.006783
2026-08-26T11:52:27.367-04:00,-4.882812,-88.495445
2026-08-26T11:52:27.367-04:00,-4.687500,-85.989449
2026-08-26T11:52:27.367-04:00,-4.492188,-79.818237
2026-08-26T11:52:27.367-04:00,-4.296875,-77.542770
2026-08-26T11:52:27.367-04:00,-4.101562,-78.339966
2026-08-26T11:52:27.367-04:00,-3.906250,-80.636978
2026-08-26T11:52:27.367-04:00,-3.710938,-84.270943
2026-08-26T11:52:27.367-04:00,-3.515625,-81.063240
2026-08-26T11:52:27.367-04:00,-3.320312,-75.293968
2026-08-26T11:52:27.367-04:00,-3.125000,-75.950989
2026-08-26T11:52:27.367-04:00,-2.929688,-80.809212
2026-08-26T11:52:27.367-04:00,-2.734375,-88.704262
2026-08-26T11:52:27.367-04:00,-2.539062,-89.329567
2026-08-26T11:52:27.367-04:00,-2.343750,-83.402473
2026-08-26T11:52:27.367-04:00,-2.148438,-81.372742
2026-08-26T11:52:27.367-04:00,-1.953125,-81.248024
2026-08-26T11:52:27.367-04:00,-1.757812,-79.782623
2026-08-26T11:52:27.367-04:00,-1.562500,-81.643036
2026-08-26T11:52:27.367-04:00,-1.367188,-89.636002
2026-08-26T11:52:27.367-04:00,-1.171875,-81.067642
2026-08-26T11:52:27.367-04:00,-0.976562,-74.412392
2026-08-26T11:52:27.367-04:00,-0.781250,-64.160454
2026-08-26T11:52:27.367-04:00,-0.585938,-55.291412
2026-08-26T11:52:27.367-04:00,-0.390625,-50.018230
2026-08-26T11:52:27.367-04:00,-0.195312,-48.654629
2026-08-26T11:52:27.367-04:00,0.000000,-49.048546
2026-08-26T11:52:27.367-04:00,0.195312,-48.654629
2026-08-26T11:52:27.367-04:00,0.390625,-50.018230
2026-08-26T11:52:27.367-04:00,0.585938,-55.291412
2026-08-26T11:52:27.367-04:00,0.781250,-64.160454
2026-08-26T11:52:27.367-04:00,0.976562,-74.412392
2026-08-26T11:52:27.367-04:00,1.171875,-81.067642
2026-08-26T11:52:27.367-04:00,1.367188,-89.636002
2026-08-26T11:52:27.367-04:00,1.562500,-81.643036
2026-08-26T11:52:27.367-04:00,1.757812,-79.782623
2026-08-26T11:52:27.367-04:00,1.953125,-81.248024
2026-08-26T11:52:27.367-04:00,2.148438,-81.372742
2026-08-26T11:52:27.367-04:00,2.343750,-83.402473
2026-08-26T11:52:27.367-04:00,2.539062,-89.329567
2026-08-26T11:52:27.367-04:00,2.734375,-88.704262
2026-08-26T11:52:27.367-04:00,2.929688,-80.809212
2026-08-26T11:52:27.367-04:00,3.125000,-75.950989
2026-08-26T11:52:27.367-04:00,3.320312,-75.293968
2026-08-26T11:52:27.367-04:00,3.515625,-81.063240
2026-08-26T11:52:27.367-04:00,3.710938,-84.270943
2026-08-26T11:52:27.367-04:00,3.906250,-80.636978
2026-08-26T11:52:27.367-04:00,4.101562,-78.339966
2026-08-26T11:52:27.367-04:00,4.296875,-77.542770
2026-08-26T11:52:27.367-04:00,4.492188,-79.818237
2026-08-26T11:52:27.367-04:00,4.687500,-85.989449
2026-08-26T11:52:27.367-04:00,4.882812,-88.495445
2026-08-26T11:52:27.367-04:00,5.078125,-85.006783
2026-08-26T11:52:27.367-04:00,5.273438,-95.435944
2026-08-26T11:52:27.367-04:00,5.468750,-82.321480
2026-08-26T11:52:27.367-04:00,5.664062,-79.832664
2026-08-26T11:52:27.367-04:00,5.859375,-80.305588
2026-08-26T11:52:27.367-04:00,6.054688,-75.418312
2026-08-26T11:52:27.367-04:00,6.250000,-74.618195
2026-08-26T11:52:27.367-04:00,6.445312,-78.035355
2026-08-26T11:52:27.367-04:00,6.640625,-82.925606
2026-08-26T11:52:27.367-04:00,6.835938,-81.925461
2026-08-26T11:52:27.367-04:00,7.031250,-80.597839
2026-08-26T11:52:27.367-04:00,7.226562,-81.419205
2026-08-26T11:52:27.367-04:00,7.421875,-83.307350
2026-08-26T11:52:27.367-04:00,7.617188,-85.646507
2026-08-26T11:52:27.367-04:00,7.812500,-89.100334
2026-08-26T11:52:27.367-04:00,8.007812,-97.165833
2026-08-26T11:52:27.367-04:00,8.203125,-97.036781
2026-08-26T11:52:27.367-04:00,8.398438,-88.811874
2026-08-26T11:52:27.367-04:00,8.593750,-85.506805
2026-08-26T11:52:27.367-04:00,8.789062,-83.819016
2026-08-26T11:52:27.367-04:00,8.984375,-80.415237
2026-08-26T11:52:27.367-04:00,9.179688,-80.611809
2026-08-26T11:52:27.367-04:00,9.375000,-84.678719
2026-08-26T11:52:27.367-04:00,9.570312,-91.021423
2026-08-26T11:52:27.367-04:00,9.765625,-95.384819
2026-08-26T11:52:27.367-04:00,9.960938,-92.316574
2026-08-26T11:52:27.367-04:00,10.156250,-88.435143
2026-08-26T11:52:27.367-04:00,10.351562,-85.313324
2026-08-26T11:52:27.367-04:00,10.546875,-84.778992
2026-08-26T11:52:27.367-04:00,10.742188,-87.793205
2026-08-26T11:52:27.367-04:00,10.937500,-86.617950
2026-08-26T11:52:27.367-04:00,11.132812,-84.722221
2026-08-26T11:52:27.367-04:00,11.328125,-85.225456
2026-08-26T11:52:27.367-04:00,11.523438,-87.094254
2026-08-26T11:52:27.367-04:00,11.718750,-91.557877
2026-08-26T11:52:27.367-04:00,11.914062,-98.372879
2026-08-26T11:52:27.367-04:00,12.109375,-92.968712
2026-08-26T11:52:27.367-04:00,12.304688,-89.524826
2026-08-26T11:52:27.367-04:00,12.500000,-87.072838
2026-08-26T11:52:27.367-04:00,12.695312,-89.892670
2026-08-26T11:52:27.367-04:00,12.890625,-94.262177
2026-08-26T11:52:27.367-04:00,13.085938,-94.270470
2026-08-26T11:52:27.367-04:00,13.281250,-96.008026
2026-08-26T11:52:27.367-04:00,13.476562,-89.266800
2026-08-26T11:52:27.367-04:00,13.671875,-88.331787
2026-08-26T11:52:27.367-04:00,13.867188,-93.766716
2026-08-26T11:52:27.367-04:00,14.062500,-103.139267
2026-08-26T11:52:27.367-04:00,14.257812,-105.803253
2026-08-26T11:52:27.367-04:00,14.453125,-99.031662
2026-08-26T11:52:27.367-04:00,14.648438,-106.233307
2026-08-26T11:52:27.367-04:00,14.843750,-98.843094
2026-08-26T11:52:27.367-04:00,15.039062,-100.176552
2026-08-26T11:52:27.367-04:00,15.234375,-94.338112
2026-08-26T11:52:27.367-04:00,15.429688,-88.431694
2026-08-26T11:52:27.367-04:00,15.625000,-90.047905
2026-08-26T11:52:27.367-04:00,15.820312,-94.738853
2026-08-26T11:52:27.367-04:00,16.015625,-100.194252
2026-08-26T11:52:27.367-04:00,16.210938,-99.036194
2026-08-26T11:52:27.367-04:00,16.406250,-95.611542
2026-08-26T11:52:27.367-04:00,16.601562,-96.299408
2026-08-26T11:52:27.367-04:00,16.796875,-95.926064
2026-08-26T11:52:27.367-04:00,16.992188,-92.472717
2026-08-26T11:52:27.367-04:00,17.187500,-95.296204
2026-08-26T11:52:27.367-04:00,17.382812,-96.585251
2026-08-26T11:52:27.367-04:00,17.578125,-95.484314
2026-08-26T11:52:27.367-04:00,17.773438,-97.175568
2026-08-26T11:52:27.367-04:00,17.968750,-96.795891
2026-08-26T11:52:27.367-04:00,18.164062,-96.340881
2026-08-26T11:52:27.367-04:00,18.359375,-99.695709
2026-08-26T11:52:27.367-04:00,18.554688,-98.469757
2026-08-26T11:52:27.367-04:00,18.750000,-96.949860
2026-08-26T11:52:27.367-04:00,18.945312,-95.450249
2026-08-26T11:52:27.367-04:00,19.140625,-99.364929
2026-08-26T11:52:27.367-04:00,19.335938,-117.801041
2026-08-26T11:52:27.367-04:00,19.531250,-100.439362
2026-08-26T11:52:27.367-04:00,19.726562,-100.114510
2026-08-26T11:52:27.367-04:00,19.921875,-101.948914
2026-08-26T11:52:27.913-04:00,-19.921875,-124.700867
2026-08-26T11:52:27.913-04:00,-19.726562,-105.072205
2026-08-26T11:52:27.913-04:00,-19.531250,-101.483452
2026-08-26T11:52:27.913-04:00,-19.335938,-102.542908
2026-08-26T11:52:27.913-04:00,-19.140625,-100.444344
2026-08-26T11:52:27.913-04:00,-18.945312,-99.252388
2026-08-26T11:52:27.913-04:00,-18.750000,-107.058601
2026-08-26T11:52:27.913-04:00,-18.554688,-100.130798
2026-08-26T11:52:27.913-04:00,-18.359375,-95.630157
2026-08-26T11:52:27.913-04:00,-18.164062,-95.963379
2026-08-26T11:52:27.913-04:00,-17.968750,-101.867203
2026-08-26T11:52:27.913-04:00,-17.773438,-105.016441
2026-08-26T11:52:27.913-04:00,-17.578125,-96.539307
2026-08-26T11:52:27.913-04:00,-17.382812,-94.916374
2026-08-26T11:52:27.913-04:00,-17.187500,-94.566338
2026-08-26T11:52:27.913-04:00,-16.992188,-93.952492
2026-08-26T11:52:27.913-04:00,-16.796875,-100.447067
2026-08-26T11:52:27.913-04:00,-16.601562,-99.910591
2026-08-26T11:52:27.913-04:00,-16.406250,-98.820564
2026-08-26T11:52:27.913-04:00,-16.210938,-101.907532
2026-08-26T11:52:27.913-04:00,-16.015625,-98.701187
2026-08-26T11:52:27.913-04:00,-15.820312,-95.048004
2026-08-26T11:52:27.913-04:00,-15.625000,-91.832947
2026-08-26T11:52:27.913-04:00,-15.429688,-88.691704
2026-08-26T11:52:27.913-04:00,-15.234375,-90.357979
2026-08-26T11:52:27.913-04:00,-15.039062,-93.088493
2026-08-26T11:52:27.913-04:00,-14.843750,-94.402954
2026-08-26T11:52:27.913-04:00,-14.648438,-99.278603
2026-08-26T11:52:27.913-04:00,-14.453125,-102.345184
2026-08-26T11:52:27.913-04:00,-14.257812,-103.225128
2026-08-26T11:52:27.913-04:00,-14.062500,-107.684563
2026-08-26T11:52:27.913-04:00,-13.867188,-99.800026
2026-08-26T11:52:27.913-04:00,-13.671875,-90.407860
2026-08-26T11:52:27.913-04:00,-13.476562,-89.293152
2026-08-26T11:52:27.913-04:00,-13.281250,-91.822815
2026-08-26T11:52:27.913-04:00,-13.085938,-94.816635
2026-08-26T11:52:27.913-04:00,-12.890625,-122.079628
2026-08-26T11:52:27.913-04:00,-12.695312,-93.675423
2026-08-26T11:52:27.913-04:00,-12.500000,-89.813728
2026-08-26T11:52:27.913-04:00,-12.304688,-93.453461
2026-08-26T11:52:27.913-04:00,-12.109375,-98.275726
2026-08-26T11:52:27.913-04:00,-11.914062,-91.420471
2026-08-26T11:52:27.913-04:00,-11.718750,-92.560471
2026-08-26T11:52:27.913-04:00,-11.523438,-91.641953
2026-08-26T11:52:27.913-04:00,-11.328125,-88.590271
2026-08-26T11:52:27.913-04:00,-11.132812,-88.549118
2026-08-26T11:52:27.913-04:00,-10.937500,-90.960541
2026-08-26T11:52:27.913-04:00,-10.742188,-97.407761
2026-08-26T11:52:27.913-04:00,-10.546875,-86.140213
2026-08-26T11:52:27.913-04:00,-10.351562,-87.746857
2026-08-26T11:52:27.913-04:00,-10.156250,-93.308929
2026-08-26T11:52:27.913-04:00,-9.960938,-91.342552
2026-08-26T11:52:27.913-04:00,-9.765625,-94.298012
2026-08-26T11:52:27.913-04:00,-9.570312,-96.567886
2026-08-26T11:52:27.913-04:00,-9.375000,-88.914505
2026-08-26T11:52:27.913-04:00,-9.179688,-84.236145
2026-08-26T11:52:27.913-04:00,-8.984375,-82.769424
2026-08-26T11:52:27.913-04:00,-8.789062,-94.154808
2026-08-26T11:52:27.913-04:00,-8.593750,-88.653198
2026-08-26T11:52:27.913-04:00,-8.398438,-91.765213
2026-08-26T11:52:27.913-04:00,-8.203125,-97.131241
2026-08-26T11:52:27.913-04:00,-8.007812,-92.197006
2026-08-26T11:52:27.913-04:00,-7.812500,-93.067596
2026-08-26T11:52:27.913-04:00,-7.617188,-92.281479
2026-08-26T11:52:27.913-04:00,-7.421875,-90.111740
2026-08-26T11:52:27.913-04:00,-7.226562,-85.622147
2026-08-26T11:52:27.913-04:00,-7.031250,-83.002060
2026-08-26T11:52:27.913-04:00,-6.835938,-83.856392
2026-08-26T11:52:27.913-04:00,-6.640625,-82.765930
2026-08-26T11:52:27.913-04:00,-6.445312,-79.795898
2026-08-26T11:52:27.913-04:00,-6.250000,-77.446259
2026-08-26T11:52:27.913-04:00,-6.054688,-79.055664
2026-08-26T11:52:27.913-04:00,-5.859375,-94.625565
2026-08-26T11:52:27.913-04:00,-5.664062,-85.827744
2026-08-26T11:52:27.913-04:00,-5.468750,-84.457169
2026-08-26T11:52:27.913-04:00,-5.273438,-87.532318
2026-08-26T11:52:27.913-04:00,-5.078125,-85.614868
2026-08-26T11:52:27.913-04:00,-4.882812,-91.034096
2026-08-26T11:52:27.913-04:00,-4.687500,-88.554459
2026-08-26T11:52:27.913-04:00,-4.492188,-82.951431
2026-08-26T11:52:27.913-04:00,-4.296875,-79.824997
2026-08-26T11:52:27.913-04:00,-4.101562,-81.622864
2026-08-26T11:52:27.913-04:00,-3.906250,-85.366364
2026-08-26T11:52:27.913-04:00,-3.710938,-85.672676
2026-08-26T11:52:27.913-04:00,-3.515625,-82.089966
2026-08-26T11:52:27.913-04:00,-3.320312,-76.035080
2026-08-26T11:52:27.913-04:00,-3.125000,-78.897278
2026-08-26T11:52:27.913-04:00,-2.929688,-85.410728
2026-08-26T11:52:27.913-04:00,-2.734375,-93.083649
2026-08-26T11:52:27.913-04:00,-2.539062,-89.520905
2026-08-26T11:52:27.913-04:00,-2.343750,-83.137062
2026-08-26T11:52:27.913-04:00,-2.148438,-85.252792
2026-08-26T11:52:27.913-04:00,-1.953125,-90.701683
2026-08-26T11:52:27.913-04:00,-1.757812,-81.228073
2026-08-26T11:52:27.913-04:00,-1.562500,-81.925964
2026-08-26T11:52:27.913-04:00,-1.367188,-87.378677
2026-08-26T11:52:27.913-04:00,-1.171875,-77.679947
2026-08-26T11:52:27.913-04:00,-0.976562,-69.658630
2026-08-26T11:52:27.913-04:00,-0.781250,-64.594864
2026-08-26T11:52:27.913-04:00,-0.585938,-56.435188
2026-08-26T11:52:27.913-04:00,-0.390625,-49.322430
2026-08-26T11:52:27.913-04:00,-0.195312,-47.306313
2026-08-26T11:52:27.913-04:00,0.000000,-47.619598
2026-08-26T11:52:27.913-04:00,0.195312,-47.306313
2026-08-26T11:52:27.913-04:00,0.390625,-49.322430
2026-08-26T11:52:27.913-04:00,0.585938,-56.435188
2026-08-26T11:52:27.913-04:00,0.781250,-64.594864
2026-08-26T11:52:27.913-04:00,0.976562,-69.658630
2026-08-26T11:52:27.913-04:00,1.171875,-77.679947
2026-08-26T11:52:27.913-04:00,1.367188,-87.378677
2026-08-26T11:52:27.913-04:00,1.562500,-81.925964
2026-08-26T11:52:27.913-04:00,1.757812,-81.228073
2026-08-26T11:52:27.913-04:00,1.953125,-90.701683
2026-08-26T11:52:27.913-04:00,2.148438,-85.252792
2026-08-26T11:52:27.913-04:00,2.343750,-83.137062
2026-08-26T11:52:27.913-04:00,2.539062,-89.520905
2026-08-26T11:52:27.913-04:00,2.734375,-93.083649
2026-08-26T11:52:27.913-04:00,2.929688,-85.410728
2026-08-26T11:52:27.913-04:00,3.125000,-78.897278
2026-08-26T11:52:27.913-04:00,3.320312,-76.035080
2026-08-26T11:52:27.913-04:00,3.515625,-82.089966
2026-08-26T11:52:27.913-04:00,3.710938,-85.672676
2026-08-26T11:52:27.913-04:00,3.906250,-85.366364
2026-08-26T11:52:27.913-04:00,4.101562,-81.622864
2026-08-26T11:52:27.913-04:00,4.296875,-79.824997
2026-08-26T11:52:27.913-04:00,4.492188,-82.951431
2026-08-26T11:52:27.913-04:00,4.687500,-88.554459
2026-08-26T11:52:27.913-04:00,4.882812,-91.034096
2026-08-26T11:52:27.913-04:00,5.078125,-85.614868
2026-08-26T11:52:27.913-04:00,5.273438,-87.532318
2026-08-26T11:52:27.913-04:00,5.468750,-84.457169
2026-08-26T11:52:27.913-04:00,5.664062,-85.827744
2026-08-26T11:52:27.913-04:00,5.859375,-94.625565
2026-08-26T11:52:27.913-04:00,6.054688,-79.055664
2026-08-26T11:52:27.913-04:00,6.250000,-77.446259
2026-08-26T11:52:27.913-04:00,6.445312,-79.795898
2026-08-26T11:52:27.913-04:00,6.640625,-82.765930
2026-08-26T11:52:27.913-04:00,6.835938,-83.856392
2026-08-26T11:52:27.913-04:00,7.031250,-83.002060
2026-08-26T11:52:27.913-04:00,7.226562,-85.622147
2026-08-26T11:52:27.913-04:00,7.421875,-90.111740
2026-08-26T11:52:27.913-04:00,7.617188,-92.281479
2026-08-26T11:52:27.913-04:00,7.812500,-93.067596
2026-08-26T11:52:27.913-04:00,8.007812,-92.197006
2026-08-26T11:52:27.913-04:00,8.203125,-97.131241
2026-08-26T11:52:27.913-04:00,8.398438,-91.765213
2026-08-26T11:52:27.913-04:00,8.593750,-88.653198
2026-08-26T11:52:27.913-04:00,8.789062,-94.154808
2026-08-26T11:52:27.913-04:00,8.984375,-82.769424
2026-08-26T11:52:27.913-04:00,9.179688,-84.236145
2026-08-26T11:52:27.913-04:00,9.375000,-88.914505
2026-08-26T11:52:27.913-04:00,9.570312,-96.567886
2026-08-26T11:52:27.913-04:00,9.765625,-94.298012
2026-08-26T11:52:27.913-04:00,9.960938,-91.342552
2026-08-26T11:52:27.913-04:00,10.156250,-93.308929
2026-08-26T11:52:27.913-04:00,10.351562,-87.746857
2026-08-26T11:52:27.913-04:00,10.546875,-86.140213
2026-08-26T11:52:27.913-04:00,10.742188,-97.407761
2026-08-26T11:52:27.913-04:00,10.937500,-90.960541
2026-08-26T11:52:27.913-04:00,11.132812,-88.549118
2026-08-26T11:52:27.913-04:00,11.328125,-88.590271
2026-08-26T11:52:27.913-04:00,11.523438,-91.641953
2026-08-26T11:52:27.913-04:00,11.718750,-92.560471
2026-08-26T11:52:27.913-04:00,11.914062,-91.420471
2026-08-26T11:52:27.913-04:00,12.109375,-98.275726
2026-08-26T11:52:27.913-04:00,12.304688,-93.453461
2026-08-26T11:52:27.913-04:00,12.500000,-89.813728
2026-08-26T11:52:27.913-04:00,12.695312,-93.675423
2026-08-26T11:52:27.913-04:00,12.890625,-122.079628
2026-08-26T11:52:27.913-04:00,13.085938,-94.816635
2026-08-26T11:52:27.913-04:00,13.281250,-91.822815
2026-08-26T11:52:27.913-04:00,13.476562,-89.293152
2026-08-26T11:52:27.913-04:00,13.671875,-90.407860
2026-08-26T11:52:27.913-04:00,13.867188,-99.800026
2026-08-26T11:52:27.913-04:00,14.062500,-107.684563
2026-08-26T11:52:27.913-04:00,14.257812,-103.225128
2026-08-26T11:52:27.913-04:00,14.453125,-102.345184
2026-08-26T11:52:27.913-04:00,14.648438,-99.278603
2026-08-26T11:52:27.913-04:00,14.843750,-94.402954
2026-08-26T11:52:27.913-04:00,15.039062,-93.088493
2026-08-26T11:52:27.913-04:00,15.234375,-90.357979
2026-08-26T11:52:27.913-04:00,15.429688,-88.691704
2026-08-26T11:52:27.913-04:00,15.625000,-91.832947
2026-08-26T11:52:27.913-04:00,15.820312,-95.048004
2026-08-26T11:52:27.913-04:00,16.015625,-98.701187
2026-08-26T11:52:27.913-04:00,16.210938,-101.907532
2026-08-26T11:52:27.913-04:00,16.406250,-98.820564
2026-08-26T11:52:27.913-04:00,16.601562,-99.910591
2026-08-26T11:52:27.913-04:00,16.796875,-100.447067
2026-08-26T11:52:27.913-04:00,16.992188,-93.952492
2026-08-26T11:52:27.913-04:00,17.187500,-94.566338
2026-08-26T11:52:27.913-04:00,17.382812,-94.916374
2026-08-26T11:52:27.913-04:00,17.578125,-96.539307
2026-08-26T11:52:27.913-04:00,17.773438,-105.016441
2026-08-26T11:52:27.913-04:00,17.968750,-101.867203
2026-08-26T11:52:27.913-04:00,18.164062,-95.963379
2026-08-26T11:52:27.913-04:00,18.359375,-95.630157
2026-08-26T11:52:27.913-04:00,18.554688,-100.130798
2026-08-26T11:52:27.913-04:00,18.750000,-107.058601
2026-08-26T11:52:27.913-04:00,18.945312,-99.252388
2026-08-26T11:52:27.913-04:00,19.140625,-100.444344
2026-08-26T11:52:27.913-04:00,19.335938,-102.542908
2026-08-26T11:52:27.913-04:00,19.531250,-101.483452
2026-08-26T11:52:27.913-04:00,19.726562,-105.072205
2026-08-26T11:52:27.913-04:00,19.921875,-124.700867
2026-08-26T11:52:28.459-04:00,-19.921875,-109.040665
2026-08-26T11:52:28.459-04:00,-19.726562,-110.597900
2026-08-26T11:52:28.459-04:00,-19.531250,-102.752922
2026-08-26T11:52:28.459-04:00,-19.335938,-100.967590
2026-08-26T11:52:28.459-04:00,-19.140625,-105.333847
2026-08-26T11:52:28.459-04:00,-18.945312,-102.978165
2026-08-26T11:52:28.459-04:00,-18.750000,-102.347305
2026-08-26T11:52:28.459-04:00,-18.554688,-98.160995
2026-08-26T11:52:28.459-04:00,-18.359375,-94.750320
2026-08-26T11:52:28.459-04:00,-18.164062,-97.116554
2026-08-26T11:52:28.459-04:00,-17.968750,-104.344971
2026-08-26T11:52:28.459-04:00,-17.773438,-106.033485
2026-08-26T11:52:28.459-04:00,-17.578125,-98.336876
2026-08-26T11:52:28.459-04:00,-17.382812,-96.793785
2026-08-26T11:52:28.459-04:00,-17.187500,-101.357109
2026-08-26T11:52:28.459-04:00,-16.992188,-95.453636
2026-08-26T11:52:28.459-04:00,-16.796875,-94.529160
2026-08-26T11:52:28.459-04:00,-16.601562,-96.108658
2026-08-26T11:52:28.459-04:00,-16.406250,-102.593018
2026-08-26T11:52:28.459-04:00,-16.210938,-112.359146
2026-08-26T11:52:28.459-04:00,-16.015625,-102.965866
2026-08-26T11:52:28.459-04:00,-15.820312,-98.434975
2026-08-26T11:52:28.459-04:00,-15.625000,-100.559189
2026-08-26T11:52:28.459-04:00,-15.429688,-89.920273
2026-08-26T11:52:28.459-04:00,-15.234375,-86.421539
2026-08-26T11:52:28.459-04:00,-15.039062,-86.850204
2026-08-26T11:52:28.459-04:00,-14.843750,-89.733429
2026-08-26T11:52:28.459-04:00,-14.648438,-98.120110
2026-08-26T11:52:28.459-04:00,-14.453125,-109.026939
2026-08-26T11:52:28.459-04:00,-14.257812,-104.042397
2026-08-26T11:52:28.459-04:00,-14.062500,-111.067665
2026-08-26T11:52:28.459-04:00,-13.867188,-100.382812
2026-08-26T11:52:28.459-04:00,-13.671875,-91.391800
2026-08-26T11:52:28.459-04:00,-13.476562,-90.991013
2026-08-26T11:52:28.459-04:00,-13.281250,-95.489044
2026-08-26T11:52:28.459-04:00,-13.085938,-94.388344
2026-08-26T11:52:28.459-04:00,-12.890625,-96.010086
2026-08-26T11:52:28.459-04:00,-12.695312,-96.921608
2026-08-26T11:52:28.459-04:00,-12.500000,-94.152557
2026-08-26T11:52:28.459-04:00,-12.304688,-89.888870
2026-08-26T11:52:28.459-04:00,-12.109375,-89.121033
2026-08-26T11:52:28.459-04:00,-11.914062,-87.943268
2026-08-26T11:52:28.459-04:00,-11.718750,-94.203377
2026-08-26T11:52:28.459-04:00,-11.523438,-95.317291
2026-08-26T11:52:28.459-04:00,-11.328125,-93.622498
2026-08-26T11:52:28.459-04:00,-11.132812,-97.802048
2026-08-26T11:52:28.459-04:00,-10.937500,-90.248451
2026-08-26T11:52:28.459-04:00,-10.742188,-89.068489
2026-08-26T11:52:28.459-04:00,-10.546875,-86.521805
2026-08-26T11:52:28.459-04:00,-10.351562,-89.397964
2026-08-26T11:52:28.459-04:00,-10.156250,-100.010643
2026-08-26T11:52:28.459-04:00,-9.960938,-91.044144
2026-08-26T11:52:28.459-04:00,-9.765625,-94.101295
2026-08-26T11:52:28.459-04:00,-9.570312,-98.324577
2026-08-26T11:52:28.459-04:00,-9.375000,-95.045059
2026-08-26T11:52:28.459-04:00,-9.179688,-90.824188
2026-08-26T11:52:28.459-04:00,-8.984375,-83.344925
2026-08-26T11:52:28.459-04:00,-8.789062,-85.149323
2026-08-26T11:52:28.459-04:00,-8.593750,-85.214470
2026-08-26T11:52:28.459-04:00,-8.398438,-88.408096
2026-08-26T11:52:28.459-04:00,-8.203125,-91.578896
2026-08-26T11:52:28.459-04:00,-8.007812,-88.805702
2026-08-26T11:52:28.459-04:00,-7.812500,-95.834045
2026-08-26T11:52:28.459-04:00,-7.617188,-96.343040
2026-08-26T11:52:28.459-04:00,-7.421875,-105.001976
2026-08-26T11:52:28.459-04:00,-7.226562,-90.838661
2026-08-26T11:52:28.459-04:00,-7.031250,-87.222321
2026-08-26T11:52:28.459-04:00,-6.835938,-93.046501
2026-08-26T11:52:28.459-04:00,-6.640625,-88.463715
2026-08-26T11:52:28.459-04:00,-6.445312,-86.205452
2026-08-26T11:52:28.459-04:00,-6.250000,-82.720352
2026-08-26T11:52:28.459-04:00,-6.054688,-80.701431
2026-08-26T11:52:28.459-04:00,-5.859375,-84.791222
2026-08-26T11:52:28.459-04:00,-5.664062,-91.089615
2026-08-26T11:52:28.459-04:00,-5.468750,-86.361839
2026-08-26T11:52:28.459-04:00,-5.273438,-83.339035
2026-08-26T11:52:28.459-04:00,-5.078125,-84.808083
2026-08-26T11:52:28.459-04:00,-4.882812,-87.747734
2026-08-26T11:52:28.459-04:00,-4.687500,-87.798752
2026-08-26T11:52:28.459-04:00,-4.492188,-92.041481
2026-08-26T11:52:28.459-04:00,-4.296875,-83.222473
2026-08-26T11:52:28.459-04:00,-4.101562,-82.882118
2026-08-26T11:52:28.459-04:00,-3.906250,-87.999641
2026-08-26T11:52:28.459-04:00,-3.710938,-79.972595
2026-08-26T11:52:28.459-04:00,-3.515625,-76.820839
2026-08-26T11:52:28.459-04:00,-3.320312,-76.000038
2026-08-26T11:52:28.459-04:00,-3.125000,-82.179100
2026-08-26T11:52:28.459-04:00,-2.929688,-97.092064
2026-08-26T11:52:28.459-04:00,-2.734375,-87.436638
2026-08-26T11:52:28.459-04:00,-2.539062,-85.513168
2026-08-26T11:52:28.459-04:00,-2.343750,-83.940773
2026-08-26T11:52:28.459-04:00,-2.148438,-85.505211
2026-08-26T11:52:28.459-04:00,-1.953125,-86.286247
2026-08-26T11:52:28.459-04:00,-1.757812,-81.942047
2026-08-26T11:52:28.459-04:00,-1.562500,-84.264183
2026-08-26T11:52:28.459-04:00,-1.367188,-82.620071
2026-08-26T11:52:28.459-04:00,-1.171875,-74.500954
2026-08-26T11:52:28.459-04:00,-0.976562,-67.750137
2026-08-26T11:52:28.459-04:00,-0.781250,-68.916199
2026-08-26T11:52:28.459-04:00,-0.585938,-59.727173
2026-08-26T11:52:28.459-04:00,-0.390625,-49.315323
2026-08-26T11:52:28.459-04:00,-0.195312,-48.368362
2026-08-26T11:52:28.459-04:00,0.000000,-53.614395
2026-08-26T11:52:28.459-04:00,0.195312,-48.368362
2026-08-26T11:52:28.459-04:00,0.390625,-49.315323
2026-08-26T11:52:28.459-04:00,0.585938,-59.727173
2026-08-26T11:52:28.459-04:00,0.781250,-68.916199
2026-08-26T11:52:28.459-04:00,0.976562,-67.750137
2026-08-26T11:52:28.459-04:00,1.171875,-74.500954
2026-08-26T11:52:28.459-04:00,1.367188,-82.620071
2026-08-26T11:52:28.459-04:00,1.562500,-84.264183
2026-08-26T11:52:28.459-04:00,1.757812,-81.942047
2026-08-26T11:52:28.459-04:00,1.953125,-86.286247
2026-08-26T11:52:28.459-04:00,2.148438,-85.505211
2026-08-26T11:52:28.459-04:00,2.343750,-83.940773
2026-08-26T11:52:28.459-04:00,2.539062,-85.513168
2026-08-26T11:52:28.459-04:00,2.734375,-87.436638
2026-08-26T11:52:28.459-04:00,2.929688,-97.092064
2026-08-26T11:52:28.459-04:00,3.125000,-82.179100
2026-08-26T11:52:28.459-04:00,3.320312,-76.000038
2026-08-26T11:52:28.459-04:00,3.515625,-76.820839
2026-08-26T11:52:28.459-04:00,3.710938,-79.972595
2026-08-26T11:52:28.459-04:00,3.906250,-87.999641
2026-08-26T11:52:28.459-04:00,4.101562,-82.882118
2026-08-26T11:52:28.459-04:00,4.296875,-83.222473
2026-08-26T11:52:28.459-04:00,4.492188,-92.041481
2026-08-26T11:52:28.459-04:00,4.687500,-87.798752
2026-08-26T11:52:28.459-04:00,4.882812,-87.747734
2026-08-26T11:52:28.459-04:00,5.078125,-84.808083
2026-08-26T11:52:28.459-04:00,5.273438,-83.339035
2026-08-26T11:52:28.459-04:00,5.468750,-86.361839
2026-08-26T11:52:28.459-04:00,5.664062,-91.089615
2026-08-26T11:52:28.459-04:00,5.859375,-84.791222
2026-08-26T11:52:28.459-04:00,6.054688,-80.701431
2026-08-26T11:52:28.459-04:00,6.250000,-82.720352
2026-08-26T11:52:28.459-04:00,6.445312,-86.205452
2026-08-26T11:52:28.459-04:00,6.640625,-88.463715
2026-08-26T11:52:28.459-04:00,6.835938,-93.046501
2026-08-26T11:52:28.459-04:00,7.031250,-87.222321
2026-08-26T11:52:28.459-04:00,7.226562,-90.838661
2026-08-26T11:52:28.459-04:00,7.421875,-105.001976
2026-08-26T11:52:28.459-04:00,7.617188,-96.343040
2026-08-26T11:52:28.459-04:00,7.812500,-95.834045
2026-08-26T11:52:28.459-04:00,8.007812,-88.805702
2026-08-26T11:52:28.459-04:00,8.203125,-91.578896
2026-08-26T11:52:28.459-04:00,8.398438,-88.408096
2026-08-26T11:52:28.459-04:00,8.593750,-85.214470
2026-08-26T11:52:28.459-04:00,8.789062,-85.149323
2026-08-26T11:52:28.459-04:00,8.984375,-83.344925
2026-08-26T11:52:28.459-04:00,9.179688,-90.824188
2026-08-26T11:52:28.459-04:00,9.375000,-95.045059
2026-08-26T11:52:28.459-04:00,9.570312,-98.324577
2026-08-26T11:52:28.459-04:00,9.765625,-94.101295
2026-08-26T11:52:28.459-04:00,9.960938,-91.044144
2026-08-26T11:52:28.459-04:00,10.156250,-100.010643
2026-08-26T11:52:28.459-04:00,10.351562,-89.397964
2026-08-26T11:52:28.459-04:00,10.546875,-86.521805
2026-08-26T11:52:28.459-04:00,10.742188,-89.068489
2026-08-26T11:52:28.459-04:00,10.937500,-90.248451
2026-08-26T11:52:28.459-04:00,11.132812,-97.802048
2026-08-26T11:52:28.459-04:00,11.328125,-93.622498
2026-08-26T11:52:28.459-04:00,11.523438,-95.317291
2026-08-26T11:52:28.459-04:00,11.718750,-94.203377
2026-08-26T11:52:28.459-04:00,11.914062,-87.943268
2026-08-26T11:52:28.459-04:00,12.109375,-89.121033
2026-08-26T11:52:28.459-04:00,12.304688,-89.888870
2026-08-26T11:52:28.459-04:00,12.500000,-94.152557
2026-08-26T11:52:28.459-04:00,12.695312,-96.921608
2026-08-26T11:52:28.459-04:00,12.890625,-96.010086
2026-08-26T11:52:28.459-04:00,13.085938,-94.388344
2026-08-26T11:52:28.459-04:00,13.281250,-95.489044
2026-08-26T11:52:28.459-04:00,13.476562,-90.991013
2026-08-26T11:52:28.459-04:00,13.671875,-91.391800
2026-08-26T11:52:28.459-04:00,13.867188,-100.382812
2026-08-26T11:52:28.459-04:00,14.062500,-111.067665
2026-08-26T11:52:28.459-04:00,14.257812,-104.042397
2026-08-26T11:52:28.459-04:00,14.453125,-109.026939
2026-08-26T11:52:28.459-04:00,14.648438,-98.120110
2026-08-26T11:52:28.459-04:00,14.843750,-89.733429
2026-08-26T11:52:28.459-04:00,15.039062,-86.850204
2026-08-26T11:52:28.459-04:00,15.234375,-86.421539
2026-08-26T11:52:28.459-04:00,15.429688,-89.920273
2026-08-26T11:52:28.459-04:00,15.625000,-100.559189
2026-08-26T11:52:28.459-04:00,15.820312,-98.434975
2026-08-26T11:52:28.459-04:00,16.015625,-102.965866
2026-08-26T11:52:28.459-04:00,16.210938,-112.359146
2026-08-26T11:52:28.459-04:00,16.406250,-102.593018
2026-08-26T11:52:28.459-04:00,16.601562,-96.108658
2026-08-26T11:52:28.459-04:00,16.796875,-94.529160
2026-08-26T11:52:28.459-04:00,16.992188,-95.453636
2026-08-26T11:52:28.459-04:00,17.187500,-101.357109
2026-08-26T11:52:28.459-04:00,17.382812,-96.793785
2026-08-26T11:52:28.459-04:00,17.578125,-98.336876
2026-08-26T11:52:28.459-04:00,17.773438,-106.033485
2026-08-26T11:52:28.459-04:00,17.968750,-104.344971
2026-08-26T11:52:28.459-04:00,18.164062,-97.116554
2026-08-26T11:52:28.459-04:00,18.359375,-94.750320
2026-08-26T11:52:28.459-04:00,18.554688,-98.160995
2026-08-26T11:52:28.459-04:00,18.750000,-102.347305
2026-08-26T11:52:28.459-04:00,18.945312,-102.978165
2026-08-26T11:52:28.459-04:00,19.140625,-105.333847
2026-08-26T11:52:28.459-04:00,19.335938,-100.967590
2026-08-26T11:52:28.459-04:00,19.531250,-102.752922
2026-08-26T11:52:28.459-04:00,19.726562,-110.597900
2026-08-26T11:52:28.459-04:00,19.921875,-109.040665
2026-08-26T11:52:29.005-04:00,-19.921875,-108.444252
2026-08-26T11:52:29.005-04:00,-19.726562,-116.269073
2026-08-26T11:52:29.005-04:00,-19.531250,-103.045006
2026-08-26T11:52:29.005-04:00,-19.335938,-101.220711
2026-08-26T11:52:29.005-04:00,-19.140625,-108.404427
2026-08-26T11:52:29.005-04:00,-18.945312,-103.635796
2026-08-26T11:52:29.005-04:00,-18.750000,-98.539734
2026-08-26T11:52:29.005-04:00,-18.554688,-95.958092
2026-08-26T11:52:29.005-04:00,-18.359375,-94.990456
2026-08-26T11:52:29.005-04:00,-18.164062,-99.469360
2026-08-26T11:52:29.005-04:00,-17.968750,-108.932655
2026-08-26T11:52:29.005-04:00,-17.773438,-107.747375
2026-08-26T11:52:29.005-04:00,-17.578125,-100.626595
2026-08-26T11:52:29.005-04:00,-17.382812,-97.856094
2026-08-26T11:52:29.005-04:00,-17.187500,-104.660172
2026-08-26T11:52:29.005-04:00,-16.992188,-95.968964
2026-08-26T11:52:29.005-04:00,-16.796875,-92.571114
2026-08-26T11:52:29.005-04:00,-16.601562,-93.496445
2026-08-26T11:52:29.005-04:00,-16.406250,-98.993256
2026-08-26T11:52:29.005-04:00,-16.210938,-107.450264
2026-08-26T11:52:29.005-04:00,-16.015625,-108.850868
2026-08-26T11:52:29.005-04:00,-15.820312,-99.868515
2026-08-26T11:52:29.005-04:00,-15.625000,-101.389473
2026-08-26T11:52:29.005-04:00,-15.429688,-90.352409
2026-08-26T11:52:29.005-04:00,-15.234375,-85.140823
2026-08-26T11:52:29.005-04:00,-15.039062,-84.130249
2026-08-26T11:52:29.005-04:00,-14.843750,-86.452332
2026-08-26T11:52:29.005-04:00,-14.648438,-92.588882
2026-08-26T11:52:29.005-04:00,-14.453125,-98.235489
2026-08-26T11:52:29.005-04:00,-14.257812,-101.342667
2026-08-26T11:52:29.005-04:00,-14.062500,-111.187531
2026-08-26T11:52:29.005-04:00,-13.867188,-97.301323
2026-08-26T11:52:29.005-04:00,-13.671875,-91.388672
2026-08-26T11:52:29.005-04:00,-13.476562,-92.094803
2026-08-26T11:52:29.005-04:00,-13.281250,-106.428841
2026-08-26T11:52:29.005-04:00,-13.085938,-93.296631
2026-08-26T11:52:29.005-04:00,-12.890625,-92.277672
2026-08-26T11:52:29.005-04:00,-12.695312,-97.671318
2026-08-26T11:52:29.005-04:00,-12.500000,-95.638397
2026-08-26T11:52:29.005-04:00,-12.304688,-87.492683
2026-08-26T11:52:29.005-04:00,-12.109375,-84.895569
2026-08-26T11:52:29.005-04:00,-11.914062,-85.236496
2026-08-26T11:52:29.005-04:00,-11.718750,-88.279312
2026-08-26T11:52:29.005-04:00,-11.523438,-89.966400
2026-08-26T11:52:29.005-04:00,-11.328125,-91.813446
2026-08-26T11:52:29.005-04:00,-11.132812,-93.308151
2026-08-26T11:52:29.005-04:00,-10.937500,-89.318932
2026-08-26T11:52:29.005-04:00,-10.742188,-87.658928
2026-08-26T11:52:29.005-04:00,-10.546875,-87.600594
2026-08-26T11:52:29.005-04:00,-10.351562,-88.847107
2026-08-26T11:52:29.005-04:00,-10.156250,-89.588852
2026-08-26T11:52:29.005-04:00,-9.960938,-89.391724
2026-08-26T11:52:29.005-04:00,-9.765625,-92.655022
2026-08-26T11:52:29.005-04:00,-9.570312,-93.137093
2026-08-26T11:52:29.005-04:00,-9.375000,-92.724312
2026-08-26T11:52:29.005-04:00,-9.179688,-88.763474
2026-08-26T11:52:29.005-04:00,-8.984375,-82.334984
2026-08-26T11:52:29.005-04:00,-8.789062,-80.690277
2026-08-26T11:52:29.005-04:00,-8.593750,-81.117950
2026-08-26T11:52:29.005-04:00,-8.398438,-82.677910
2026-08-26T11:52:29.005-04:00,-8.203125,-84.239548
2026-08-26T11:52:29.005-04:00,-8.007812,-85.697205
2026-08-26T11:52:29.005-04:00,-7.812500,-89.225418
2026-08-26T11:52:29.005-04:00,-7.617188,-91.876831
2026-08-26T11:52:29.005-04:00,-7.421875,-93.942383
2026-08-26T11:52:29.005-04:00,-7.226562,-92.395416
2026-08-26T11:52:29.005-04:00,-7.031250,-90.389923
2026-08-26T11:52:29.005-04:00,-6.835938,-95.526901
2026-08-26T11:52:29.005-04:00,-6.640625,-92.812660
2026-08-26T11:52:29.005-04:00,-6.445312,-97.195190
2026-08-26T11:52:29.005-04:00,-6.250000,-88.672485
2026-08-26T11:52:29.005-04:00,-6.054688,-81.924965
2026-08-26T11:52:29.005-04:00,-5.859375,-83.028725
2026-08-26T11:52:29.005-04:00,-5.664062,-91.500175
2026-08-26T11:52:29.005-04:00,-5.468750,-85.919006
2026-08-26T11:52:29.005-04:00,-5.273438,-82.471100
2026-08-26T11:52:29.005-04:00,-5.078125,-85.776169
2026-08-26T11:52:29.005-04:00,-4.882812,-94.838593
2026-08-26T11:52:29.005-04:00,-4.687500,-88.217636
2026-08-26T11:52:29.005-04:00,-4.492188,-90.714256
2026-08-26T11:52:29.005-04:00,-4.296875,-83.014992
2026-08-26T11:52:29.005-04:00,-4.101562,-79.597145
2026-08-26T11:52:29.005-04:00,-3.906250,-79.027176
2026-08-26T11:52:29.005-04:00,-3.710938,-76.783249
2026-08-26T11:52:29.005-04:00,-3.515625,-75.270241
2026-08-26T11:52:29.005-04:00,-3.320312,-76.013504
2026-08-26T11:52:29.005-04:00,-3.125000,-80.936081
2026-08-26T11:52:29.005-04:00,-2.929688,-87.619705
2026-08-26T11:52:29.005-04:00,-2.734375,-85.804764
2026-08-26T11:52:29.005-04:00,-2.539062,-84.327400
2026-08-26T11:52:29.005-04:00,-2.343750,-88.030434
2026-08-26T11:52:29.005-04:00,-2.148438,-86.452652
2026-08-26T11:52:29.005-04:00,-1.953125,-82.657669
2026-08-26T11:52:29.005-04:00,-1.757812,-81.755905
2026-08-26T11:52:29.005-04:00,-1.562500,-87.442032
2026-08-26T11:52:29.005-04:00,-1.367188,-83.658508
2026-08-26T11:52:29.005-04:00,-1.171875,-74.122322
2026-08-26T11:52:29.005-04:00,-0.976562,-68.282898
2026-08-26T11:52:29.005-04:00,-0.781250,-63.998985
2026-08-26T11:52:29.005-04:00,-0.585938,-56.086380
2026-08-26T11:52:29.005-04:00,-0.390625,-48.664162
2026-08-26T11:52:29.005-04:00,-0.195312,-48.343124
2026-08-26T11:52:29.005-04:00,0.000000,-55.873413
2026-08-26T11:52:29.005-04:00,0.195312,-48.343124
2026-08-26T11:52:29.005-04:00,0.390625,-48.664162
2026-08-26T11:52:29.005-04:00,0.585938,-56.086380
2026-08-26T11:52:29.005-04:00,0.781250,-63.998985
2026-08-26T11:52:29.005-04:00,0.976562,-68.282898
2026-08-26T11:52:29.005-04:00,1.171875,-74.122322
2026-08-26T11:52:29.005-04:00,1.367188,-83.658508
2026-08-26T11:52:29.005-04:00,1.562500,-87.442032
2026-08-26T11:52:29.005-04:00,1.757812,-81.755905
2026-08-26T11:52:29.005-04:00,1.953125,-82.657669
2026-08-26T11:52:29.005-04:00,2.148438,-86.452652
2026-08-26T11:52:29.005-04:00,2.343750,-88.030434
2026-08-26T11:52:29.005-04:00,2.539062,-84.327400
2026-08-26T11:52:29.005-04:00,2.734375,-85.804764
2026-08-26T11:52:29.005-04:00,2.929688,-87.619705
2026-08-26T11:52:29.005-04:00,3.125000,-80.936081
2026-08-26T11:52:29.005-04:00,3.320312,-76.013504
2026-08-26T11:52:29.005-04:00,3.515625,-75.270241
2026-08-26T11:52:29.005-04:00,3.710938,-76.783249
2026-08-26T11:52:29.005-04:00,3.906250,-79.027176
2026-08-26T11:52:29.005-04:00,4.101562,-79.597145
2026-08-26T11:52:29.005-04:00,4.296875,-83.014992
2026-08-26T11:52:29.005-04:00,4.492188,-90.714256
2026-08-26T11:52:29.005-04:00,4.687500,-88.217636
2026-08-26T11:52:29.005-04:00,4.882812,-94.838593
2026-08-26T11:52:29.005-04:00,5.078125,-85.776169
2026-08-26T11:52:29.005-04:00,5.273438,-82.471100
2026-08-26T11:52:29.005-04:00,5.468750,-85.919006
2026-08-26T11:52:29.005-04:00,5.664062,-91.500175
2026-08-26T11:52:29.005-04:00,5.859375,-83.028725
2026-08-26T11:52:29.005-04:00,6.054688,-81.924965
2026-08-26T11:52:29.005-04:00,6.250000,-88.672485
2026-08-26T11:52:29.005-04:00,6.445312,-97.195190
2026-08-26T11:52:29.005-04:00,6.640625,-92.812660
2026-08-26T11:52:29.005-04:00,6.835938,-95.526901
2026-08-26T11:52:29.005-04:00,7.031250,-90.389923
2026-08-26T11:52:29.005-04:00,7.226562,-92.395416
2026-08-26T11:52:29.005-04:00,7.421875,-93.942383
2026-08-26T11:52:29.005-04:00,7.617188,-91.876831
2026-08-26T11:52:29.005-04:00,7.812500,-89.225418
2026-08-26T11:52:29.005-04:00,8.007812,-85.697205
2026-08-26T11:52:29.005-04:00,8.203125,-84.239548
2026-08-26T11:52:29.005-04:00,8.398438,-82.677910
2026-08-26T11:52:29.005-04:00,8.593750,-81.117950
2026-08-26T11:52:29.005-04:00,8.789062,-80.690277
2026-08-26T11:52:29.005-04:00,8.984375,-82.334984
2026-08-26T11:52:29.005-04:00,9.179688,-88.763474
2026-08-26T11:52:29.005-04:00,9.375000,-92.724312
2026-08-26T11:52:29.005-04:00,9.570312,-93.137093
2026-08-26T11:52:29.005-04:00,9.765625,-92.655022
2026-08-26T11:52:29.005-04:00,9.960938,-89.391724
2026-08-26T11:52:29.005-04:00,10.156250,-89.588852
2026-08-26T11:52:29.005-04:00,10.351562,-88.847107
2026-08-26T11:52:29.005-04:00,10.546875,-87.600594
2026-08-26T11:52:29.005-04:00,10.742188,-87.658928
2026-08-26T11:52:29.005-04:00,10.937500,-89.318932
2026-08-26T11:52:29.005-04:00,11.132812,-93.308151
2026-08-26T11:52:29.005-04:00,11.328125,-91.813446
2026-08-26T11:52:29.005-04:00,11.523438,-89.966400
2026-08-26T11:52:29.005-04:00,11.718750,-88.279312
2026-08-26T11:52:29.005-04:00,11.914062,-85.236496
2026-08-26T11:52:29.005-04:00,12.109375,-84.895569
2026-08-26T11:52:29.005-04:00,12.304688,-87.492683
2026-08-26T11:52:29.005-04:00,12.500000,-95.638397
2026-08-26T11:52:29.005-04:00,12.695312,-97.671318
2026-08-26T11:52:29.005-04:00,12.890625,-92.277672
2026-08-26T11:52:29.005-04:00,13.085938,-93.296631
2026-08-26T11:52:29.005-04:00,13.281250,-106.428841
2026-08-26T11:52:29.005-04:00,13.476562,-92.094803
2026-08-26T11:52:29.005-04:00,13.671875,-91.388672
2026-08-26T11:52:29.005-04:00,13.867188,-97.301323
2026-08-26T11:52:29.005-04:00,14.062500,-111.187531
2026-08-26T11:52:29.005-04:00,14.257812,-101.342667
2026-08-26T11:52:29.005-04:00,14.453125,-98.235489
2026-08-26T11:52:29.005-04:00,14.648438,-92.588882
2026-08-26T11:52:29.005-04:00,14.843750,-86.452332
2026-08-26T11:52:29.005-04:00,15.039062,-84.130249
2026-08-26T11:52:29.005-04:00,15.234375,-85.140823
2026-08-26T11:52:29.005-04:00,15.429688,-90.352409
2026-08-26T11:52:29.005-04:00,15.625000,-101.389473
2026-08-26T11:52:29.005-04:00,15.820312,-99.868515
2026-08-26T11:52:29.005-04:00,16.015625,-108.850868
2026-08-26T11:52:29.005-04:00,16.210938,-107.450264
2026-08-26T11:52:29.005-04:00,16.406250,-98.993256
2026-08-26T11:52:29.005-04:00,16.601562,-93.496445
2026-08-26T11:52:29.005-04:00,16.796875,-92.571114
2026-08-26T11:52:29.005-04:00,16.992188,-95.968964
2026-08-26T11:52:29.005-04:00,17.187500,-104.660172
2026-08-26T11:52:29.005-04:00,17.382812,-97.856094
2026-08-26T11:52:29.005-04:00,17.578125,-100.626595
2026-08-26T11:52:29.005-04:00,17.773438,-107.747375
2026-08-26T11:52:29.005-04:00,17.968750,-108.932655
2026-08-26T11:52:29.005-04:00,18.164062,-99.469360
2026-08-26T11:52:29.005-04:00,18.359375,-94.990456
2026-08-26T11:52:29.005-04:00,18.554688,-95.958092
2026-08-26T11:52:29.005-04:00,18.750000,-98.539734
2026-08-26T11:52:29.005-04:00,18.945312,-103.635796
2026-08-26T11:52:29.005-04:00,19.140625,-108.404427
2026-08-26T11:52:29.005-04:00,19.335938,-101.220711
2026-08-26T11:52:29.005-04:00,19.531250,-103.045006
2026-08-26T11:52:29.005-04:00,19.726562,-116.269073
2026-08-26T11:52:29.005-04:00,19.921875,-108.444252
2026-08-26T11:52:29.551-04:00,-19.921875,-108.694702
2026-08-26T11:52:29.551-04:00,-19.726562,-106.499596
2026-08-26T11:52:29.551-04:00,-19.531250,-101.208923
2026-08-26T11:52:29.551-04:00,-19.335938,-101.746895
2026-08-26T11:52:29.551-04:00,-19.140625,-103.400192
2026-08-26T11:52:29.551-04:00,-18.945312,-100.153580
2026-08-26T11:52:29.551-04:00,-18.750000,-98.948738
2026-08-26T11:52:29.551-04:00,-18.554688,-98.481964
2026-08-26T11:52:29.551-04:00,-18.359375,-95.732002
2026-08-26T11:52:29.551-04:00,-18.164062,-99.844574
2026-08-26T11:52:29.551-04:00,-17.968750,-112.158806
2026-08-26T11:52:29.551-04:00,-17.773438,-113.262665
2026-08-26T11:52:29.551-04:00,-17.578125,-101.544655
2026-08-26T11:52:29.551-04:00,-17.382812,-95.728760
2026-08-26T11:52:29.551-04:00,-17.187500,-96.550941
2026-08-26T11:52:29.551-04:00,-16.992188,-97.216568
2026-08-26T11:52:29.551-04:00,-16.796875,-93.050835
2026-08-26T11:52:29.551-04:00,-16.601562,-92.384651
2026-08-26T11:52:29.551-04:00,-16.406250,-96.319969
2026-08-26T11:52:29.551-04:00,-16.210938,-100.421638
2026-08-26T11:52:29.551-04:00,-16.015625,-99.716934
2026-08-26T11:52:29.551-04:00,-15.820312,-97.426758
2026-08-26T11:52:29.551-04:00,-15.625000,-96.372772
2026-08-26T11:52:29.551-04:00,-15.429688,-90.700104
2026-08-26T11:52:29.551-04:00,-15.234375,-86.025009
2026-08-26T11:52:29.551-04:00,-15.039062,-84.364540
2026-08-26T11:52:29.551-04:00,-14.843750,-85.223984
2026-08-26T11:52:29.551-04:00,-14.648438,-88.808090
2026-08-26T11:52:29.551-04:00,-14.453125,-93.442703
2026-08-26T11:52:29.551-04:00,-14.257812,-96.381088
2026-08-26T11:52:29.551-04:00,-14.062500,-97.642029
2026-08-26T11:52:29.551-04:00,-13.867188,-95.569115
2026-08-26T11:52:29.551-04:00,-13.671875,-92.624115
2026-08-26T11:52:29.551-04:00,-13.476562,-90.528603
2026-08-26T11:52:29.551-04:00,-13.281250,-91.874649
2026-08-26T11:52:29.551-04:00,-13.085938,-91.544632
2026-08-26T11:52:29.551-04:00,-12.890625,-91.608231
2026-08-26T11:52:29.551-04:00,-12.695312,-92.871216
2026-08-26T11:52:29.551-04:00,-12.500000,-91.855240
2026-08-26T11:52:29.551-04:00,-12.304688,-86.928040
2026-08-26T11:52:29.551-04:00,-12.109375,-83.959946
2026-08-26T11:52:29.551-04:00,-11.914062,-84.900635
2026-08-26T11:52:29.551-04:00,-11.718750,-87.647896
2026-08-26T11:52:29.551-04:00,-11.523438,-88.454056
2026-08-26T11:52:29.551-04:00,-11.328125,-89.257347
2026-08-26T11:52:29.551-04:00,-11.132812,-90.370804
2026-08-26T11:52:29.551-04:00,-10.937500,-91.072571
2026-08-26T11:52:29.551-04:00,-10.742188,-90.928642
2026-08-26T11:52:29.551-04:00,-10.546875,-91.250084
2026-08-26T11:52:29.551-04:00,-10.351562,-93.571411
2026-08-26T11:52:29.551-04:00,-10.156250,-87.850304
2026-08-26T11:52:29.551-04:00,-9.960938,-87.456825
2026-08-26T11:52:29.551-04:00,-9.765625,-97.812759
2026-08-26T11:52:29.551-04:00,-9.570312,-92.626076
2026-08-26T11:52:29.551-04:00,-9.375000,-87.935860
2026-08-26T11:52:29.551-04:00,-9.179688,-85.764839
2026-08-26T11:52:29.551-04:00,-8.984375,-82.421280
2026-08-26T11:52:29.551-04:00,-8.789062,-80.340088
2026-08-26T11:52:29.551-04:00,-8.593750,-80.813942
2026-08-26T11:52:29.551-04:00,-8.398438,-81.561523
2026-08-26T11:52:29.551-04:00,-8.203125,-82.108719
2026-08-26T11:52:29.551-04:00,-8.007812,-84.980270
2026-08-26T11:52:29.551-04:00,-7.812500,-89.225227
2026-08-26T11:52:29.551-04:00,-7.617188,-89.592400
2026-08-26T11:52:29.551-04:00,-7.421875,-92.153473
2026-08-26T11:52:29.551-04:00,-7.226562,-102.119713
2026-08-26T11:52:29.551-04:00,-7.031250,-90.944000
2026-08-26T11:52:29.551-04:00,-6.835938,-91.336502
2026-08-26T11:52:29.551-04:00,-6.640625,-95.801941
2026-08-26T11:52:29.551-04:00,-6.445312,-92.731903
2026-08-26T11:52:29.551-04:00,-6.250000,-87.000626
2026-08-26T11:52:29.551-04:00,-6.054688,-83.665298
2026-08-26T11:52:29.551-04:00,-5.859375,-82.891464
2026-08-26T11:52:29.551-04:00,-5.664062,-83.766739
2026-08-26T11:52:29.551-04:00,-5.468750,-83.587303
2026-08-26T11:52:29.551-04:00,-5.273438,-83.038864
2026-08-26T11:52:29.551-04:00,-5.078125,-85.129280
2026-08-26T11:52:29.551-04:00,-4.882812,-91.221100
2026-08-26T11:52:29.551-04:00,-4.687500,-86.995865
2026-08-26T11:52:29.551-04:00,-4.492188,-85.140671
2026-08-26T11:52:29.551-04:00,-4.296875,-80.968491
2026-08-26T11:52:29.551-04:00,-4.101562,-78.278961
2026-08-26T11:52:29.551-04:00,-3.906250,-77.755692
2026-08-26T11:52:29.551-04:00,-3.710938,-77.281120
2026-08-26T11:52:29.551-04:00,-3.515625,-77.545479
2026-08-26T11:52:29.551-04:00,-3.320312,-77.575111
2026-08-26T11:52:29.551-04:00,-3.125000,-80.006264
2026-08-26T11:52:29.551-04:00,-2.929688,-89.903145
2026-08-26T11:52:29.551-04:00,-2.734375,-86.935158
2026-08-26T11:52:29.551-04:00,-2.539062,-84.026154
2026-08-26T11:52:29.551-04:00,-2.343750,-92.495850
2026-08-26T11:52:29.551-04:00,-2.148438,-88.197281
2026-08-26T11:52:29.551-04:00,-1.953125,-83.050621
2026-08-26T11:52:29.551-04:00,-1.757812,-83.289146
2026-08-26T11:52:29.551-04:00,-1.562500,-82.738258
2026-08-26T11:52:29.551-04:00,-1.367188,-78.509277
2026-08-26T11:52:29.551-04:00,-1.171875,-75.919739
2026-08-26T11:52:29.551-04:00,-0.976562,-73.771835
2026-08-26T11:52:29.551-04:00,-0.781250,-61.477322
2026-08-26T11:52:29.551-04:00,-0.585938,-53.399487
2026-08-26T11:52:29.551-04:00,-0.390625,-48.244843
2026-08-26T11:52:29.551-04:00,-0.195312,-46.830143
2026-08-26T11:52:29.551-04:00,0.000000,-47.380642
2026-08-26T11:52:29.551-04:00,0.195312,-46.830143
2026-08-26T11:52:29.551-04:00,0.390625,-48.244843
2026-08-26T11:52:29.551-04:00,0.585938,-53.399487
2026-08-26T11:52:29.551-04:00,0.781250,-61.477322
2026-08-26T11:52:29.551-04:00,0.976562,-73.771835
2026-08-26T11:52:29.551-04:00,1.171875,-75.919739
2026-08-26T11:52:29.551-04:00,1.367188,-78.509277
2026-08-26T11:52:29.551-04:00,1.562500,-82.738258
2026-08-26T11:52:29.551-04:00,1.757812,-83.289146
2026-08-26T11:52:29.551-04:00,1.953125,-83.050621
2026-08-26T11:52:29.551-04:00,2.148438,-88.197281
2026-08-26T11:52:29.551-04:00,2.343750,-92.495850
2026-08-26T11:52:29.551-04:00,2.539062,-84.026154
2026-08-26T11:52:29.551-04:00,2.734375,-86.935158
2026-08-26T11:52:29.551-04:00,2.929688,-89.903145
2026-08-26T11:52:29.551-04:00,3.125000,-80.006264
2026-08-26T11:52:29.551-04:00,3.320312,-77.575111
2026-08-26T11:52:29.551-04:00,3.515625,-77.545479
2026-08-26T11:52:29.551-04:00,3.710938,-77.281120
2026-08-26T11:52:29.551-04:00,3.906250,-77.755692
2026-08-26T11:52:29.551-04:00,4.101562,-78.278961
2026-08-26T11:52:29.551-04:00,4.296875,-80.968491
2026-08-26T11:52:29.551-04:00,4.492188,-85.140671
2026-08-26T11:52:29.551-04:00,4.687500,-86.995865
2026-08-26T11:52:29.551-04:00,4.882812,-91.221100
2026-08-26T11:52:29.551-04:00,5.078125,-85.129280
2026-08-26T11:52:29.551-04:00,5.273438,-83.038864
2026-08-26T11:52:29.551-04:00,5.468750,-83.587303
2026-08-26T11:52:29.551-04:00,5.664062,-83.766739
2026-08-26T11:52:29.551-04:00,5.859375,-82.891464
2026-08-26T11:52:29.551-04:00,6.054688,-83.665298
2026-08-26T11:52:29.551-04:00,6.250000,-87.000626
2026-08-26T11:52:29.551-04:00,6.445312,-92.731903
2026-08-26T11:52:29.551-04:00,6.640625,-95.801941
2026-08-26T11:52:29.551-04:00,6.835938,-91.336502
2026-08-26T11:52:29.551-04:00,7.031250,-90.944000
2026-08-26T11:52:29.551-04:00,7.226562,-102.119713
2026-08-26T11:52:29.551-04:00,7.421875,-92.153473
2026-08-26T11:52:29.551-04:00,7.617188,-89.592400
2026-08-26T11:52:29.551-04:00,7.812500,-89.225227
2026-08-26T11:52:29.551-04:00,8.007812,-84.980270
2026-08-26T11:52:29.551-04:00,8.203125,-82.108719
2026-08-26T11:52:29.551-04:00,8.398438,-81.561523
2026-08-26T11:52:29.551-04:00,8.593750,-80.813942
2026-08-26T11:52:29.551-04:00,8.789062,-80.340088
2026-08-26T11:52:29.551-04:00,8.984375,-82.421280
2026-08-26T11:52:29.551-04:00,9.179688,-85.764839
2026-08-26T11:52:29.551-04:00,9.375000,-87.935860
2026-08-26T11:52:29.551-04:00,9.570312,-92.626076
2026-08-26T11:52:29.551-04:00,9.765625,-97.812759
2026-08-26T11:52:29.551-04:00,9.960938,-87.456825
2026-08-26T11:52:29.551-04:00,10.156250,-87.850304
2026-08-26T11:52:29.551-04:00,10.351562,-93.571411
2026-08-26T11:52:29.551-04:00,10.546875,-91.250084
2026-08-26T11:52:29.551-04:00,10.742188,-90.928642
2026-08-26T11:52:29.551-04:00,10.937500,-91.072571
2026-08-26T11:52:29.551-04:00,11.132812,-90.370804
2026-08-26T11:52:29.551-04:00,11.328125,-89.257347
2026-08-26T11:52:29.551-04:00,11.523438,-88.454056
2026-08-26T11:52:29.551-04:00,11.718750,-87.647896
2026-08-26T11:52:29.551-04:00,11.914062,-84.900635
2026-08-26T11:52:29.551-04:00,12.109375,-83.959946
2026-08-26T11:52:29.551-04:00,12.304688,-86.928040
2026-08-26T11:52:29.551-04:00,12.500000,-91.855240
2026-08-26T11:52:29.551-04:00,12.695312,-92.871216
2026-08-26T11:52:29.551-04:00,12.890625,-91.608231
2026-08-26T11:52:29.551-04:00,13.085938,-91.544632
2026-08-26T11:52:29.551-04:00,13.281250,-91.874649
2026-08-26T11:52:29.551-04:00,13.476562,-90.528603
2026-08-26T11:52:29.551-04:00,13.671875,-92.624115
2026-08-26T11:52:29.551-04:00,13.867188,-95.569115
2026-08-26T11:52:29.551-04:00,14.062500,-97.642029
2026-08-26T11:52:29.551-04:00,14.257812,-96.381088
2026-08-26T11:52:29.551-04:00,14.453125,-93.442703
2026-08-26T11:52:29.551-04:00,14.648438,-88.808090
2026-08-26T11:52:29.551-04:00,14.843750,-85.223984
2026-08-26T11:52:29.551-04:00,15.039062,-84.364540
2026-08-26T11:52:29.551-04:00,15.234375,-86.025009
2026-08-26T11:52:29.551-04:00,15.429688,-90.700104
2026-08-26T11:52:29.551-04:00,15.625000,-96.372772
2026-08-26T11:52:29.551-04:00,15.820312,-97.426758
2026-08-26T11:52:29.551-04:00,16.015625,-99.716934
2026-08-26T11:52:29.551-04:00,16.210938,-100.421638
2026-08-26T11:52:29.551-04:00,16.406250,-96.319969
2026-08-26T11:52:29.551-04:00,16.601562,-92.384651
2026-08-26T11:52:29.551-04:00,16.796875,-93.050835
2026-08-26T11:52:29.551-04:00,16.992188,-97.216568
2026-08-26T11:52:29.551-04:00,17.187500,-96.550941
2026-08-26T11:52:29.551-04:00,17.382812,-95.728760
2026-08-26T11:52:29.551-04:00,17.578125,-101.544655
2026-08-26T11:52:29.551-04:00,17.773438,-113.262665
2026-08-26T11:52:29.551-04:00,17.968750,-112.158806
2026-08-26T11:52:29.551-04:00,18.164062,-99.844574
2026-08-26T11:52:29.551-04:00,18.359375,-95.732002
2026-08-26T11:52:29.551-04:00,18.554688,-98.481964
2026-08-26T11:52:29.551-04:00,18.750000,-98.948738
2026-08-26T11:52:29.551-04:00,18.945312,-100.153580
2026-08-26T11:52:29.551-04:00,19.140625,-103.400192
2026-08-26T11:52:29.551-04:00,19.335938,-101.746895
2026-08-26T11:52:29.551-04:00,19.531250,-101.208923
2026-08-26T11:52:29.551-04:00,19.726562,-106.499596
2026-08-26T11:52:29.551-04:00,19.921875,-108.694702
2026-08-26T11:52:30.098-04:00,-19.921875,-110.332191
2026-08-26T11:52:30.098-04:00,-19.726562,-103.552361
2026-08-26T11:52:30.098-04:00,-19.531250,-98.086899
2026-08-26T11:52:30.098-04:00,-19.335938,-103.024712
2026-08-26T11:52:30.098-04:00,-19.140625,-106.009895
2026-08-26T11:52:30.098-04:00,-18.945312,-98.083633
2026-08-26T11:52:30.098-04:00,-18.750000,-100.585068
2026-08-26T11:52:30.098-04:00,-18.554688,-106.339882
2026-08-26T11:52:30.098-04:00,-18.359375,-95.773285
2026-08-26T11:52:30.098-04:00,-18.164062,-97.366119
2026-08-26T11:52:30.098-04:00,-17.968750,-102.312653
2026-08-26T11:52:30.098-04:00,-17.773438,-102.582306
2026-08-26T11:52:30.098-04:00,-17.578125,-97.170685
2026-08-26T11:52:30.098-04:00,-17.382812,-93.165451
2026-08-26T11:52:30.098-04:00,-17.187500,-94.567398
2026-08-26T11:52:30.098-04:00,-16.992188,-123.890579
2026-08-26T11:52:30.098-04:00,-16.796875,-93.725731
2026-08-26T11:52:30.098-04:00,-16.601562,-92.216675
2026-08-26T11:52:30.098-04:00,-16.406250,-99.336250
2026-08-26T11:52:30.098-04:00,-16.210938,-99.037437
2026-08-26T11:52:30.098-04:00,-16.015625,-94.780128
2026-08-26T11:52:30.098-04:00,-15.820312,-95.677536
2026-08-26T11:52:30.098-04:00,-15.625000,-105.182922
2026-08-26T11:52:30.098-04:00,-15.429688,-93.231964
2026-08-26T11:52:30.098-04:00,-15.234375,-89.436234
2026-08-26T11:52:30.098-04:00,-15.039062,-87.945015
2026-08-26T11:52:30.098-04:00,-14.843750,-86.743149
2026-08-26T11:52:30.098-04:00,-14.648438,-88.444275
2026-08-26T11:52:30.098-04:00,-14.453125,-95.288383
2026-08-26T11:52:30.098-04:00,-14.257812,-95.703575
2026-08-26T11:52:30.098-04:00,-14.062500,-93.119858
2026-08-26T11:52:30.098-04:00,-13.867188,-97.695236
2026-08-26T11:52:30.098-04:00,-13.671875,-97.329468
2026-08-26T11:52:30.098-04:00,-13.476562,-89.582901
2026-08-26T11:52:30.098-04:00,-13.281250,-88.932404
2026-08-26T11:52:30.098-04:00,-13.085938,-93.052788
2026-08-26T11:52:30.098-04:00,-12.890625,-95.006104
2026-08-26T11:52:30.098-04:00,-12.695312,-92.050629
2026-08-26T11:52:30.098-04:00,-12.500000,-96.790405
2026-08-26T11:52:30.098-04:00,-12.304688,-88.713493
2026-08-26T11:52:30.098-04:00,-12.109375,-84.897522
2026-08-26T11:52:30.098-04:00,-11.914062,-87.305611
2026-08-26T11:52:30.098-04:00,-11.718750,-95.106575
2026-08-26T11:52:30.098-04:00,-11.523438,-90.458344
2026-08-26T11:52:30.098-04:00,-11.328125,-90.768806
2026-08-26T11:52:30.098-04:00,-11.132812,-93.138733
2026-08-26T11:52:30.098-04:00,-10.937500,-97.012550
2026-08-26T11:52:30.098-04:00,-10.742188,-99.545784
2026-08-26T11:52:30.098-04:00,-10.546875,-94.829208
2026-08-26T11:52:30.098-04:00,-10.351562,-101.166374
2026-08-26T11:52:30.098-04:00,-10.156250,-87.049118
2026-08-26T11:52:30.098-04:00,-9.960938,-84.690140
2026-08-26T11:52:30.098-04:00,-9.765625,-88.329575
2026-08-26T11:52:30.098-04:00,-9.570312,-87.673958
2026-08-26T11:52:30.098-04:00,-9.375000,-86.293175
2026-08-26T11:52:30.098-04:00,-9.179688,-89.575119
2026-08-26T11:52:30.098-04:00,-8.984375,-85.636337
2026-08-26T11:52:30.098-04:00,-8.789062,-82.573997
2026-08-26T11:52:30.098-04:00,-8.593750,-85.038666
2026-08-26T11:52:30.098-04:00,-8.398438,-85.841003
2026-08-26T11:52:30.098-04:00,-8.203125,-82.696365
2026-08-26T11:52:30.098-04:00,-8.007812,-86.268967
2026-08-26T11:52:30.098-04:00,-7.812500,-103.123482
2026-08-26T11:52:30.098-04:00,-7.617188,-89.583984
2026-08-26T11:52:30.098-04:00,-7.421875,-89.651184
2026-08-26T11:52:30.098-04:00,-7.226562,-92.938873
2026-08-26T11:52:30.098-04:00,-7.031250,-88.753624
2026-08-26T11:52:30.098-04:00,-6.835938,-90.201538
2026-08-26T11:52:30.098-04:00,-6.640625,-104.165909
2026-08-26T11:52:30.098-04:00,-6.445312,-90.505074
2026-08-26T11:52:30.098-04:00,-6.250000,-85.850670
2026-08-26T11:52:30.098-04:00,-6.054688,-88.748840
2026-08-26T11:52:30.098-04:00,-5.859375,-85.746033
2026-08-26T11:52:30.098-04:00,-5.664062,-82.509262
2026-08-26T11:52:30.098-04:00,-5.468750,-85.314499
2026-08-26T11:52:30.098-04:00,-5.273438,-87.512505
2026-08-26T11:52:30.098-04:00,-5.078125,-83.326912
2026-08-26T11:52:30.098-04:00,-4.882812,-83.775818
2026-08-26T11:52:30.098-04:00,-4.687500,-86.630447
2026-08-26T11:52:30.098-04:00,-4.492188,-89.216095
2026-08-26T11:52:30.098-04:00,-4.296875,-81.226578
2026-08-26T11:52:30.098-04:00,-4.101562,-79.472557
2026-08-26T11:52:30.098-04:00,-3.906250,-82.484711
2026-08-26T11:52:30.098-04:00,-3.710938,-81.201843
2026-08-26T11:52:30.098-04:00,-3.515625,-85.323868
2026-08-26T11:52:30.098-04:00,-3.320312,-81.829460
2026-08-26T11:52:30.098-04:00,-3.125000,-79.315254
2026-08-26T11:52:30.098-04:00,-2.929688,-85.096817
2026-08-26T11:52:30.098-04:00,-2.734375,-83.943466
2026-08-26T11:52:30.098-04:00,-2.539062,-82.493446
2026-08-26T11:52:30.098-04:00,-2.343750,-86.442093
2026-08-26T11:52:30.098-04:00,-2.148438,-87.164062
2026-08-26T11:52:30.098-04:00,-1.953125,-84.500900
2026-08-26T11:52:30.098-04:00,-1.757812,-90.667496
2026-08-26T11:52:30.098-04:00,-1.562500,-83.266838
2026-08-26T11:52:30.098-04:00,-1.367188,-75.978149
2026-08-26T11:52:30.098-04:00,-1.171875,-75.097641
2026-08-26T11:52:30.098-04:00,-0.976562,-73.338531
2026-08-26T11:52:30.098-04:00,-0.781250,-61.166004
2026-08-26T11:52:30.098-04:00,-0.585938,-53.906231
2026-08-26T11:52:30.098-04:00,-0.390625,-49.745056
2026-08-26T11:52:30.098-04:00,-0.195312,-47.778278
2026-08-26T11:52:30.098-04:00,0.000000,-47.176544
2026-08-26T11:52:30.098-04:00,0.195312,-47.778278
2026-08-26T11:52:30.098-04:00,0.390625,-49.745056
2026-08-26T11:52:30.098-04:00,0.585938,-53.906231
2026-08-26T11:52:30.098-04:00,0.781250,-61.166004
2026-08-26T11:52:30.098-04:00,0.976562,-73.338531
2026-08-26T11:52:30.098-04:00,1.171875,-75.097641
2026-08-26T11:52:30.098-04:00,1.367188,-75.978149
2026-08-26T11:52:30.098-04:00,1.562500,-83.266838
2026-08-26T11:52:30.098-04:00,1.757812,-90.667496
2026-08-26T11:52:30.098-04:00,1.953125,-84.500900
2026-08-26T11:52:30.098-04:00,2.148438,-87.164062
2026-08-26T11:52:30.098-04:00,2.343750,-86.442093
2026-08-26T11:52:30.098-04:00,2.539062,-82.493446
2026-08-26T11:52:30.098-04:00,2.734375,-83.943466
2026-08-26T11:52:30.098-04:00,2.929688,-85.096817
2026-08-26T11:52:30.098-04:00,3.125000,-79.315254
2026-08-26T11:52:30.098-04:00,3.320312,-81.829460
2026-08-26T11:52:30.098-04:00,3.515625,-85.323868
2026-08-26T11:52:30.098-04:00,3.710938,-81.201843
2026-08-26T11:52:30.098-04:00,3.906250,-82.484711
2026-08-26T11:52:30.098-04:00,4.101562,-79.472557
2026-08-26T11:52:30.098-04:00,4.296875,-81.226578
2026-08-26T11:52:30.098-04:00,4.492188,-89.216095
2026-08-26T11:52:30.098-04:00,4.687500,-86.630447
2026-08-26T11:52:30.098-04:00,4.882812,-83.775818
2026-08-26T11:52:30.098-04:00,5.078125,-83.326912
2026-08-26T11:52:30.098-04:00,5.273438,-87.512505
2026-08-26T11:52:30.098-04:00,5.468750,-85.314499
2026-08-26T11:52:30.098-04:00,5.664062,-82.509262
2026-08-26T11:52:30.098-04:00,5.859375,-85.746033
2026-08-26T11:52:30.098-04:00,6.054688,-88.748840
2026-08-26T11:52:30.098-04:00,6.250000,-85.850670
2026-08-26T11:52:30.098-04:00,6.445312,-90.505074
2026-08-26T11:52:30.098-04:00,6.640625,-104.165909
2026-08-26T11:52:30.098-04:00,6.835938,-90.201538
2026-08-26T11:52:30.098-04:00,7.031250,-88.753624
2026-08-26T11:52:30.098-04:00,7.226562,-92.938873
2026-08-26T11:52:30.098-04:00,7.421875,-89.651184
2026-08-26T11:52:30.098-04:00,7.617188,-89.583984
2026-08-26T11:52:30.098-04:00,7.812500,-103.123482
2026-08-26T11:52:30.098-04:00,8.007812,-86.268967
2026-08-26T11:52:30.098-04:00,8.203125,-82.696365
2026-08-26T11:52:30.098-04:00,8.398438,-85.841003
2026-08-26T11:52:30.098-04:00,8.593750,-85.038666
2026-08-26T11:52:30.098-04:00,8.789062,-82.573997
2026-08-26T11:52:30.098-04:00,8.984375,-85.636337
2026-08-26T11:52:30.098-04:00,9.179688,-89.575119
2026-08-26T11:52:30.098-04:00,9.375000,-86.293175
2026-08-26T11:52:30.098-04:00,9.570312,-87.673958
2026-08-26T11:52:30.098-04:00,9.765625,-88.329575
2026-08-26T11:52:30.098-04:00,9.960938,-84.690140
2026-08-26T11:52:30.098-04:00,10.156250,-87.049118
2026-08-26T11:52:30.098-04:00,10.351562,-101.166374
2026-08-26T11:52:30.098-04:00,10.546875,-94.829208
2026-08-26T11:52:30.098-04:00,10.742188,-99.545784
2026-08-26T11:52:30.098-04:00,10.937500,-97.012550
2026-08-26T11:52:30.098-04:00,11.132812,-93.138733
2026-08-26T11:52:30.098-04:00,11.328125,-90.768806
2026-08-26T11:52:30.098-04:00,11.523438,-90.458344
2026-08-26T11:52:30.098-04:00,11.718750,-95.106575
2026-08-26T11:52:30.098-04:00,11.914062,-87.305611
2026-08-26T11:52:30.098-04:00,12.109375,-84.897522
2026-08-26T11:52:30.098-04:00,12.304688,-88.713493
2026-08-26T11:52:30.098-04:00,12.500000,-96.790405
2026-08-26T11:52:30.098-04:00,12.695312,-92.050629
2026-08-26T11:52:30.098-04:00,12.890625,-95.006104
2026-08-26T11:52:30.098-04:00,13.085938,-93.052788
2026-08-26T11:52:30.098-04:00,13.281250,-88.932404
2026-08-26T11:52:30.098-04:00,13.476562,-89.582901
2026-08-26T11:52:30.098-04:00,13.671875,-97.329468
2026-08-26T11:52:30.098-04:00,13.867188,-97.695236
2026-08-26T11:52:30.098-04:00,14.062500,-93.119858
2026-08-26T11:52:30.098-04:00,14.257812,-95.703575
2026-08-26T11:52:30.098-04:00,14.453125,-95.288383
2026-08-26T11:52:30.098-04:00,14.648438,-88.444275
2026-08-26T11:52:30.098-04:00,14.843750,-86.743149
2026-08-26T11:52:30.098-04:00,15.039062,-87.945015
2026-08-26T11:52:30.098-04:00,15.234375,-89.436234
2026-08-26T11:52:30.098-04:00,15.429688,-93.231964
2026-08-26T11:52:30.098-04:00,15.625000,-105.182922
2026-08-26T11:52:30.098-04:00,15.820312,-95.677536
2026-08-26T11:52:30.098-04:00,16.015625,-94.780128
2026-08-26T11:52:30.098-04:00,16.210938,-99.037437
2026-08-26T11:52:30.098-04:00,16.406250,-99.336250
2026-08-26T11:52:30.098-04:00,16.601562,-92.216675
2026-08-26T11:52:30.098-04:00,16.796875,-93.725731
2026-08-26T11:52:30.098-04:00,16.992188,-123.890579
2026-08-26T11:52:30.098-04:00,17.187500,-94.567398
2026-08-26T11:52:30.098-04:00,17.382812,-93.165451
2026-08-26T11:52:30.098-04:00,17.578125,-97.170685
2026-08-26T11:52:30.098-04:00,17.773438,-102.582306
2026-08-26T11:52:30.098-04:00,17.968750,-102.312653
2026-08-26T11:52:30.098-04:00,18.164062,-97.366119
2026-08-26T11:52:30.098-04:00,18.359375,-95.773285
2026-08-26T11:52:30.098-04:00,18.554688,-106.339882
2026-08-26T11:52:30.098-04:00,18.750000,-100.585068
2026-08-26T11:52:30.098-04:00,18.945312,-98.083633
2026-08-26T11:52:30.098-04:00,19.140625,-106.009895
2026-08-26T11:52:30.098-04:00,19.335938,-103.024712
2026-08-26T11:52:30.098-04:00,19.531250,-98.086899
2026-08-26T11:52:30.098-04:00,19.726562,-103.552361
2026-08-26T11:52:30.098-04:00,19.921875,-110.332191
2026-08-26T11:52:30.644-04:00,-19.921875,-98.453865
2026-08-26T11:52:30.644-04:00,-19.726562,-96.535789
2026-08-26T11:52:30.644-04:00,-19.531250,-94.029274
2026-08-26T11:52:30.644-04:00,-19.335938,-96.327606
2026-08-26T11:52:30.644-04:00,-19.140625,-98.010597
2026-08-26T11:52:30.644-04:00,-18.945312,-97.075897
2026-08-26T11:52:30.644-04:00,-18.750000,-98.071426
2026-08-26T11:52:30.644-04:00,-18.554688,-97.114853
2026-08-26T11:52:30.644-04:00,-18.359375,-94.078278
2026-08-26T11:52:30.644-04:00,-18.164062,-96.641754
2026-08-26T11:52:30.644-04:00,-17.968750,-103.760384
2026-08-26T11:52:30.644-04:00,-17.773438,-100.124100
2026-08-26T11:52:30.644-04:00,-17.578125,-94.922256
2026-08-26T11:52:30.644-04:00,-17.382812,-91.953209
2026-08-26T11:52:30.644-04:00,-17.187500,-92.172165
2026-08-26T11:52:30.644-04:00,-16.992188,-94.437317
2026-08-26T11:52:30.644-04:00,-16.796875,-91.935913
2026-08-26T11:52:30.644-04:00,-16.601562,-91.877930
2026-08-26T11:52:30.644-04:00,-16.406250,-97.687065
2026-08-26T11:52:30.644-04:00,-16.210938,-96.225464
2026-08-26T11:52:30.644-04:00,-16.015625,-91.732254
2026-08-26T11:52:30.644-04:00,-15.820312,-93.485229
2026-08-26T11:52:30.644-04:00,-15.625000,-98.633080
2026-08-26T11:52:30.644-04:00,-15.429688,-94.624802
2026-08-26T11:52:30.644-04:00,-15.234375,-97.174698
2026-08-26T11:52:30.644-04:00,-15.039062,-96.001938
2026-08-26T11:52:30.644-04:00,-14.843750,-91.487228
2026-08-26T11:52:30.644-04:00,-14.648438,-89.212578
2026-08-26T11:52:30.644-04:00,-14.453125,-95.881134
2026-08-26T11:52:30.644-04:00,-14.257812,-94.473038
2026-08-26T11:52:30.644-04:00,-14.062500,-90.036514
2026-08-26T11:52:30.644-04:00,-13.867188,-92.774498
2026-08-26T11:52:30.644-04:00,-13.671875,-93.206711
2026-08-26T11:52:30.644-04:00,-13.476562,-90.276566
2026-08-26T11:52:30.644-04:00,-13.281250,-88.678856
2026-08-26T11:52:30.644-04:00,-13.085938,-91.999115
2026-08-26T11:52:30.644-04:00,-12.890625,-94.162247
2026-08-26T11:52:30.644-04:00,-12.695312,-90.299904
2026-08-26T11:52:30.644-04:00,-12.500000,-96.705589
2026-08-26T11:52:30.644-04:00,-12.304688,-89.518005
2026-08-26T11:52:30.644-04:00,-12.109375,-87.008553
2026-08-26T11:52:30.644-04:00,-11.914062,-89.652641
2026-08-26T11:52:30.644-04:00,-11.718750,-98.525940
2026-08-26T11:52:30.644-04:00,-11.523438,-92.070801
2026-08-26T11:52:30.644-04:00,-11.328125,-94.681885
2026-08-26T11:52:30.644-04:00,-11.132812,-101.336174
2026-08-26T11:52:30.644-04:00,-10.937500,-97.293205
2026-08-26T11:52:30.644-04:00,-10.742188,-99.912598
2026-08-26T11:52:30.644-04:00,-10.546875,-97.107986
2026-08-26T11:52:30.644-04:00,-10.351562,-90.920166
2026-08-26T11:52:30.644-04:00,-10.156250,-84.511627
2026-08-26T11:52:30.644-04:00,-9.960938,-82.272522
2026-08-26T11:52:30.644-04:00,-9.765625,-83.953674
2026-08-26T11:52:30.644-04:00,-9.570312,-85.220261
2026-08-26T11:52:30.644-04:00,-9.375000,-85.752975
2026-08-26T11:52:30.644-04:00,-9.179688,-95.062248
2026-08-26T11:52:30.644-04:00,-8.984375,-88.518570
2026-08-26T11:52:30.644-04:00,-8.789062,-86.496651
2026-08-26T11:52:30.644-04:00,-8.593750,-90.374878
2026-08-26T11:52:30.644-04:00,-8.398438,-92.535736
2026-08-26T11:52:30.644-04:00,-8.203125,-83.852417
2026-08-26T11:52:30.644-04:00,-8.007812,-84.947624
2026-08-26T11:52:30.644-04:00,-7.812500,-90.700539
2026-08-26T11:52:30.644-04:00,-7.617188,-90.635178
2026-08-26T11:52:30.644-04:00,-7.421875,-87.849205
2026-08-26T11:52:30.644-04:00,-7.226562,-86.001480
2026-08-26T11:52:30.644-04:00,-7.031250,-86.534843
2026-08-26T11:52:30.644-04:00,-6.835938,-89.491646
2026-08-26T11:52:30.644-04:00,-6.640625,-91.108009
2026-08-26T11:52:30.644-04:00,-6.445312,-87.515747
2026-08-26T11:52:30.644-04:00,-6.250000,-85.220024
2026-08-26T11:52:30.644-04:00,-6.054688,-90.325691
2026-08-26T11:52:30.644-04:00,-5.859375,-86.368118
2026-08-26T11:52:30.644-04:00,-5.664062,-82.907455
2026-08-26T11:52:30.644-04:00,-5.468750,-87.745216
2026-08-26T11:52:30.644-04:00,-5.273438,-92.615982
2026-08-26T11:52:30.644-04:00,-5.078125,-82.266396
2026-08-26T11:52:30.644-04:00,-4.882812,-81.353760
2026-08-26T11:52:30.644-04:00,-4.687500,-86.324547
2026-08-26T11:52:30.644-04:00,-4.492188,-91.888725
2026-08-26T11:52:30.644-04:00,-4.296875,-81.961212
2026-08-26T11:52:30.644-04:00,-4.101562,-81.280762
2026-08-26T11:52:30.644-04:00,-3.906250,-95.832817
2026-08-26T11:52:30.644-04:00,-3.710938,-84.409019
2026-08-26T11:52:30.644-04:00,-3.515625,-85.915771
2026-08-26T11:52:30.644-04:00,-3.320312,-82.331627
2026-08-26T11:52:30.644-04:00,-3.125000,-78.381538
2026-08-26T11:52:30.644-04:00,-2.929688,-79.652740
2026-08-26T11:52:30.644-04:00,-2.734375,-80.817535
2026-08-26T11:52:30.644-04:00,-2.539062,-81.171028
2026-08-26T11:52:30.644-04:00,-2.343750,-86.242584
2026-08-26T11:52:30.644-04:00,-2.148438,-93.677437
2026-08-26T11:52:30.644-04:00,-1.953125,-84.628586
2026-08-26T11:52:30.644-04:00,-1.757812,-86.763527
2026-08-26T11:52:30.644-04:00,-1.562500,-81.810303
2026-08-26T11:52:30.644-04:00,-1.367188,-75.508759
2026-08-26T11:52:30.644-04:00,-1.171875,-72.696762
2026-08-26T11:52:30.644-04:00,-0.976562,-68.654778
2026-08-26T11:52:30.644-04:00,-0.781250,-62.681946
2026-08-26T11:52:30.644-04:00,-0.585938,-57.393402
2026-08-26T11:52:30.644-04:00,-0.390625,-54.162056
2026-08-26T11:52:30.644-04:00,-0.195312,-52.685471
2026-08-26T11:52:30.644-04:00,0.000000,-51.080421
2026-08-26T11:52:30.644-04:00,0.195312,-52.685471
2026-08-26T11:52:30.644-04:00,0.390625,-54.162056
2026-08-26T11:52:30.644-04:00,0.585938,-57.393402
2026-08-26T11:52:30.644-04:00,0.781250,-62.681946
2026-08-26T11:52:30.644-04:00,0.976562,-68.654778
2026-08-26T11:52:30.644-04:00,1.171875,-72.696762
2026-08-26T11:52:30.644-04:00,1.367188,-75.508759
2026-08-26T11:52:30.644-04:00,1.562500,-81.810303
2026-08-26T11:52:30.644-04:00,1.757812,-86.763527
2026-08-26T11:52:30.644-04:00,1.953125,-84.628586
2026-08-26T11:52:30.644-04:00,2.148438,-93.677437
2026-08-26T11:52:30.644-04:00,2.343750,-86.242584
2026-08-26T11:52:30.644-04:00,2.539062,-81.171028
2026-08-26T11:52:30.644-04:00,2.734375,-80.817535
2026-08-26T11:52:30.644-04:00,2.929688,-79.652740
2026-08-26T11:52:30.644-04:00,3.125000,-78.381538
2026-08-26T11:52:30.644-04:00,3.320312,-82.331627
2026-08-26T11:52:30.644-04:00,3.515625,-85.915771
2026-08-26T11:52:30.644-04:00,3.710938,-84.409019
2026-08-26T11:52:30.644-04:00,3.906250,-95.832817
2026-08-26T11:52:30.644-04:00,4.101562,-81.280762
2026-08-26T11:52:30.644-04:00,4.296875,-81.961212
2026-08-26T11:52:30.644-04:00,4.492188,-91.888725
2026-08-26T11:52:30.644-04:00,4.687500,-86.324547
2026-08-26T11:52:30.644-04:00,4.882812,-81.353760
2026-08-26T11:52:30.644-04:00,5.078125,-82.266396
2026-08-26T11:52:30.644-04:00,5.273438,-92.615982
2026-08-26T11:52:30.644-04:00,5.468750,-87.745216
2026-08-26T11:52:30.644-04:00,5.664062,-82.907455
2026-08-26T11:52:30.644-04:00,5.859375,-86.368118
2026-08-26T11:52:30.644-04:00,6.054688,-90.325691
2026-08-26T11:52:30.644-04:00,6.250000,-85.220024
2026-08-26T11:52:30.644-04:00,6.445312,-87.515747
2026-08-26T11:52:30.644-04:00,6.640625,-91.108009
2026-08-26T11:52:30.644-04:00,6.835938,-89.491646
2026-08-26T11:52:30.644-04:00,7.031250,-86.534843
2026-08-26T11:52:30.644-04:00,7.226562,-86.001480
2026-08-26T11:52:30.644-04:00,7.421875,-87.849205
2026-08-26T11:52:30.644-04:00,7.617188,-90.635178
2026-08-26T11:52:30.644-04:00,7.812500,-90.700539
2026-08-26T11:52:30.644-04:00,8.007812,-84.947624
2026-08-26T11:52:30.644-04:00,8.203125,-83.852417
2026-08-26T11:52:30.644-04:00,8.398438,-92.535736
2026-08-26T11:52:30.644-04:00,8.593750,-90.374878
2026-08-26T11:52:30.644-04:00,8.789062,-86.496651
2026-08-26T11:52:30.644-04:00,8.984375,-88.518570
2026-08-26T11:52:30.644-04:00,9.179688,-95.062248
2026-08-26T11:52:30.644-04:00,9.375000,-85.752975
2026-08-26T11:52:30.644-04:00,9.570312,-85.220261
2026-08-26T11:52:30.644-04:00,9.765625,-83.953674
2026-08-26T11:52:30.644-04:00,9.960938,-82.272522
2026-08-26T11:52:30.644-04:00,10.156250,-84.511627
2026-08-26T11:52:30.644-04:00,10.351562,-90.920166
2026-08-26T11:52:30.644-04:00,10.546875,-97.107986
2026-08-26T11:52:30.644-04:00,10.742188,-99.912598
2026-08-26T11:52:30.644-04:00,10.937500,-97.293205
2026-08-26T11:52:30.644-04:00,11.132812,-101.336174
2026-08-26T11:52:30.644-04:00,11.328125,-94.681885
2026-08-26T11:52:30.644-04:00,11.523438,-92.070801
2026-08-26T11:52:30.644-04:00,11.718750,-98.525940
2026-08-26T11:52:30.644-04:00,11.914062,-89.652641
2026-08-26T11:52:30.644-04:00,12.109375,-87.008553
2026-08-26T11:52:30.644-04:00,12.304688,-89.518005
2026-08-26T11:52:30.644-04:00,12.500000,-96.705589
2026-08-26T11:52:30.644-04:00,12.695312,-90.299904
2026-08-26T11:52:30.644-04:00,12.890625,-94.162247
2026-08-26T11:52:30.644-04:00,13.085938,-91.999115
2026-08-26T11:52:30.644-04:00,13.281250,-88.678856
2026-08-26T11:52:30.644-04:00,13.476562,-90.276566
2026-08-26T11:52:30.644-04:00,13.671875,-93.206711
2026-08-26T11:52:30.644-04:00,13.867188,-92.774498
2026-08-26T11:52:30.644-04:00,14.062500,-90.036514
2026-08-26T11:52:30.644-04:00,14.257812,-94.473038
2026-08-26T11:52:30.644-04:00,14.453125,-95.881134
2026-08-26T11:52:30.644-04:00,14.648438,-89.212578
2026-08-26T11:52:30.644-04:00,14.843750,-91.487228
2026-08-26T11:52:30.644-04:00,15.039062,-96.001938
2026-08-26T11:52:30.644-04:00,15.234375,-97.174698
2026-08-26T11:52:30.644-04:00,15.429688,-94.624802
2026-08-26T11:52:30.644-04:00,15.625000,-98.633080
2026-08-26T11:52:30.644-04:00,15.820312,-93.485229
2026-08-26T11:52:30.644-04:00,16.015625,-91.732254
2026-08-26T11:52:30.644-04:00,16.210938,-96.225464
2026-08-26T11:52:30.644-04:00,16.406250,-97.687065
2026-08-26T11:52:30.644-04:00,16.601562,-91.877930
2026-08-26T11:52:30.644-04:00,16.796875,-91.935913
2026-08-26T11:52:30.644-04:00,16.992188,-94.437317
2026-08-26T11:52:30.644-04:00,17.187500,-92.172165
2026-08-26T11:52:30.644-04:00,17.382812,-91.953209
2026-08-26T11:52:30.644-04:00,17.578125,-94.922256
2026-08-26T11:52:30.644-04:00,17.773438,-100.124100
2026-08-26T11:52:30.644-04:00,17.968750,-103.760384
2026-08-26T11:52:30.644-04:00,18.164062,-96.641754
2026-08-26T11:52:30.644-04:00,18.359375,-94.078278
2026-08-26T11:52:30.644-04:00,18.554688,-97.114853
2026-08-26T11:52:30.644-04:00,18.750000,-98.071426
2026-08-26T11:52:30.644-04:00,18.945312,-97.075897
2026-08-26T11:52:30.644-04:00,19.140625,-98.010597
2026-08-26T11:52:30.644-04:00,19.335938,-96.327606
2026-08-26T11:52:30.644-04:00,19.531250,-94.029274
2026-08-26T11:52:30.644-04:00,19.726562,-96.535789
2026-08-26T11:52:30.644-04:00,19.921875,-98.453865
2026-08-26T11:52:31.189-04:00,-19.921875,-95.366783
2026-08-26T11:52:31.189-04:00,-19.726562,-93.377350
2026-08-26T11:52:31.189-04:00,-19.531250,-91.061890
2026-08-26T11:52:31.189-04:00,-19.335938,-91.493187
2026-08-26T11:52:31.189-04:00,-19.140625,-93.907394
2026-08-26T11:52:31.189-04:00,-18.945312,-99.509644
2026-08-26T11:52:31.189-04:00,-18.750000,-99.643021
2026-08-26T11:52:31.189-04:00,-18.554688,-93.467850
2026-08-26T11:52:31.189-04:00,-18.359375,-92.229652
2026-08-26T11:52:31.189-04:00,-18.164062,-96.594528
2026-08-26T11:52:31.189-04:00,-17.968750,-113.009407
2026-08-26T11:52:31.189-04:00,-17.773438,-100.847275
2026-08-26T11:52:31.189-04:00,-17.578125,-95.993744
2026-08-26T11:52:31.189-04:00,-17.382812,-93.540710
2026-08-26T11:52:31.189-04:00,-17.187500,-91.678627
2026-08-26T11:52:31.189-04:00,-16.992188,-91.086342
2026-08-26T11:52:31.189-04:00,-16.796875,-91.681053
2026-08-26T11:52:31.189-04:00,-16.601562,-93.265419
2026-08-26T11:52:31.189-04:00,-16.406250,-92.815468
2026-08-26T11:52:31.189-04:00,-16.210938,-90.767838
2026-08-26T11:52:31.189-04:00,-16.015625,-89.814232
2026-08-26T11:52:31.189-04:00,-15.820312,-92.724152
2026-08-26T11:52:31.189-04:00,-15.625000,-93.925537
2026-08-26T11:52:31.189-04:00,-15.429688,-93.768379
2026-08-26T11:52:31.189-04:00,-15.234375,-103.236992
2026-08-26T11:52:31.189-04:00,-15.039062,-103.880127
2026-08-26T11:52:31.189-04:00,-14.843750,-97.380249
2026-08-26T11:52:31.189-04:00,-14.648438,-89.522354
2026-08-26T11:52:31.189-04:00,-14.453125,-89.726753
2026-08-26T11:52:31.189-04:00,-14.257812,-89.603104
2026-08-26T11:52:31.189-04:00,-14.062500,-88.021271
2026-08-26T11:52:31.189-04:00,-13.867188,-88.067734
2026-08-26T11:52:31.189-04:00,-13.671875,-89.546883
2026-08-26T11:52:31.189-04:00,-13.476562,-97.111671
2026-08-26T11:52:31.189-04:00,-13.281250,-89.939835
2026-08-26T11:52:31.189-04:00,-13.085938,-86.362289
2026-08-26T11:52:31.189-04:00,-12.890625,-86.265030
2026-08-26T11:52:31.189-04:00,-12.695312,-86.888962
2026-08-26T11:52:31.189-04:00,-12.500000,-89.106644
2026-08-26T11:52:31.189-04:00,-12.304688,-89.926712
2026-08-26T11:52:31.189-04:00,-12.109375,-91.302452
2026-08-26T11:52:31.189-04:00,-11.914062,-91.455147
2026-08-26T11:52:31.189-04:00,-11.718750,-93.027557
2026-08-26T11:52:31.189-04:00,-11.523438,-91.838943
2026-08-26T11:52:31.189-04:00,-11.328125,-91.625778
2026-08-26T11:52:31.189-04:00,-11.132812,-93.071350
2026-08-26T11:52:31.189-04:00,-10.937500,-91.607895
2026-08-26T11:52:31.189-04:00,-10.742188,-95.468376
2026-08-26T11:52:31.189-04:00,-10.546875,-105.946587
2026-08-26T11:52:31.189-04:00,-10.351562,-88.672333
2026-08-26T11:52:31.189-04:00,-10.156250,-82.937119
2026-08-26T11:52:31.189-04:00,-9.960938,-81.309784
2026-08-26T11:52:31.189-04:00,-9.765625,-84.673203
2026-08-26T11:52:31.189-04:00,-9.570312,-90.021523
2026-08-26T11:52:31.189-04:00,-9.375000,-84.672836
2026-08-26T11:52:31.189-04:00,-9.179688,-85.296234
2026-08-26T11:52:31.189-04:00,-8.984375,-87.982140
2026-08-26T11:52:31.189-04:00,-8.789062,-95.643066
2026-08-26T11:52:31.189-04:00,-8.593750,-89.060089
2026-08-26T11:52:31.189-04:00,-8.398438,-87.694138
2026-08-26T11:52:31.189-04:00,-8.203125,-85.402443
2026-08-26T11:52:31.189-04:00,-8.007812,-83.170853
2026-08-26T11:52:31.189-04:00,-7.812500,-84.812660
2026-08-26T11:52:31.189-04:00,-7.617188,-96.252838
2026-08-26T11:52:31.189-04:00,-7.421875,-86.817924
2026-08-26T11:52:31.189-04:00,-7.226562,-82.768776
2026-08-26T11:52:31.189-04:00,-7.031250,-86.574265
2026-08-26T11:52:31.189-04:00,-6.835938,-95.438774
2026-08-26T11:52:31.189-04:00,-6.640625,-89.840576
2026-08-26T11:52:31.189-04:00,-6.445312,-87.443527
2026-08-26T11:52:31.189-04:00,-6.250000,-85.447556
2026-08-26T11:52:31.189-04:00,-6.054688,-84.131271
2026-08-26T11:52:31.189-04:00,-5.859375,-82.409889
2026-08-26T11:52:31.189-04:00,-5.664062,-83.188690
2026-08-26T11:52:31.189-04:00,-5.468750,-89.752274
2026-08-26T11:52:31.189-04:00,-5.273438,-86.345673
2026-08-26T11:52:31.189-04:00,-5.078125,-80.538826
2026-08-26T11:52:31.189-04:00,-4.882812,-80.453979
2026-08-26T11:52:31.189-04:00,-4.687500,-85.960091
2026-08-26T11:52:31.189-04:00,-4.492188,-86.712730
2026-08-26T11:52:31.189-04:00,-4.296875,-82.037010
2026-08-26T11:52:31.189-04:00,-4.101562,-81.762772
2026-08-26T11:52:31.189-04:00,-3.906250,-83.943260
2026-08-26T11:52:31.189-04:00,-3.710938,-82.592087
2026-08-26T11:52:31.189-04:00,-3.515625,-81.812447
2026-08-26T11:52:31.189-04:00,-3.320312,-80.669785
2026-08-26T11:52:31.189-04:00,-3.125000,-78.274857
2026-08-26T11:52:31.189-04:00,-2.929688,-79.584190
2026-08-26T11:52:31.189-04:00,-2.734375,-84.045906
2026-08-26T11:52:31.189-04:00,-2.539062,-81.045654
2026-08-26T11:52:31.189-04:00,-2.343750,-82.514816
2026-08-26T11:52:31.189-04:00,-2.148438,-85.460693
2026-08-26T11:52:31.189-04:00,-1.953125,-83.478813
2026-08-26T11:52:31.189-04:00,-1.757812,-83.412437
2026-08-26T11:52:31.189-04:00,-1.562500,-81.055923
2026-08-26T11:52:31.189-04:00,-1.367188,-77.245506
2026-08-26T11:52:31.189-04:00,-1.171875,-74.486000
2026-08-26T11:52:31.189-04:00,-0.976562,-70.959076
2026-08-26T11:52:31.189-04:00,-0.781250,-67.954781
2026-08-26T11:52:31.189-04:00,-0.585938,-65.018219
2026-08-26T11:52:31.189-04:00,-0.390625,-60.592766
2026-08-26T11:52:31.189-04:00,-0.195312,-65.632835
2026-08-26T11:52:31.189-04:00,0.000000,-56.281158
2026-08-26T11:52:31.189-04:00,0.195312,-65.632835
2026-08-26T11:52:31.189-04:00,0.390625,-60.592766
2026-08-26T11:52:31.189-04:00,0.585938,-65.018219
2026-08-26T11:52:31.189-04:00,0.781250,-67.954781
2026-08-26T11:52:31.189-04:00,0.976562,-70.959076
2026-08-26T11:52:31.189-04:00,1.171875,-74.486000
2026-08-26T11:52:31.189-04:00,1.367188,-77.245506
2026-08-26T11:52:31.189-04:00,1.562500,-81.055923
2026-08-26T11:52:31.189-04:00,1.757812,-83.412437
2026-08-26T11:52:31.189-04:00,1.953125,-83.478813
2026-08-26T11:52:31.189-04:00,2.148438,-85.460693
2026-08-26T11:52:31.189-04:00,2.343750,-82.514816
2026-08-26T11:52:31.189-04:00,2.539062,-81.045654
2026-08-26T11:52:31.189-04:00,2.734375,-84.045906
2026-08-26T11:52:31.189-04:00,2.929688,-79.584190
2026-08-26T11:52:31.189-04:00,3.125000,-78.274857
2026-08-26T11:52:31.189-04:00,3.320312,-80.669785
2026-08-26T11:52:31.189-04:00,3.515625,-81.812447
2026-08-26T11:52:31.189-04:00,3.710938,-82.592087
2026-08-26T11:52:31.189-04:00,3.906250,-83.943260
2026-08-26T11:52:31.189-04:00,4.101562,-81.762772
2026-08-26T11:52:31.189-04:00,4.296875,-82.037010
2026-08-26T11:52:31.189-04:00,4.492188,-86.712730
2026-08-26T11:52:31.189-04:00,4.687500,-85.960091
2026-08-26T11:52:31.189-04:00,4.882812,-80.453979
2026-08-26T11:52:31.189-04:00,5.078125,-80.538826
2026-08-26T11:52:31.189-04:00,5.273438,-86.345673
2026-08-26T11:52:31.189-04:00,5.468750,-89.752274
2026-08-26T11:52:31.189-04:00,5.664062,-83.188690
2026-08-26T11:52:31.189-04:00,5.859375,-82.409889
2026-08-26T11:52:31.189-04:00,6.054688,-84.131271
2026-08-26T11:52:31.189-04:00,6.250000,-85.447556
2026-08-26T11:52:31.189-04:00,6.445312,-87.443527
2026-08-26T11:52:31.189-04:00,6.640625,-89.840576
2026-08-26T11:52:31.189-04:00,6.835938,-95.438774
2026-08-26T11:52:31.189-04:00,7.031250,-86.574265
2026-08-26T11:52:31.189-04:00,7.226562,-82.768776
2026-08-26T11:52:31.189-04:00,7.421875,-86.817924
2026-08-26T11:52:31.189-04:00,7.617188,-96.252838
2026-08-26T11:52:31.189-04:00,7.812500,-84.812660
2026-08-26T11:52:31.189-04:00,8.007812,-83.170853
2026-08-26T11:52:31.189-04:00,8.203125,-85.402443
2026-08-26T11:52:31.189-04:00,8.398438,-87.694138
2026-08-26T11:52:31.189-04:00,8.593750,-89.060089
2026-08-26T11:52:31.189-04:00,8.789062,-95.643066
2026-08-26T11:52:31.189-04:00,8.984375,-87.982140
2026-08-26T11:52:31.189-04:00,9.179688,-85.296234
2026-08-26T11:52:31.189-04:00,9.375000,-84.672836
2026-08-26T11:52:31.189-04:00,9.570312,-90.021523
2026-08-26T11:52:31.189-04:00,9.765625,-84.673203
2026-08-26T11:52:31.189-04:00,9.960938,-81.309784
2026-08-26T11:52:31.189-04:00,10.156250,-82.937119
2026-08-26T11:52:31.189-04:00,10.351562,-88.672333
2026-08-26T11:52:31.189-04:00,10.546875,-105.946587
2026-08-26T11:52:31.189-04:00,10.742188,-95.468376
2026-08-26T11:52:31.189-04:00,10.937500,-91.607895
2026-08-26T11:52:31.189-04:00,11.132812,-93.071350
2026-08-26T11:52:31.189-04:00,11.328125,-91.625778
2026-08-26T11:52:31.189-04:00,11.523438,-91.838943
2026-08-26T11:52:31.189-04:00,11.718750,-93.027557
2026-08-26T11:52:31.189-04:00,11.914062,-91.455147
2026-08-26T11:52:31.189-04:00,12.109375,-91.302452
2026-08-26T11:52:31.189-04:00,12.304688,-89.926712
2026-08-26T11:52:31.189-04:00,12.500000,-89.106644
2026-08-26T11:52:31.189-04:00,12.695312,-86.888962
2026-08-26T11:52:31.189-04:00,12.890625,-86.265030
2026-08-26T11:52:31.189-04:00,13.085938,-86.362289
2026-08-26T11:52:31.189-04:00,13.281250,-89.939835
2026-08-26T11:52:31.189-04:00,13.476562,-97.111671
2026-08-26T11:52:31.189-04:00,13.671875,-89.546883
2026-08-26T11:52:31.189-04:00,13.867188,-88.067734
2026-08-26T11:52:31.189-04:00,14.062500,-88.021271
2026-08-26T11:52:31.189-04:00,14.257812,-89.603104
2026-08-26T11:52:31.189-04:00,14.453125,-89.726753
2026-08-26T11:52:31.189-04:00,14.648438,-89.522354
2026-08-26T11:52:31.189-04:00,14.843750,-97.380249
2026-08-26T11:52:31.189-04:00,15.039062,-103.880127
2026-08-26T11:52:31.189-04:00,15.234375,-103.236992
2026-08-26T11:52:31.189-04:00,15.429688,-93.768379
2026-08-26T11:52:31.189-04:00,15.625000,-93.925537
2026-08-26T11:52:31.189-04:00,15.820312,-92.724152
2026-08-26T11:52:31.189-04:00,16.015625,-89.814232
2026-08-26T11:52:31.189-04:00,16.210938,-90.767838
2026-08-26T11:52:31.189-04:00,16.406250,-92.815468
2026-08-26T11:52:31.189-04:00,16.601562,-93.265419
2026-08-26T11:52:31.189-04:00,16.796875,-91.681053
2026-08-26T11:52:31.189-04:00,16.992188,-91.086342
2026-08-26T11:52:31.189-04:00,17.187500,-91.678627
2026-08-26T11:52:31.189-04:00,17.382812,-93.540710
2026-08-26T11:52:31.189-04:00,17.578125,-95.993744
2026-08-26T11:52:31.189-04:00,17.773438,-100.847275
2026-08-26T11:52:31.189-04:00,17.968750,-113.009407
2026-08-26T11:52:31.189-04:00,18.164062,-96.594528
2026-08-26T11:52:31.189-04:00,18.359375,-92.229652
2026-08-26T11:52:31.189-04:00,18.554688,-93.467850
2026-08-26T11:52:31.189-04:00,18.750000,-99.643021
2026-08-26T11:52:31.189-04:00,18.945312,-99.509644
2026-08-26T11:52:31.189-04:00,19.140625,-93.907394
2026-08-26T11:52:31.189-04:00,19.335938,-91.493187
2026-08-26T11:52:31.189-04:00,19.531250,-91.061890
2026-08-26T11:52:31.189-04:00,19.726562,-93.377350
2026-08-26T11:52:31.189-04:00,19.921875,-95.366783
2026-08-26T11:52:31.736-04:00,-19.921875,-101.510757
2026-08-26T11:52:31.736-04:00,-19.726562,-94.548477
2026-08-26T11:52:31.736-04:00,-19.531250,-90.414970
2026-08-26T11:52:31.736-04:00,-19.335938,-90.349136
2026-08-26T11:52:31.736-04:00,-19.140625,-93.306702
2026-08-26T11:52:31.736-04:00,-18.945312,-100.021400
2026-08-26T11:52:31.736-04:00,-18.750000,-99.784851
2026-08-26T11:52:31.736-04:00,-18.554688,-92.086342
2026-08-26T11:52:31.736-04:00,-18.359375,-91.239670
2026-08-26T11:52:31.736-04:00,-18.164062,-95.963554
2026-08-26T11:52:31.736-04:00,-17.968750,-103.326225
2026-08-26T11:52:31.736-04:00,-17.773438,-101.728302
2026-08-26T11:52:31.736-04:00,-17.578125,-100.484192
2026-08-26T11:52:31.736-04:00,-17.382812,-99.843437
2026-08-26T11:52:31.736-04:00,-17.187500,-94.663399
2026-08-26T11:52:31.736-04:00,-16.992188,-92.446808
2026-08-26T11:52:31.736-04:00,-16.796875,-94.442017
2026-08-26T11:52:31.736-04:00,-16.601562,-102.339211
2026-08-26T11:52:31.736-04:00,-16.406250,-93.671761
2026-08-26T11:52:31.736-04:00,-16.210938,-88.895378
2026-08-26T11:52:31.736-04:00,-16.015625,-88.966537
2026-08-26T11:52:31.736-04:00,-15.820312,-97.020149
2026-08-26T11:52:31.736-04:00,-15.625000,-95.743103
2026-08-26T11:52:31.736-04:00,-15.429688,-90.828331
2026-08-26T11:52:31.736-04:00,-15.234375,-92.644188
2026-08-26T11:52:31.736-04:00,-15.039062,-95.323143
2026-08-26T11:52:31.736-04:00,-14.843750,-93.154205
2026-08-26T11:52:31.736-04:00,-14.648438,-89.815437
2026-08-26T11:52:31.736-04:00,-14.453125,-89.112938
2026-08-26T11:52:31.736-04:00,-14.257812,-89.912193
2026-08-26T11:52:31.736-04:00,-14.062500,-89.229706
2026-08-26T11:52:31.736-04:00,-13.867188,-87.726151
2026-08-26T11:52:31.736-04:00,-13.671875,-88.143356
2026-08-26T11:52:31.736-04:00,-13.476562,-92.255898
2026-08-26T11:52:31.736-04:00,-13.281250,-87.557434
2026-08-26T11:52:31.736-04:00,-13.085938,-83.361481
2026-08-26T11:52:31.736-04:00,-12.890625,-83.214096
2026-08-26T11:52:31.736-04:00,-12.695312,-85.878525
2026-08-26T11:52:31.736-04:00,-12.500000,-90.382690
2026-08-26T11:52:31.736-04:00,-12.304688,-92.754028
2026-08-26T11:52:31.736-04:00,-12.109375,-106.144859
2026-08-26T11:52:31.736-04:00,-11.914062,-94.100311
2026-08-26T11:52:31.736-04:00,-11.718750,-97.146843
2026-08-26T11:52:31.736-04:00,-11.523438,-94.367584
2026-08-26T11:52:31.736-04:00,-11.328125,-87.936798
2026-08-26T11:52:31.736-04:00,-11.132812,-86.789368
2026-08-26T11:52:31.736-04:00,-10.937500,-87.456505
2026-08-26T11:52:31.736-04:00,-10.742188,-90.354935
2026-08-26T11:52:31.736-04:00,-10.546875,-92.016541
2026-08-26T11:52:31.736-04:00,-10.351562,-87.630531
2026-08-26T11:52:31.736-04:00,-10.156250,-83.941414
2026-08-26T11:52:31.736-04:00,-9.960938,-81.931305
2026-08-26T11:52:31.736-04:00,-9.765625,-84.750511
2026-08-26T11:52:31.736-04:00,-9.570312,-90.961006
2026-08-26T11:52:31.736-04:00,-9.375000,-83.179314
2026-08-26T11:52:31.736-04:00,-9.179688,-82.088181
2026-08-26T11:52:31.736-04:00,-8.984375,-85.740662
2026-08-26T11:52:31.736-04:00,-8.789062,-92.298065
2026-08-26T11:52:31.736-04:00,-8.593750,-87.168091
2026-08-26T11:52:31.736-04:00,-8.398438,-87.862053
2026-08-26T11:52:31.736-04:00,-8.203125,-93.525581
2026-08-26T11:52:31.736-04:00,-8.007812,-83.042084
2026-08-26T11:52:31.736-04:00,-7.812500,-81.051140
2026-08-26T11:52:31.736-04:00,-7.617188,-82.950134
2026-08-26T11:52:31.736-04:00,-7.421875,-81.088715
2026-08-26T11:52:31.736-04:00,-7.226562,-80.064865
2026-08-26T11:52:31.736-04:00,-7.031250,-85.251602
2026-08-26T11:52:31.736-04:00,-6.835938,-95.434654
2026-08-26T11:52:31.736-04:00,-6.640625,-91.912453
2026-08-26T11:52:31.736-04:00,-6.445312,-92.097763
2026-08-26T11:52:31.736-04:00,-6.250000,-89.516266
2026-08-26T11:52:31.736-04:00,-6.054688,-83.690262
2026-08-26T11:52:31.736-04:00,-5.859375,-81.188843
2026-08-26T11:52:31.736-04:00,-5.664062,-82.527069
2026-08-26T11:52:31.736-04:00,-5.468750,-92.609940
2026-08-26T11:52:31.736-04:00,-5.273438,-84.031662
2026-08-26T11:52:31.736-04:00,-5.078125,-79.014290
2026-08-26T11:52:31.736-04:00,-4.882812,-79.910805
2026-08-26T11:52:31.736-04:00,-4.687500,-89.551529
2026-08-26T11:52:31.736-04:00,-4.492188,-87.976212
2026-08-26T11:52:31.736-04:00,-4.296875,-82.661835
2026-08-26T11:52:31.736-04:00,-4.101562,-84.065521
2026-08-26T11:52:31.736-04:00,-3.906250,-85.166862
2026-08-26T11:52:31.736-04:00,-3.710938,-81.737183
2026-08-26T11:52:31.736-04:00,-3.515625,-82.432327
2026-08-26T11:52:31.736-04:00,-3.320312,-86.441643
2026-08-26T11:52:31.736-04:00,-3.125000,-79.289536
2026-08-26T11:52:31.736-04:00,-2.929688,-80.476219
2026-08-26T11:52:31.736-04:00,-2.734375,-94.667282
2026-08-26T11:52:31.736-04:00,-2.539062,-80.797958
2026-08-26T11:52:31.736-04:00,-2.343750,-78.697601
2026-08-26T11:52:31.736-04:00,-2.148438,-80.167877
2026-08-26T11:52:31.736-04:00,-1.953125,-84.507896
2026-08-26T11:52:31.736-04:00,-1.757812,-87.835625
2026-08-26T11:52:31.736-04:00,-1.562500,-84.776985
2026-08-26T11:52:31.736-04:00,-1.367188,-83.113983
2026-08-26T11:52:31.736-04:00,-1.171875,-79.126808
2026-08-26T11:52:31.736-04:00,-0.976562,-79.811493
2026-08-26T11:52:31.736-04:00,-0.781250,-71.226440
2026-08-26T11:52:31.736-04:00,-0.585938,-68.212761
2026-08-26T11:52:31.736-04:00,-0.390625,-60.793377
2026-08-26T11:52:31.736-04:00,-0.195312,-59.877808
2026-08-26T11:52:31.736-04:00,0.000000,-56.574371
2026-08-26T11:52:31.736-04:00,0.195312,-59.877808
2026-08-26T11:52:31.736-04:00,0.390625,-60.793377
2026-08-26T11:52:31.736-04:00,0.585938,-68.212761
2026-08-26T11:52:31.736-04:00,0.781250,-71.226440
2026-08-26T11:52:31.736-04:00,0.976562,-79.811493
2026-08-26T11:52:31.736-04:00,1.171875,-79.126808
2026-08-26T11:52:31.736-04:00,1.367188,-83.113983
2026-08-26T11:52:31.736-04:00,1.562500,-84.776985
2026-08-26T11:52:31.736-04:00,1.757812,-87.835625
2026-08-26T11:52:31.736-04:00,1.953125,-84.507896
2026-08-26T11:52:31.736-04:00,2.148438,-80.167877
2026-08-26T11:52:31.736-04:00,2.343750,-78.697601
2026-08-26T11:52:31.736-04:00,2.539062,-80.797958
2026-08-26T11:52:31.736-04:00,2.734375,-94.667282
2026-08-26T11:52:31.736-04:00,2.929688,-80.476219
2026-08-26T11:52:31.736-04:00,3.125000,-79.289536
2026-08-26T11:52:31.736-04:00,3.320312,-86.441643
2026-08-26T11:52:31.736-04:00,3.515625,-82.432327
2026-08-26T11:52:31.736-04:00,3.710938,-81.737183
2026-08-26T11:52:31.736-04:00,3.906250,-85.166862
2026-08-26T11:52:31.736-04:00,4.101562,-84.065521
2026-08-26T11:52:31.736-04:00,4.296875,-82.661835
2026-08-26T11:52:31.736-04:00,4.492188,-87.976212
2026-08-26T11:52:31.736-04:00,4.687500,-89.551529
2026-08-26T11:52:31.736-04:00,4.882812,-79.910805
2026-08-26T11:52:31.736-04:00,5.078125,-79.014290
2026-08-26T11:52:31.736-04:00,5.273438,-84.031662
2026-08-26T11:52:31.736-04:00,5.468750,-92.609940
2026-08-26T11:52:31.736-04:00,5.664062,-82.527069
2026-08-26T11:52:31.736-04:00,5.859375,-81.188843
2026-08-26T11:52:31.736-04:00,6.054688,-83.690262
2026-08-26T11:52:31.736-04:00,6.250000,-89.516266
2026-08-26T11:52:31.736-04:00,6.445312,-92.097763
2026-08-26T11:52:31.736-04:00,6.640625,-91.912453
2026-08-26T11:52:31.736-04:00,6.835938,-95.434654
2026-08-26T11:52:31.736-04:00,7.031250,-85.251602
2026-08-26T11:52:31.736-04:00,7.226562,-80.064865
2026-08-26T11:52:31.736-04:00,7.421875,-81.088715
2026-08-26T11:52:31.736-04:00,7.617188,-82.950134
2026-08-26T11:52:31.736-04:00,7.812500,-81.051140
2026-08-26T11:52:31.736-04:00,8.007812,-83.042084
2026-08-26T11:52:31.736-04:00,8.203125,-93.525581
2026-08-26T11:52:31.736-04:00,8.398438,-87.862053
2026-08-26T11:52:31.736-04:00,8.593750,-87.168091
2026-08-26T11:52:31.736-04:00,8.789062,-92.298065
2026-08-26T11:52:31.736-04:00,8.984375,-85.740662
2026-08-26T11:52:31.736-04:00,9.179688,-82.088181
2026-08-26T11:52:31.736-04:00,9.375000,-83.179314
2026-08-26T11:52:31.736-04:00,9.570312,-90.961006
2026-08-26T11:52:31.736-04:00,9.765625,-84.750511
2026-08-26T11:52:31.736-04:00,9.960938,-81.931305
2026-08-26T11:52:31.736-04:00,10.156250,-83.941414
2026-08-26T11:52:31.736-04:00,10.351562,-87.630531
2026-08-26T11:52:31.736-04:00,10.546875,-92.016541
2026-08-26T11:52:31.736-04:00,10.742188,-90.354935
2026-08-26T11:52:31.736-04:00,10.937500,-87.456505
2026-08-26T11:52:31.736-04:00,11.132812,-86.789368
2026-08-26T11:52:31.736-04:00,11.328125,-87.936798
2026-08-26T11:52:31.736-04:00,11.523438,-94.367584
2026-08-26T11:52:31.736-04:00,11.718750,-97.146843
2026-08-26T11:52:31.736-04:00,11.914062,-94.100311
2026-08-26T11:52:31.736-04:00,12.109375,-106.144859
2026-08-26T11:52:31.736-04:00,12.304688,-92.754028
2026-08-26T11:52:31.736-04:00,12.500000,-90.382690
2026-08-26T11:52:31.736-04:00,12.695312,-85.878525
2026-08-26T11:52:31.736-04:00,12.890625,-83.214096
2026-08-26T11:52:31.736-04:00,13.085938,-83.361481
2026-08-26T11:52:31.736-04:00,13.281250,-87.557434
2026-08-26T11:52:31.736-04:00,13.476562,-92.255898
2026-08-26T11:52:31.736-04:00,13.671875,-88.143356
2026-08-26T11:52:31.736-04:00,13.867188,-87.726151
2026-08-26T11:52:31.736-04:00,14.062500,-89.229706
2026-08-26T11:52:31.736-04:00,14.257812,-89.912193
2026-08-26T11:52:31.736-04:00,14.453125,-89.112938
2026-08-26T11:52:31.736-04:00,14.648438,-89.815437
2026-08-26T11:52:31.736-04:00,14.843750,-93.154205
2026-08-26T11:52:31.736-04:00,15.039062,-95.323143
2026-08-26T11:52:31.736-04:00,15.234375,-92.644188
2026-08-26T11:52:31.736-04:00,15.429688,-90.828331
2026-08-26T11:52:31.736-04:00,15.625000,-95.743103
2026-08-26T11:52:31.736-04:00,15.820312,-97.020149
2026-08-26T11:52:31.736-04:00,16.015625,-88.966537
2026-08-26T11:52:31.736-04:00,16.210938,-88.895378
2026-08-26T11:52:31.736-04:00,16.406250,-93.671761
2026-08-26T11:52:31.736-04:00,16.601562,-102.339211
2026-08-26T11:52:31.736-04:00,16.796875,-94.442017
2026-08-26T11:52:31.736-04:00,16.992188,-92.446808
2026-08-26T11:52:31.736-04:00,17.187500,-94.663399
2026-08-26T11:52:31.736-04:00,17.382812,-99.843437
2026-08-26T11:52:31.736-04:00,17.578125,-100.484192
2026-08-26T11:52:31.736-04:00,17.773438,-101.728302
2026-08-26T11:52:31.736-04:00,17.968750,-103.326225
2026-08-26T11:52:31.736-04:00,18.164062,-95.963554
2026-08-26T11:52:31.736-04:00,18.359375,-91.239670
2026-08-26T11:52:31.736-04:00,18.554688,-92.086342
2026-08-26T11:52:31.736-04:00,18.750000,-99.784851
2026-08-26T11:52:31.736-04:00,18.945312,-100.021400
2026-08-26T11:52:31.736-04:00,19.140625,-93.306702
2026-08-26T11:52:31.736-04:00,19.335938,-90.349136
2026-08-26T11:52:31.736-04:00,19.531250,-90.414970
2026-08-26T11:52:31.736-04:00,19.726562,-94.548477
2026-08-26T11:52:31.736-04:00,19.921875,-101.510757
2026-08-26T11:52:32.282-04:00,-19.921875,-105.232994
2026-08-26T11:52:32.282-04:00,-19.726562,-96.324707
2026-08-26T11:52:32.282-04:00,-19.531250,-91.904037
2026-08-26T11:52:32.282-04:00,-19.335938,-92.090820
2026-08-26T11:52:32.282-04:00,-19.140625,-95.657806
2026-08-26T11:52:32.282-04:00,-18.945312,-98.514641
2026-08-26T11:52:32.282-04:00,-18.750000,-95.753014
2026-08-26T11:52:32.282-04:00,-18.554688,-91.626602
2026-08-26T11:52:32.282-04:00,-18.359375,-91.213760
2026-08-26T11:52:32.282-04:00,-18.164062,-96.140091
2026-08-26T11:52:32.282-04:00,-17.968750,-115.852524
2026-08-26T11:52:32.282-04:00,-17.773438,-103.245132
2026-08-26T11:52:32.282-04:00,-17.578125,-107.436050
2026-08-26T11:52:32.282-04:00,-17.382812,-112.296143
2026-08-26T11:52:32.282-04:00,-17.187500,-100.016464
2026-08-26T11:52:32.282-04:00,-16.992188,-96.128479
2026-08-26T11:52:32.282-04:00,-16.796875,-98.296829
2026-08-26T11:52:32.282-04:00,-16.601562,-103.504028
2026-08-26T11:52:32.282-04:00,-16.406250,-94.704140
2026-08-26T11:52:32.282-04:00,-16.210938,-89.361694
2026-08-26T11:52:32.282-04:00,-16.015625,-88.676392
2026-08-26T11:52:32.282-04:00,-15.820312,-92.447021
2026-08-26T11:52:32.282-04:00,-15.625000,-91.835670
2026-08-26T11:52:32.282-04:00,-15.429688,-88.321854
2026-08-26T11:52:32.282-04:00,-15.234375,-88.726700
2026-08-26T11:52:32.282-04:00,-15.039062,-90.884308
2026-08-26T11:52:32.282-04:00,-14.843750,-92.737900
2026-08-26T11:52:32.282-04:00,-14.648438,-92.545479
2026-08-26T11:52:32.282-04:00,-14.453125,-92.001602
2026-08-26T11:52:32.282-04:00,-14.257812,-96.425819
2026-08-26T11:52:32.282-04:00,-14.062500,-95.110786
2026-08-26T11:52:32.282-04:00,-13.867188,-90.964386
2026-08-26T11:52:32.282-04:00,-13.671875,-89.081108
2026-08-26T11:52:32.282-04:00,-13.476562,-87.247269
2026-08-26T11:52:32.282-04:00,-13.281250,-84.604446
2026-08-26T11:52:32.282-04:00,-13.085938,-82.803833
2026-08-26T11:52:32.282-04:00,-12.890625,-83.400078
2026-08-26T11:52:32.282-04:00,-12.695312,-87.317520
2026-08-26T11:52:32.282-04:00,-12.500000,-102.143852
2026-08-26T11:52:32.282-04:00,-12.304688,-94.485626
2026-08-26T11:52:32.282-04:00,-12.109375,-94.829033
2026-08-26T11:52:32.282-04:00,-11.914062,-92.269905
2026-08-26T11:52:32.282-04:00,-11.718750,-94.035355
2026-08-26T11:52:32.282-04:00,-11.523438,-91.705940
2026-08-26T11:52:32.282-04:00,-11.328125,-86.006477
2026-08-26T11:52:32.282-04:00,-11.132812,-84.807732
2026-08-26T11:52:32.282-04:00,-10.937500,-86.452408
2026-08-26T11:52:32.282-04:00,-10.742188,-88.977432
2026-08-26T11:52:32.282-04:00,-10.546875,-89.785141
2026-08-26T11:52:32.282-04:00,-10.351562,-89.823570
2026-08-26T11:52:32.282-04:00,-10.156250,-89.240692
2026-08-26T11:52:32.282-04:00,-9.960938,-84.137436
2026-08-26T11:52:32.282-04:00,-9.765625,-83.115425
2026-08-26T11:52:32.282-04:00,-9.570312,-84.078842
2026-08-26T11:52:32.282-04:00,-9.375000,-82.425140
2026-08-26T11:52:32.282-04:00,-9.179688,-81.381157
2026-08-26T11:52:32.282-04:00,-8.984375,-83.476212
2026-08-26T11:52:32.282-04:00,-8.789062,-86.251518
2026-08-26T11:52:32.282-04:00,-8.593750,-85.828644
2026-08-26T11:52:32.282-04:00,-8.398438,-87.112549
2026-08-26T11:52:32.282-04:00,-8.203125,-90.352036
2026-08-26T11:52:32.282-04:00,-8.007812,-82.600060
2026-08-26T11:52:32.282-04:00,-7.812500,-79.449585
2026-08-26T11:52:32.282-04:00,-7.617188,-78.682419
2026-08-26T11:52:32.282-04:00,-7.421875,-77.923889
2026-08-26T11:52:32.282-04:00,-7.226562,-78.205269
2026-08-26T11:52:32.282-04:00,-7.031250,-81.798866
2026-08-26T11:52:32.282-04:00,-6.835938,-88.651230
2026-08-26T11:52:32.282-04:00,-6.640625,-99.956955
2026-08-26T11:52:32.282-04:00,-6.445312,-98.398582
2026-08-26T11:52:32.282-04:00,-6.250000,-96.681610
2026-08-26T11:52:32.282-04:00,-6.054688,-85.681847
2026-08-26T11:52:32.282-04:00,-5.859375,-82.850967
2026-08-26T11:52:32.282-04:00,-5.664062,-82.022049
2026-08-26T11:52:32.282-04:00,-5.468750,-82.688995
2026-08-26T11:52:32.282-04:00,-5.273438,-80.662621
2026-08-26T11:52:32.282-04:00,-5.078125,-78.985123
2026-08-26T11:52:32.282-04:00,-4.882812,-79.873901
2026-08-26T11:52:32.282-04:00,-4.687500,-83.063721
2026-08-26T11:52:32.282-04:00,-4.492188,-83.667343
2026-08-26T11:52:32.282-04:00,-4.296875,-84.525909
2026-08-26T11:52:32.282-04:00,-4.101562,-89.501083
2026-08-26T11:52:32.282-04:00,-3.906250,-99.453568
2026-08-26T11:52:32.282-04:00,-3.710938,-82.208374
2026-08-26T11:52:32.282-04:00,-3.515625,-81.417404
2026-08-26T11:52:32.282-04:00,-3.320312,-85.894684
2026-08-26T11:52:32.282-04:00,-3.125000,-79.280869
2026-08-26T11:52:32.282-04:00,-2.929688,-80.178177
2026-08-26T11:52:32.282-04:00,-2.734375,-82.145554
2026-08-26T11:52:32.282-04:00,-2.539062,-79.194153
2026-08-26T11:52:32.282-04:00,-2.343750,-77.735031
2026-08-26T11:52:32.282-04:00,-2.148438,-79.207794
2026-08-26T11:52:32.282-04:00,-1.953125,-83.415825
2026-08-26T11:52:32.282-04:00,-1.757812,-86.437592
2026-08-26T11:52:32.282-04:00,-1.562500,-82.593956
2026-08-26T11:52:32.282-04:00,-1.367188,-81.133644
2026-08-26T11:52:32.282-04:00,-1.171875,-76.682404
2026-08-26T11:52:32.282-04:00,-0.976562,-74.539986
2026-08-26T11:52:32.282-04:00,-0.781250,-67.974709
2026-08-26T11:52:32.282-04:00,-0.585938,-61.719261
2026-08-26T11:52:32.282-04:00,-0.390625,-57.002083
2026-08-26T11:52:32.282-04:00,-0.195312,-55.238358
2026-08-26T11:52:32.282-04:00,0.000000,-54.959091
2026-08-26T11:52:32.282-04:00,0.195312,-55.238358
2026-08-26T11:52:32.282-04:00,0.390625,-57.002083
2026-08-26T11:52:32.282-04:00,0.585938,-61.719261
2026-08-26T11:52:32.282-04:00,0.781250,-67.974709
2026-08-26T11:52:32.282-04:00,0.976562,-74.539986
2026-08-26T11:52:32.282-04:00,1.171875,-76.682404
2026-08-26T11:52:32.282-04:00,1.367188,-81.133644
2026-08-26T11:52:32.282-04:00,1.562500,-82.593956
2026-08-26T11:52:32.282-04:00,1.757812,-86.437592
2026-08-26T11:52:32.282-04:00,1.953125,-83.415825
2026-08-26T11:52:32.282-04:00,2.148438,-79.207794
2026-08-26T11:52:32.282-04:00,2.343750,-77.735031
2026-08-26T11:52:32.282-04:00,2.539062,-79.194153
2026-08-26T11:52:32.282-04:00,2.734375,-82.145554
2026-08-26T11:52:32.282-04:00,2.929688,-80.178177
2026-08-26T11:52:32.282-04:00,3.125000,-79.280869
2026-08-26T11:52:32.282-04:00,3.320312,-85.894684
2026-08-26T11:52:32.282-04:00,3.515625,-81.417404
2026-08-26T11:52:32.282-04:00,3.710938,-82.208374
2026-08-26T11:52:32.282-04:00,3.906250,-99.453568
2026-08-26T11:52:32.282-04:00,4.101562,-89.501083
2026-08-26T11:52:32.282-04:00,4.296875,-84.525909
2026-08-26T11:52:32.282-04:00,4.492188,-83.667343
2026-08-26T11:52:32.282-04:00,4.687500,-83.063721
2026-08-26T11:52:32.282-04:00,4.882812,-79.873901
2026-08-26T11:52:32.282-04:00,5.078125,-78.985123
2026-08-26T11:52:32.282-04:00,5.273438,-80.662621
2026-08-26T11:52:32.282-04:00,5.468750,-82.688995
2026-08-26T11:52:32.282-04:00,5.664062,-82.022049
2026-08-26T11:52:32.282-04:00,5.859375,-82.850967
2026-08-26T11:52:32.282-04:00,6.054688,-85.681847
2026-08-26T11:52:32.282-04:00,6.250000,-96.681610
2026-08-26T11:52:32.282-04:00,6.445312,-98.398582
2026-08-26T11:52:32.282-04:00,6.640625,-99.956955
2026-08-26T11:52:32.282-04:00,6.835938,-88.651230
2026-08-26T11:52:32.282-04:00,7.031250,-81.798866
2026-08-26T11:52:32.282-04:00,7.226562,-78.205269
2026-08-26T11:52:32.282-04:00,7.421875,-77.923889
2026-08-26T11:52:32.282-04:00,7.617188,-78.682419
2026-08-26T11:52:32.282-04:00,7.812500,-79.449585
2026-08-26T11:52:32.282-04:00,8.007812,-82.600060
2026-08-26T11:52:32.282-04:00,8.203125,-90.352036
2026-08-26T11:52:32.282-04:00,8.398438,-87.112549
2026-08-26T11:52:32.282-04:00,8.593750,-85.828644
2026-08-26T11:52:32.282-04:00,8.789062,-86.251518
2026-08-26T11:52:32.282-04:00,8.984375,-83.476212
2026-08-26T11:52:32.282-04:00,9.179688,-81.381157
2026-08-26T11:52:32.282-04:00,9.375000,-82.425140
2026-08-26T11:52:32.282-04:00,9.570312,-84.078842
2026-08-26T11:52:32.282-04:00,9.765625,-83.115425
2026-08-26T11:52:32.282-04:00,9.960938,-84.137436
2026-08-26T11:52:32.282-04:00,10.156250,-89.240692
2026-08-26T11:52:32.282-04:00,10.351562,-89.823570
2026-08-26T11:52:32.282-04:00,10.546875,-89.785141
2026-08-26T11:52:32.282-04:00,10.742188,-88.977432
2026-08-26T11:52:32.282-04:00,10.937500,-86.452408
2026-08-26T11:52:32.282-04:00,11.132812,-84.807732
2026-08-26T11:52:32.282-04:00,11.328125,-86.006477
2026-08-26T11:52:32.282-04:00,11.523438,-91.705940
2026-08-26T11:52:32.282-04:00,11.718750,-94.035355
2026-08-26T11:52:32.282-04:00,11.914062,-92.269905
2026-08-26T11:52:32.282-04:00,12.109375,-94.829033
2026-08-26T11:52:32.282-04:00,12.304688,-94.485626
2026-08-26T11:52:32.282-04:00,12.500000,-102.143852
2026-08-26T11:52:32.282-04:00,12.695312,-87.317520
2026-08-26T11:52:32.282-04:00,12.890625,-83.400078
2026-08-26T11:52:32.282-04:00,13.085938,-82.803833
2026-08-26T11:52:32.282-04:00,13.281250,-84.604446
2026-08-26T11:52:32.282-04:00,13.476562,-87.247269
2026-08-26T11:52:32.282-04:00,13.671875,-89.081108
2026-08-26T11:52:32.282-04:00,13.867188,-90.964386
2026-08-26T11:52:32.282-04:00,14.062500,-95.110786
2026-08-26T11:52:32.282-04:00,14.257812,-96.425819
2026-08-26T11:52:32.282-04:00,14.453125,-92.001602
2026-08-26T11:52:32.282-04:00,14.648438,-92.545479
2026-08-26T11:52:32.282-04:00,14.843750,-92.737900
2026-08-26T11:52:32.282-04:00,15.039062,-90.884308
2026-08-26T11:52:32.282-04:00,15.234375,-88.726700
2026-08-26T11:52:32.282-04:00,15.429688,-88.321854
2026-08-26T11:52:32.282-04:00,15.625000,-91.835670
2026-08-26T11:52:32.282-04:00,15.820312,-92.447021
2026-08-26T11:52:32.282-04:00,16.015625,-88.676392
2026-08-26T11:52:32.282-04:00,16.210938,-89.361694
2026-08-26T11:52:32.282-04:00,16.406250,-94.704140
2026-08-26T11:52:32.282-04:00,16.601562,-103.504028
2026-08-26T11:52:32.282-04:00,16.796875,-98.296829
2026-08-26T11:52:32.282-04:00,16.992188,-96.128479
2026-08-26T11:52:32.282-04:00,17.187500,-100.016464
2026-08-26T11:52:32.282-04:00,17.382812,-112.296143
2026-08-26T11:52:32.282-04:00,17.578125,-107.436050
2026-08-26T11:52:32.282-04:00,17.773438,-103.245132
2026-08-26T11:52:32.282-04:00,17.968750,-115.852524
2026-08-26T11:52:32.282-04:00,18.164062,-96.140091
2026-08-26T11:52:32.282-04:00,18.359375,-91.213760
2026-08-26T11:52:32.282-04:00,18.554688,-91.626602
2026-08-26T11:52:32.282-04:00,18.750000,-95.753014
2026-08-26T11:52:32.282-04:00,18.945312,-98.514641
2026-08-26T11:52:32.282-04:00,19.140625,-95.657806
2026-08-26T11:52:32.282-04:00,19.335938,-92.090820
2026-08-26T11:52:32.282-04:00,19.531250,-91.904037
2026-08-26T11:52:32.282-04:00,19.726562,-96.324707
2026-08-26T11:52:32.282-04:00,19.921875,-105.232994
2026-08-26T11:52:32.828-04:00,-19.921875,-100.150940
2026-08-26T11:52:32.828-04:00,-19.726562,-97.962814
2026-08-26T11:52:32.828-04:00,-19.531250,-95.276909
2026-08-26T11:52:32.828-04:00,-19.335938,-96.245354
2026-08-26T11:52:32.828-04:00,-19.140625,-101.927841
2026-08-26T11:52:32.828-04:00,-18.945312,-105.652580
2026-08-26T11:52:32.828-04:00,-18.750000,-96.778725
2026-08-26T11:52:32.828-04:00,-18.554688,-92.988724
2026-08-26T11:52:32.828-04:00,-18.359375,-92.576332
2026-08-26T11:52:32.828-04:00,-18.164062,-95.651581
2026-08-26T11:52:32.828-04:00,-17.968750,-101.736671
2026-08-26T11:52:32.828-04:00,-17.773438,-101.454475
2026-08-26T11:52:32.828-04:00,-17.578125,-105.193016
2026-08-26T11:52:32.828-04:00,-17.382812,-119.280022
2026-08-26T11:52:32.828-04:00,-17.187500,-103.695526
2026-08-26T11:52:32.828-04:00,-16.992188,-99.841011
2026-08-26T11:52:32.828-04:00,-16.796875,-106.469116
2026-08-26T11:52:32.828-04:00,-16.601562,-99.944618
2026-08-26T11:52:32.828-04:00,-16.406250,-95.001389
2026-08-26T11:52:32.828-04:00,-16.210938,-92.085556
2026-08-26T11:52:32.828-04:00,-16.015625,-90.011894
2026-08-26T11:52:32.828-04:00,-15.820312,-89.713066
2026-08-26T11:52:32.828-04:00,-15.625000,-89.046265
2026-08-26T11:52:32.828-04:00,-15.429688,-87.790527
2026-08-26T11:52:32.828-04:00,-15.234375,-88.393906
2026-08-26T11:52:32.828-04:00,-15.039062,-91.381378
2026-08-26T11:52:32.828-04:00,-14.843750,-98.036621
2026-08-26T11:52:32.828-04:00,-14.648438,-100.296257
2026-08-26T11:52:32.828-04:00,-14.453125,-95.899719
2026-08-26T11:52:32.828-04:00,-14.257812,-103.045967
2026-08-26T11:52:32.828-04:00,-14.062500,-101.308968
2026-08-26T11:52:32.828-04:00,-13.867188,-97.425064
2026-08-26T11:52:32.828-04:00,-13.671875,-94.776291
2026-08-26T11:52:32.828-04:00,-13.476562,-88.076096
2026-08-26T11:52:32.828-04:00,-13.281250,-85.205032
2026-08-26T11:52:32.828-04:00,-13.085938,-85.315407
2026-08-26T11:52:32.828-04:00,-12.890625,-86.625397
2026-08-26T11:52:32.828-04:00,-12.695312,-88.851151
2026-08-26T11:52:32.828-04:00,-12.500000,-94.067604
2026-08-26T11:52:32.828-04:00,-12.304688,-92.309029
2026-08-26T11:52:32.828-04:00,-12.109375,-89.967621
2026-08-26T11:52:32.828-04:00,-11.914062,-89.520081
2026-08-26T11:52:32.828-04:00,-11.718750,-90.129761
2026-08-26T11:52:32.828-04:00,-11.523438,-88.747543
2026-08-26T11:52:32.828-04:00,-11.328125,-85.829613
2026-08-26T11:52:32.828-04:00,-11.132812,-85.703827
2026-08-26T11:52:32.828-04:00,-10.937500,-89.347931
2026-08-26T11:52:32.828-04:00,-10.742188,-93.375320
2026-08-26T11:52:32.828-04:00,-10.546875,-93.323601
2026-08-26T11:52:32.828-04:00,-10.351562,-95.013931
2026-08-26T11:52:32.828-04:00,-10.156250,-104.470047
2026-08-26T11:52:32.828-04:00,-9.960938,-87.120712
2026-08-26T11:52:32.828-04:00,-9.765625,-83.770874
2026-08-26T11:52:32.828-04:00,-9.570312,-85.615326
2026-08-26T11:52:32.828-04:00,-9.375000,-85.518570
2026-08-26T11:52:32.828-04:00,-9.179688,-82.670357
2026-08-26T11:52:32.828-04:00,-8.984375,-84.494621
2026-08-26T11:52:32.828-04:00,-8.789062,-89.262268
2026-08-26T11:52:32.828-04:00,-8.593750,-87.325356
2026-08-26T11:52:32.828-04:00,-8.398438,-86.031677
2026-08-26T11:52:32.828-04:00,-8.203125,-85.451775
2026-08-26T11:52:32.828-04:00,-8.007812,-82.994125
2026-08-26T11:52:32.828-04:00,-7.812500,-80.868668
2026-08-26T11:52:32.828-04:00,-7.617188,-79.623428
2026-08-26T11:52:32.828-04:00,-7.421875,-78.801460
2026-08-26T11:52:32.828-04:00,-7.226562,-78.565102
2026-08-26T11:52:32.828-04:00,-7.031250,-80.209900
2026-08-26T11:52:32.828-04:00,-6.835938,-85.534775
2026-08-26T11:52:32.828-04:00,-6.640625,-95.407097
2026-08-26T11:52:32.828-04:00,-6.445312,-94.241325
2026-08-26T11:52:32.828-04:00,-6.250000,-91.343040
2026-08-26T11:52:32.828-04:00,-6.054688,-88.268417
2026-08-26T11:52:32.828-04:00,-5.859375,-88.923347
2026-08-26T11:52:32.828-04:00,-5.664062,-84.303192
2026-08-26T11:52:32.828-04:00,-5.468750,-81.316490
2026-08-26T11:52:32.828-04:00,-5.273438,-80.500145
2026-08-26T11:52:32.828-04:00,-5.078125,-81.742889
2026-08-26T11:52:32.828-04:00,-4.882812,-83.193810
2026-08-26T11:52:32.828-04:00,-4.687500,-80.970490
2026-08-26T11:52:32.828-04:00,-4.492188,-80.961159
2026-08-26T11:52:32.828-04:00,-4.296875,-86.920631
2026-08-26T11:52:32.828-04:00,-4.101562,-97.641533
2026-08-26T11:52:32.828-04:00,-3.906250,-88.341866
2026-08-26T11:52:32.828-04:00,-3.710938,-80.789574
2026-08-26T11:52:32.828-04:00,-3.515625,-77.966240
2026-08-26T11:52:32.828-04:00,-3.320312,-77.896774
2026-08-26T11:52:32.828-04:00,-3.125000,-78.519394
2026-08-26T11:52:32.828-04:00,-2.929688,-83.207947
2026-08-26T11:52:32.828-04:00,-2.734375,-83.460854
2026-08-26T11:52:32.828-04:00,-2.539062,-79.351799
2026-08-26T11:52:32.828-04:00,-2.343750,-79.276062
2026-08-26T11:52:32.828-04:00,-2.148438,-82.728004
2026-08-26T11:52:32.828-04:00,-1.953125,-81.214973
2026-08-26T11:52:32.828-04:00,-1.757812,-78.510124
2026-08-26T11:52:32.828-04:00,-1.562500,-75.855797
2026-08-26T11:52:32.828-04:00,-1.367188,-73.555748
2026-08-26T11:52:32.828-04:00,-1.171875,-72.027489
2026-08-26T11:52:32.828-04:00,-0.976562,-72.487762
2026-08-26T11:52:32.828-04:00,-0.781250,-68.139694
2026-08-26T11:52:32.828-04:00,-0.585938,-59.362354
2026-08-26T11:52:32.828-04:00,-0.390625,-54.607613
2026-08-26T11:52:32.828-04:00,-0.195312,-54.716797
2026-08-26T11:52:32.828-04:00,0.000000,-58.204132
2026-08-26T11:52:32.828-04:00,0.195312,-54.716797
2026-08-26T11:52:32.828-04:00,0.390625,-54.607613
2026-08-26T11:52:32.828-04:00,0.585938,-59.362354
2026-08-26T11:52:32.828-04:00,0.781250,-68.139694
2026-08-26T11:52:32.828-04:00,0.976562,-72.487762
2026-08-26T11:52:32.828-04:00,1.171875,-72.027489
2026-08-26T11:52:32.828-04:00,1.367188,-73.555748
2026-08-26T11:52:32.828-04:00,1.562500,-75.855797
2026-08-26T11:52:32.828-04:00,1.757812,-78.510124
2026-08-26T11:52:32.828-04:00,1.953125,-81.214973
2026-08-26T11:52:32.828-04:00,2.148438,-82.728004
2026-08-26T11:52:32.828-04:00,2.343750,-79.276062
2026-08-26T11:52:32.828-04:00,2.539062,-79.351799
2026-08-26T11:52:32.828-04:00,2.734375,-83.460854
2026-08-26T11:52:32.828-04:00,2.929688,-83.207947
2026-08-26T11:52:32.828-04:00,3.125000,-78.519394
2026-08-26T11:52:32.828-04:00,3.320312,-77.896774
2026-08-26T11:52:32.828-04:00,3.515625,-77.966240
2026-08-26T11:52:32.828-04:00,3.710938,-80.789574
2026-08-26T11:52:32.828-04:00,3.906250,-88.341866
2026-08-26T11:52:32.828-04:00,4.101562,-97.641533
2026-08-26T11:52:32.828-04:00,4.296875,-86.920631
2026-08-26T11:52:32.828-04:00,4.492188,-80.961159
2026-08-26T11:52:32.828-04:00,4.687500,-80.970490
2026-08-26T11:52:32.828-04:00,4.882812,-83.193810
2026-08-26T11:52:32.828-04:00,5.078125,-81.742889
2026-08-26T11:52:32.828-04:00,5.273438,-80.500145
2026-08-26T11:52:32.828-04:00,5.468750,-81.316490
2026-08-26T11:52:32.828-04:00,5.664062,-84.303192
2026-08-26T11:52:32.828-04:00,5.859375,-88.923347
2026-08-26T11:52:32.828-04:00,6.054688,-88.268417
2026-08-26T11:52:32.828-04:00,6.250000,-91.343040
2026-08-26T11:52:32.828-04:00,6.445312,-94.241325
2026-08-26T11:52:32.828-04:00,6.640625,-95.407097
2026-08-26T11:52:32.828-04:00,6.835938,-85.534775
2026-08-26T11:52:32.828-04:00,7.031250,-80.209900
2026-08-26T11:52:32.828-04:00,7.226562,-78.565102
2026-08-26T11:52:32.828-04:00,7.421875,-78.801460
2026-08-26T11:52:32.828-04:00,7.617188,-79.623428
2026-08-26T11:52:32.828-04:00,7.812500,-80.868668
2026-08-26T11:52:32.828-04:00,8.007812,-82.994125
2026-08-26T11:52:32.828-04:00,8.203125,-85.451775
2026-08-26T11:52:32.828-04:00,8.398438,-86.031677
2026-08-26T11:52:32.828-04:00,8.593750,-87.325356
2026-08-26T11:52:32.828-04:00,8.789062,-89.262268
2026-08-26T11:52:32.828-04:00,8.984375,-84.494621
2026-08-26T11:52:32.828-04:00,9.179688,-82.670357
2026-08-26T11:52:32.828-04:00,9.375000,-85.518570
2026-08-26T11:52:32.828-04:00,9.570312,-85.615326
2026-08-26T11:52:32.828-04:00,9.765625,-83.770874
2026-08-26T11:52:32.828-04:00,9.960938,-87.120712
2026-08-26T11:52:32.828-04:00,10.156250,-104.470047
2026-08-26T11:52:32.828-04:00,10.351562,-95.013931
2026-08-26T11:52:32.828-04:00,10.546875,-93.323601
2026-08-26T11:52:32.828-04:00,10.742188,-93.375320
2026-08-26T11:52:32.828-04:00,10.937500,-89.347931
2026-08-26T11:52:32.828-04:00,11.132812,-85.703827
2026-08-26T11:52:32.828-04:00,11.328125,-85.829613
2026-08-26T11:52:32.828-04:00,11.523438,-88.747543
2026-08-26T11:52:32.828-04:00,11.718750,-90.129761
2026-08-26T11:52:32.828-04:00,11.914062,-89.520081
2026-08-26T11:52:32.828-04:00,12.109375,-89.967621
2026-08-26T11:52:32.828-04:00,12.304688,-92.309029
2026-08-26T11:52:32.828-04:00,12.500000,-94.067604
2026-08-26T11:52:32.828-04:00,12.695312,-88.851151
2026-08-26T11:52:32.828-04:00,12.890625,-86.625397
2026-08-26T11:52:32.828-04:00,13.085938,-85.315407
2026-08-26T11:52:32.828-04:00,13.281250,-85.205032
2026-08-26T11:52:32.828-04:00,13.476562,-88.076096
2026-08-26T11:52:32.828-04:00,13.671875,-94.776291
2026-08-26T11:52:32.828-04:00,13.867188,-97.425064
2026-08-26T11:52:32.828-04:00,14.062500,-101.308968
2026-08-26T11:52:32.828-04:00,14.257812,-103.045967
2026-08-26T11:52:32.828-04:00,14.453125,-95.899719
2026-08-26T11:52:32.828-04:00,14.648438,-100.296257
2026-08-26T11:52:32.828-04:00,14.843750,-98.036621
2026-08-26T11:52:32.828-04:00,15.039062,-91.381378
2026-08-26T11:52:32.828-04:00,15.234375,-88.393906
2026-08-26T11:52:32.828-04:00,15.429688,-87.790527
2026-08-26T11:52:32.828-04:00,15.625000,-89.046265
2026-08-26T11:52:32.828-04:00,15.820312,-89.713066
2026-08-26T11:52:32.828-04:00,16.015625,-90.011894
2026-08-26T11:52:32.828-04:00,16.210938,-92.085556
2026-08-26T11:52:32.828-04:00,16.406250,-95.001389
2026-08-26T11:52:32.828-04:00,16.601562,-99.944618
2026-08-26T11:52:32.828-04:00,16.796875,-106.469116
2026-08-26T11:52:32.828-04:00,16.992188,-99.841011
2026-08-26T11:52:32.828-04:00,17.187500,-103.695526
2026-08-26T11:52:32.828-04:00,17.382812,-119.280022
2026-08-26T11:52:32.828-04:00,17.578125,-105.193016
2026-08-26T11:52:32.828-04:00,17.773438,-101.454475
2026-08-26T11:52:32.828-04:00,17.968750,-101.736671
2026-08-26T11:52:32.828-04:00,18.164062,-95.651581
2026-08-26T11:52:32.828-04:00,18.359375,-92.576332
2026-08-26T11:52:32.828-04:00,18.554688,-92.988724
2026-08-26T11:52:32.828-04:00,18.750000,-96.778725
2026-08-26T11:52:32.828-04:00,18.945312,-105.652580
2026-08-26T11:52:32.828-04:00,19.140625,-101.927841
2026-08-26T11:52:32.828-04:00,19.335938,-96.245354
2026-08-26T11:52:32.828-04:00,19.531250,-95.276909
2026-08-26T11:52:32.828-04:00,19.726562,-97.962814
2026-08-26T11:52:32.828-04:00,19.921875,-100.150940
2026-08-26T11:52:33.374-04:00,-19.921875,-107.204292
2026-08-26T11:52:33.374-04:00,-19.726562,-103.225006
2026-08-26T11:52:33.374-04:00,-19.531250,-100.644943
2026-08-26T11:52:33.374-04:00,-19.335938,-102.606400
2026-08-26T11:52:33.374-04:00,-19.140625,-106.634766
2026-08-26T11:52:33.374-04:00,-18.945312,-108.516045
2026-08-26T11:52:33.374-04:00,-18.750000,-100.263222
2026-08-26T11:52:33.374-04:00,-18.554688,-96.866447
2026-08-26T11:52:33.374-04:00,-18.359375,-96.506180
2026-08-26T11:52:33.374-04:00,-18.164062,-96.868355
2026-08-26T11:52:33.374-04:00,-17.968750,-97.989815
2026-08-26T11:52:33.374-04:00,-17.773438,-99.286072
2026-08-26T11:52:33.374-04:00,-17.578125,-101.501938
2026-08-26T11:52:33.374-04:00,-17.382812,-105.060638
2026-08-26T11:52:33.374-04:00,-17.187500,-101.587524
2026-08-26T11:52:33.374-04:00,-16.992188,-100.732765
2026-08-26T11:52:33.374-04:00,-16.796875,-106.318985
2026-08-26T11:52:33.374-04:00,-16.601562,-99.577850
2026-08-26T11:52:33.374-04:00,-16.406250,-98.371620
2026-08-26T11:52:33.374-04:00,-16.210938,-99.610657
2026-08-26T11:52:33.374-04:00,-16.015625,-94.036545
2026-08-26T11:52:33.374-04:00,-15.820312,-92.382622
2026-08-26T11:52:33.374-04:00,-15.625000,-91.582779
2026-08-26T11:52:33.374-04:00,-15.429688,-90.270493
2026-08-26T11:52:33.374-04:00,-15.234375,-91.251968
2026-08-26T11:52:33.374-04:00,-15.039062,-95.380318
2026-08-26T11:52:33.374-04:00,-14.843750,-100.654556
2026-08-26T11:52:33.374-04:00,-14.648438,-101.325317
2026-08-26T11:52:33.374-04:00,-14.453125,-97.808067
2026-08-26T11:52:33.374-04:00,-14.257812,-101.038742
2026-08-26T11:52:33.374-04:00,-14.062500,-103.561157
2026-08-26T11:52:33.374-04:00,-13.867188,-104.522827
2026-08-26T11:52:33.374-04:00,-13.671875,-103.385559
2026-08-26T11:52:33.374-04:00,-13.476562,-90.981255
2026-08-26T11:52:33.374-04:00,-13.281250,-88.822792
2026-08-26T11:52:33.374-04:00,-13.085938,-91.841270
2026-08-26T11:52:33.374-04:00,-12.890625,-94.666832
2026-08-26T11:52:33.374-04:00,-12.695312,-92.040878
2026-08-26T11:52:33.374-04:00,-12.500000,-91.726234
2026-08-26T11:52:33.374-04:00,-12.304688,-91.253601
2026-08-26T11:52:33.374-04:00,-12.109375,-89.748466
2026-08-26T11:52:33.374-04:00,-11.914062,-89.784966
2026-08-26T11:52:33.374-04:00,-11.718750,-92.274338
2026-08-26T11:52:33.374-04:00,-11.523438,-91.973732
2026-08-26T11:52:33.374-04:00,-11.328125,-87.995956
2026-08-26T11:52:33.374-04:00,-11.132812,-88.478249
2026-08-26T11:52:33.374-04:00,-10.937500,-96.567078
2026-08-26T11:52:33.374-04:00,-10.742188,-106.091034
2026-08-26T11:52:33.374-04:00,-10.546875,-101.474846
2026-08-26T11:52:33.374-04:00,-10.351562,-97.589119
2026-08-26T11:52:33.374-04:00,-10.156250,-96.420715
2026-08-26T11:52:33.374-04:00,-9.960938,-89.031265
2026-08-26T11:52:33.374-04:00,-9.765625,-85.675667
2026-08-26T11:52:33.374-04:00,-9.570312,-91.261208
2026-08-26T11:52:33.374-04:00,-9.375000,-92.843964
2026-08-26T11:52:33.374-04:00,-9.179688,-85.075233
2026-08-26T11:52:33.374-04:00,-8.984375,-87.096970
2026-08-26T11:52:33.374-04:00,-8.789062,-109.514267
2026-08-26T11:52:33.374-04:00,-8.593750,-90.830833
2026-08-26T11:52:33.374-04:00,-8.398438,-88.388321
2026-08-26T11:52:33.374-04:00,-8.203125,-88.228569
2026-08-26T11:52:33.374-04:00,-8.007812,-87.166283
2026-08-26T11:52:33.374-04:00,-7.812500,-86.336967
2026-08-26T11:52:33.374-04:00,-7.617188,-85.249390
2026-08-26T11:52:33.374-04:00,-7.421875,-84.188705
2026-08-26T11:52:33.374-04:00,-7.226562,-82.497780
2026-08-26T11:52:33.374-04:00,-7.031250,-81.159302
2026-08-26T11:52:33.374-04:00,-6.835938,-82.981499
2026-08-26T11:52:33.374-04:00,-6.640625,-87.455627
2026-08-26T11:52:33.374-04:00,-6.445312,-90.812302
2026-08-26T11:52:33.374-04:00,-6.250000,-91.552414
2026-08-26T11:52:33.374-04:00,-6.054688,-91.112144
2026-08-26T11:52:33.374-04:00,-5.859375,-106.721046
2026-08-26T11:52:33.374-04:00,-5.664062,-87.887337
2026-08-26T11:52:33.374-04:00,-5.468750,-84.010460
2026-08-26T11:52:33.374-04:00,-5.273438,-84.060791
2026-08-26T11:52:33.374-04:00,-5.078125,-87.154221
2026-08-26T11:52:33.374-04:00,-4.882812,-98.365051
2026-08-26T11:52:33.374-04:00,-4.687500,-82.091125
2026-08-26T11:52:33.374-04:00,-4.492188,-79.706909
2026-08-26T11:52:33.374-04:00,-4.296875,-83.395294
2026-08-26T11:52:33.374-04:00,-4.101562,-87.650604
2026-08-26T11:52:33.374-04:00,-3.906250,-84.059586
2026-08-26T11:52:33.374-04:00,-3.710938,-79.759666
2026-08-26T11:52:33.374-04:00,-3.515625,-76.759018
2026-08-26T11:52:33.374-04:00,-3.320312,-76.241676
2026-08-26T11:52:33.374-04:00,-3.125000,-78.825996
2026-08-26T11:52:33.374-04:00,-2.929688,-88.124725
2026-08-26T11:52:33.374-04:00,-2.734375,-87.826569
2026-08-26T11:52:33.374-04:00,-2.539062,-81.733093
2026-08-26T11:52:33.374-04:00,-2.343750,-82.120354
2026-08-26T11:52:33.374-04:00,-2.148438,-95.600754
2026-08-26T11:52:33.374-04:00,-1.953125,-82.032074
2026-08-26T11:52:33.374-04:00,-1.757812,-75.992615
2026-08-26T11:52:33.374-04:00,-1.562500,-72.967499
2026-08-26T11:52:33.374-04:00,-1.367188,-70.672195
2026-08-26T11:52:33.374-04:00,-1.171875,-70.018768
2026-08-26T11:52:33.374-04:00,-0.976562,-74.450630
2026-08-26T11:52:33.374-04:00,-0.781250,-72.269836
2026-08-26T11:52:33.374-04:00,-0.585938,-59.043407
2026-08-26T11:52:33.374-04:00,-0.390625,-53.776875
2026-08-26T11:52:33.374-04:00,-0.195312,-54.628738
2026-08-26T11:52:33.374-04:00,0.000000,-67.958176
2026-08-26T11:52:33.374-04:00,0.195312,-54.628738
2026-08-26T11:52:33.374-04:00,0.390625,-53.776875
2026-08-26T11:52:33.374-04:00,0.585938,-59.043407
2026-08-26T11:52:33.374-04:00,0.781250,-72.269836
2026-08-26T11:52:33.374-04:00,0.976562,-74.450630
2026-08-26T11:52:33.374-04:00,1.171875,-70.018768
2026-08-26T11:52:33.374-04:00,1.367188,-70.672195
2026-08-26T11:52:33.374-04:00,1.562500,-72.967499
2026-08-26T11:52:33.374-04:00,1.757812,-75.992615
2026-08-26T11:52:33.374-04:00,1.953125,-82.032074
2026-08-26T11:52:33.374-04:00,2.148438,-95.600754
2026-08-26T11:52:33.374-04:00,2.343750,-82.120354
2026-08-26T11:52:33.374-04:00,2.539062,-81.733093
2026-08-26T11:52:33.374-04:00,2.734375,-87.826569
2026-08-26T11:52:33.374-04:00,2.929688,-88.124725
2026-08-26T11:52:33.374-04:00,3.125000,-78.825996
2026-08-26T11:52:33.374-04:00,3.320312,-76.241676
2026-08-26T11:52:33.374-04:00,3.515625,-76.759018
2026-08-26T11:52:33.374-04:00,3.710938,-79.759666
2026-08-26T11:52:33.374-04:00,3.906250,-84.059586
2026-08-26T11:52:33.374-04:00,4.101562,-87.650604
2026-08-26T11:52:33.374-04:00,4.296875,-83.395294
2026-08-26T11:52:33.374-04:00,4.492188,-79.706909
2026-08-26T11:52:33.374-04:00,4.687500,-82.091125
2026-08-26T11:52:33.374-04:00,4.882812,-98.365051
2026-08-26T11:52:33.374-04:00,5.078125,-87.154221
2026-08-26T11:52:33.374-04:00,5.273438,-84.060791
2026-08-26T11:52:33.374-04:00,5.468750,-84.010460
2026-08-26T11:52:33.374-04:00,5.664062,-87.887337
2026-08-26T11:52:33.374-04:00,5.859375,-106.721046
2026-08-26T11:52:33.374-04:00,6.054688,-91.112144
2026-08-26T11:52:33.374-04:00,6.250000,-91.552414
2026-08-26T11:52:33.374-04:00,6.445312,-90.812302
2026-08-26T11:52:33.374-04:00,6.640625,-87.455627
2026-08-26T11:52:33.374-04:00,6.835938,-82.981499
2026-08-26T11:52:33.374-04:00,7.031250,-81.159302
2026-08-26T11:52:33.374-04:00,7.226562,-82.497780
2026-08-26T11:52:33.374-04:00,7.421875,-84.188705
2026-08-26T11:52:33.374-04:00,7.617188,-85.249390
2026-08-26T11:52:33.374-04:00,7.812500,-86.336967
2026-08-26T11:52:33.374-04:00,8.007812,-87.166283
2026-08-26T11:52:33.374-04:00,8.203125,-88.228569
2026-08-26T11:52:33.374-04:00,8.398438,-88.388321
2026-08-26T11:52:33.374-04:00,8.593750,-90.830833
2026-08-26T11:52:33.374-04:00,8.789062,-109.514267
2026-08-26T11:52:33.374-04:00,8.984375,-87.096970
2026-08-26T11:52:33.374-04:00,9.179688,-85.075233
2026-08-26T11:52:33.374-04:00,9.375000,-92.843964
2026-08-26T11:52:33.374-04:00,9.570312,-91.261208
2026-08-26T11:52:33.374-04:00,9.765625,-85.675667
2026-08-26T11:52:33.374-04:00,9.960938,-89.031265
2026-08-26T11:52:33.374-04:00,10.156250,-96.420715
2026-08-26T11:52:33.374-04:00,10.351562,-97.589119
2026-08-26T11:52:33.374-04:00,10.546875,-101.474846
2026-08-26T11:52:33.374-04:00,10.742188,-106.091034
2026-08-26T11:52:33.374-04:00,10.937500,-96.567078
2026-08-26T11:52:33.374-04:00,11.132812,-88.478249
2026-08-26T11:52:33.374-04:00,11.328125,-87.995956
2026-08-26T11:52:33.374-04:00,11.523438,-91.973732
2026-08-26T11:52:33.374-04:00,11.718750,-92.274338
2026-08-26T11:52:33.374-04:00,11.914062,-89.784966
2026-08-26T11:52:33.374-04:00,12.109375,-89.748466
2026-08-26T11:52:33.374-04:00,12.304688,-91.253601
2026-08-26T11:52:33.374-04:00,12.500000,-91.726234
2026-08-26T11:52:33.374-04:00,12.695312,-92.040878
2026-08-26T11:52:33.374-04:00,12.890625,-94.666832
2026-08-26T11:52:33.374-04:00,13.085938,-91.841270
2026-08-26T11:52:33.374-04:00,13.281250,-88.822792
2026-08-26T11:52:33.374-04:00,13.476562,-90.981255
2026-08-26T11:52:33.374-04:00,13.671875,-103.385559
2026-08-26T11:52:33.374-04:00,13.867188,-104.522827
2026-08-26T11:52:33.374-04:00,14.062500,-103.561157
2026-08-26T11:52:33.374-04:00,14.257812,-101.038742
2026-08-26T11:52:33.374-04:00,14.453125,-97.808067
2026-08-26T11:52:33.374-04:00,14.648438,-101.325317
2026-08-26T11:52:33.374-04:00,14.843750,-100.654556
2026-08-26T11:52:33.374-04:00,15.039062,-95.380318
2026-08-26T11:52:33.374-04:00,15.234375,-91.251968
2026-08-26T11:52:33.374-04:00,15.429688,-90.270493
2026-08-26T11:52:33.374-04:00,15.625000,-91.582779
2026-08-26T11:52:33.374-04:00,15.820312,-92.382622
2026-08-26T11:52:33.374-04:00,16.015625,-94.036545
2026-08-26T11:52:33.374-04:00,16.210938,-99.610657
2026-08-26T11:52:33.374-04:00,16.406250,-98.371620
2026-08-26T11:52:33.374-04:00,16.601562,-99.577850
2026-08-26T11:52:33.374-04:00,16.796875,-106.318985
2026-08-26T11:52:33.374-04:00,16.992188,-100.732765
2026-08-26T11:52:33.374-04:00,17.187500,-101.587524
2026-08-26T11:52:33.374-04:00,17.382812,-105.060638
2026-08-26T11:52:33.374-04:00,17.578125,-101.501938
2026-08-26T11:52:33.374-04:00,17.773438,-99.286072
2026-08-26T11:52:33.374-04:00,17.968750,-97.989815
2026-08-26T11:52:33.374-04:00,18.164062,-96.868355
2026-08-26T11:52:33.374-04:00,18.359375,-96.506180
2026-08-26T11:52:33.374-04:00,18.554688,-96.866447
2026-08-26T11:52:33.374-04:00,18.750000,-100.263222
2026-08-26T11:52:33.374-04:00,18.945312,-108.516045
2026-08-26T11:52:33.374-04:00,19.140625,-106.634766
2026-08-26T11:52:33.374-04:00,19.335938,-102.606400
2026-08-26T11:52:33.374-04:00,19.531250,-100.644943
2026-08-26T11:52:33.374-04:00,19.726562,-103.225006
2026-08-26T11:52:33.374-04:00,19.921875,-107.204292
2026-08-26T11:52:33.921-04:00,-19.921875,-110.601341
2026-08-26T11:52:33.921-04:00,-19.726562,-106.760139
2026-08-26T11:52:33.921-04:00,-19.531250,-107.335289
2026-08-26T11:52:33.921-04:00,-19.335938,-113.701981
2026-08-26T11:52:33.921-04:00,-19.140625,-110.048187
2026-08-26T11:52:33.921-04:00,-18.945312,-109.926910
2026-08-26T11:52:33.921-04:00,-18.750000,-104.846375
2026-08-26T11:52:33.921-04:00,-18.554688,-103.329697
2026-08-26T11:52:33.921-04:00,-18.359375,-105.088348
2026-08-26T11:52:33.921-04:00,-18.164062,-102.159584
2026-08-26T11:52:33.921-04:00,-17.968750,-99.828346
2026-08-26T11:52:33.921-04:00,-17.773438,-100.588539
2026-08-26T11:52:33.921-04:00,-17.578125,-101.449745
2026-08-26T11:52:33.921-04:00,-17.382812,-100.394531
2026-08-26T11:52:33.921-04:00,-17.187500,-100.211784
2026-08-26T11:52:33.921-04:00,-16.992188,-101.972588
2026-08-26T11:52:33.921-04:00,-16.796875,-99.947418
2026-08-26T11:52:33.921-04:00,-16.601562,-97.581818
2026-08-26T11:52:33.921-04:00,-16.406250,-101.607193
2026-08-26T11:52:33.921-04:00,-16.210938,-108.215576
2026-08-26T11:52:33.921-04:00,-16.015625,-99.771202
2026-08-26T11:52:33.921-04:00,-15.820312,-99.178726
2026-08-26T11:52:33.921-04:00,-15.625000,-100.461311
2026-08-26T11:52:33.921-04:00,-15.429688,-95.504295
2026-08-26T11:52:33.921-04:00,-15.234375,-96.904945
2026-08-26T11:52:33.921-04:00,-15.039062,-102.265182
2026-08-26T11:52:33.921-04:00,-14.843750,-103.063812
2026-08-26T11:52:33.921-04:00,-14.648438,-97.424332
2026-08-26T11:52:33.921-04:00,-14.453125,-98.718102
2026-08-26T11:52:33.921-04:00,-14.257812,-105.491730
2026-08-26T11:52:33.921-04:00,-14.062500,-114.032455
2026-08-26T11:52:33.921-04:00,-13.867188,-106.070511
2026-08-26T11:52:33.921-04:00,-13.671875,-98.620636
2026-08-26T11:52:33.921-04:00,-13.476562,-93.176636
2026-08-26T11:52:33.921-04:00,-13.281250,-94.373062
2026-08-26T11:52:33.921-04:00,-13.085938,-100.520355
2026-08-26T11:52:33.921-04:00,-12.890625,-111.100632
2026-08-26T11:52:33.921-04:00,-12.695312,-97.724266
2026-08-26T11:52:33.921-04:00,-12.500000,-95.156021
2026-08-26T11:52:33.921-04:00,-12.304688,-95.772667
2026-08-26T11:52:33.921-04:00,-12.109375,-92.891251
2026-08-26T11:52:33.921-04:00,-11.914062,-92.961693
2026-08-26T11:52:33.921-04:00,-11.718750,-98.959236
2026-08-26T11:52:33.921-04:00,-11.523438,-100.966232
2026-08-26T11:52:33.921-04:00,-11.328125,-91.907654
2026-08-26T11:52:33.921-04:00,-11.132812,-90.858231
2026-08-26T11:52:33.921-04:00,-10.937500,-98.682968
2026-08-26T11:52:33.921-04:00,-10.742188,-107.455833
2026-08-26T11:52:33.921-04:00,-10.546875,-102.067932
2026-08-26T11:52:33.921-04:00,-10.351562,-99.711830
2026-08-26T11:52:33.921-04:00,-10.156250,-102.402313
2026-08-26T11:52:33.921-04:00,-9.960938,-91.525116
2026-08-26T11:52:33.921-04:00,-9.765625,-87.004204
2026-08-26T11:52:33.921-04:00,-9.570312,-89.559158
2026-08-26T11:52:33.921-04:00,-9.375000,-90.939339
2026-08-26T11:52:33.921-04:00,-9.179688,-87.306213
2026-08-26T11:52:33.921-04:00,-8.984375,-87.912003
2026-08-26T11:52:33.921-04:00,-8.789062,-92.696793
2026-08-26T11:52:33.921-04:00,-8.593750,-93.819504
2026-08-26T11:52:33.921-04:00,-8.398438,-93.806038
2026-08-26T11:52:33.921-04:00,-8.203125,-99.306938
2026-08-26T11:52:33.921-04:00,-8.007812,-94.812965
2026-08-26T11:52:33.921-04:00,-7.812500,-98.657364
2026-08-26T11:52:33.921-04:00,-7.617188,-95.766373
2026-08-26T11:52:33.921-04:00,-7.421875,-94.652260
2026-08-26T11:52:33.921-04:00,-7.226562,-92.144356
2026-08-26T11:52:33.921-04:00,-7.031250,-84.457710
2026-08-26T11:52:33.921-04:00,-6.835938,-82.976105
2026-08-26T11:52:33.921-04:00,-6.640625,-86.052208
2026-08-26T11:52:33.921-04:00,-6.445312,-92.165001
2026-08-26T11:52:33.921-04:00,-6.250000,-100.653976
2026-08-26T11:52:33.921-04:00,-6.054688,-91.840096
2026-08-26T11:52:33.921-04:00,-5.859375,-91.467041
2026-08-26T11:52:33.921-04:00,-5.664062,-89.581917
2026-08-26T11:52:33.921-04:00,-5.468750,-89.619553
2026-08-26T11:52:33.921-04:00,-5.273438,-91.489151
2026-08-26T11:52:33.921-04:00,-5.078125,-91.402649
2026-08-26T11:52:33.921-04:00,-4.882812,-90.016327
2026-08-26T11:52:33.921-04:00,-4.687500,-82.561844
2026-08-26T11:52:33.921-04:00,-4.492188,-79.381172
2026-08-26T11:52:33.921-04:00,-4.296875,-80.972145
2026-08-26T11:52:33.921-04:00,-4.101562,-84.382523
2026-08-26T11:52:33.921-04:00,-3.906250,-85.538132
2026-08-26T11:52:33.921-04:00,-3.710938,-82.323563
2026-08-26T11:52:33.921-04:00,-3.515625,-78.436821
2026-08-26T11:52:33.921-04:00,-3.320312,-77.726700
2026-08-26T11:52:33.921-04:00,-3.125000,-80.511597
2026-08-26T11:52:33.921-04:00,-2.929688,-84.845642
2026-08-26T11:52:33.921-04:00,-2.734375,-86.701775
2026-08-26T11:52:33.921-04:00,-2.539062,-86.232536
2026-08-26T11:52:33.921-04:00,-2.343750,-84.974022
2026-08-26T11:52:33.921-04:00,-2.148438,-85.057983
2026-08-26T11:52:33.921-04:00,-1.953125,-80.598183
2026-08-26T11:52:33.921-04:00,-1.757812,-76.752541
2026-08-26T11:52:33.921-04:00,-1.562500,-74.695419
2026-08-26T11:52:33.921-04:00,-1.367188,-71.546478
2026-08-26T11:52:33.921-04:00,-1.171875,-70.457779
2026-08-26T11:52:33.921-04:00,-0.976562,-71.967300
2026-08-26T11:52:33.921-04:00,-0.781250,-68.261673
2026-08-26T11:52:33.921-04:00,-0.585938,-59.768951
2026-08-26T11:52:33.921-04:00,-0.390625,-54.319836
2026-08-26T11:52:33.921-04:00,-0.195312,-52.913250
2026-08-26T11:52:33.921-04:00,0.000000,-53.970318
2026-08-26T11:52:33.921-04:00,0.195312,-52.913250
2026-08-26T11:52:33.921-04:00,0.390625,-54.319836
2026-08-26T11:52:33.921-04:00,0.585938,-59.768951
2026-08-26T11:52:33.921-04:00,0.781250,-68.261673
2026-08-26T11:52:33.921-04:00,0.976562,-71.967300
2026-08-26T11:52:33.921-04:00,1.171875,-70.457779
2026-08-26T11:52:33.921-04:00,1.367188,-71.546478
2026-08-26T11:52:33.921-04:00,1.562500,-74.695419
2026-08-26T11:52:33.921-04:00,1.757812,-76.752541
2026-08-26T11:52:33.921-04:00,1.953125,-80.598183
2026-08-26T11:52:33.921-04:00,2.148438,-85.057983
2026-08-26T11:52:33.921-04:00,2.343750,-84.974022
2026-08-26T11:52:33.921-04:00,2.539062,-86.232536
2026-08-26T11:52:33.921-04:00,2.734375,-86.701775
2026-08-26T11:52:33.921-04:00,2.929688,-84.845642
2026-08-26T11:52:33.921-04:00,3.125000,-80.511597
2026-08-26T11:52:33.921-04:00,3.320312,-77.726700
2026-08-26T11:52:33.921-04:00,3.515625,-78.436821
2026-08-26T11:52:33.921-04:00,3.710938,-82.323563
2026-08-26T11:52:33.921-04:00,3.906250,-85.538132
2026-08-26T11:52:33.921-04:00,4.101562,-84.382523
2026-08-26T11:52:33.921-04:00,4.296875,-80.972145
2026-08-26T11:52:33.921-04:00,4.492188,-79.381172
2026-08-26T11:52:33.921-04:00,4.687500,-82.561844
2026-08-26T11:52:33.921-04:00,4.882812,-90.016327
2026-08-26T11:52:33.921-04:00,5.078125,-91.402649
2026-08-26T11:52:33.921-04:00,5.273438,-91.489151
2026-08-26T11:52:33.921-04:00,5.468750,-89.619553
2026-08-26T11:52:33.921-04:00,5.664062,-89.581917
2026-08-26T11:52:33.921-04:00,5.859375,-91.467041
2026-08-26T11:52:33.921-04:00,6.054688,-91.840096
2026-08-26T11:52:33.921-04:00,6.250000,-100.653976
2026-08-26T11:52:33.921-04:00,6.445312,-92.165001
2026-08-26T11:52:33.921-04:00,6.640625,-86.052208
2026-08-26T11:52:33.921-04:00,6.835938,-82.976105
2026-08-26T11:52:33.921-04:00,7.031250,-84.457710
2026-08-26T11:52:33.921-04:00,7.226562,-92.144356
2026-08-26T11:52:33.921-04:00,7.421875,-94.652260
2026-08-26T11:52:33.921-04:00,7.617188,-95.766373
2026-08-26T11:52:33.921-04:00,7.812500,-98.657364
2026-08-26T11:52:33.921-04:00,8.007812,-94.812965
2026-08-26T11:52:33.921-04:00,8.203125,-99.306938
2026-08-26T11:52:33.921-04:00,8.398438,-93.806038
2026-08-26T11:52:33.921-04:00,8.593750,-93.819504
2026-08-26T11:52:33.921-04:00,8.789062,-92.696793
2026-08-26T11:52:33.921-04:00,8.984375,-87.912003
2026-08-26T11:52:33.921-04:00,9.179688,-87.306213
2026-08-26T11:52:33.921-04:00,9.375000,-90.939339
2026-08-26T11:52:33.921-04:00,9.570312,-89.559158
2026-08-26T11:52:33.921-04:00,9.765625,-87.004204
2026-08-26T11:52:33.921-04:00,9.960938,-91.525116
2026-08-26T11:52:33.921-04:00,10.156250,-102.402313
2026-08-26T11:52:33.921-04:00,10.351562,-99.711830
2026-08-26T11:52:33.921-04:00,10.546875,-102.067932
2026-08-26T11:52:33.921-04:00,10.742188,-107.455833
2026-08-26T11:52:33.921-04:00,10.937500,-98.682968
2026-08-26T11:52:33.921-04:00,11.132812,-90.858231
2026-08-26T11:52:33.921-04:00,11.328125,-91.907654
2026-08-26T11:52:33.921-04:00,11.523438,-100.966232
2026-08-26T11:52:33.921-04:00,11.718750,-98.959236
2026-08-26T11:52:33.921-04:00,11.914062,-92.961693
2026-08-26T11:52:33.921-04:00,12.109375,-92.891251
2026-08-26T11:52:33.921-04:00,12.304688,-95.772667
2026-08-26T11:52:33.921-04:00,12.500000,-95.156021
2026-08-26T11:52:33.921-04:00,12.695312,-97.724266
2026-08-26T11:52:33.921-04:00,12.890625,-111.100632
2026-08-26T11:52:33.921-04:00,13.085938,-100.520355
2026-08-26T11:52:33.921-04:00,13.281250,-94.373062
2026-08-26T11:52:33.921-04:00,13.476562,-93.176636
2026-08-26T11:52:33.921-04:00,13.671875,-98.620636
2026-08-26T11:52:33.921-04:00,13.867188,-106.070511
2026-08-26T11:52:33.921-04:00,14.062500,-114.032455
2026-08-26T11:52:33.921-04:00,14.257812,-105.491730
2026-08-26T11:52:33.921-04:00,14.453125,-98.718102
2026-08-26T11:52:33.921-04:00,14.648438,-97.424332
2026-08-26T11:52:33.921-04:00,14.843750,-103.063812
2026-08-26T11:52:33.921-04:00,15.039062,-102.265182
2026-08-26T11:52:33.921-04:00,15.234375,-96.904945
2026-08-26T11:52:33.921-04:00,15.429688,-95.504295
2026-08-26T11:52:33.921-04:00,15.625000,-100.461311
2026-08-26T11:52:33.921-04:00,15.820312,-99.178726
2026-08-26T11:52:33.921-04:00,16.015625,-99.771202
2026-08-26T11:52:33.921-04:00,16.210938,-108.215576
2026-08-26T11:52:33.921-04:00,16.406250,-101.607193
2026-08-26T11:52:33.921-04:00,16.601562,-97.581818
2026-08-26T11:52:33.921-04:00,16.796875,-99.947418
2026-08-26T11:52:33.921-04:00,16.992188,-101.972588
2026-08-26T11:52:33.921-04:00,17.187500,-100.211784
2026-08-26T11:52:33.921-04:00,17.382812,-100.394531
2026-08-26T11:52:33.921-04:00,17.578125,-101.449745
2026-08-26T11:52:33.921-04:00,17.773438,-100.588539
2026-08-26T11:52:33.921-04:00,17.968750,-99.828346
2026-08-26T11:52:33.921-04:00,18.164062,-102.159584
2026-08-26T11:52:33.921-04:00,18.359375,-105.088348
2026-08-26T11:52:33.921-04:00,18.554688,-103.329697
2026-08-26T11:52:33.921-04:00,18.750000,-104.846375
2026-08-26T11:52:33.921-04:00,18.945312,-109.926910
2026-08-26T11:52:33.921-04:00,19.140625,-110.048187
2026-08-26T11:52:33.921-04:00,19.335938,-113.701981
2026-08-26T11:52:33.921-04:00,19.531250,-107.335289
2026-08-26T11:52:33.921-04:00,19.726562,-106.760139
2026-08-26T11:52:33.921-04:00,19.921875,-110.601341
2026-08-26T11:52:34.466-04:00,-19.921875,-107.280212
2026-08-26T11:52:34.466-04:00,-19.726562,-105.876724
2026-08-26T11:52:34.466-04:00,-19.531250,-109.953018
2026-08-26T11:52:34.466-04:00,-19.335938,-117.578323
2026-08-26T11:52:34.466-04:00,-19.140625,-114.650955
2026-08-26T11:52:34.466-04:00,-18.945312,-128.616470
2026-08-26T11:52:34.466-04:00,-18.750000,-109.919426
2026-08-26T11:52:34.466-04:00,-18.554688,-112.485008
2026-08-26T11:52:34.466-04:00,-18.359375,-123.560638
2026-08-26T11:52:34.466-04:00,-18.164062,-109.477249
2026-08-26T11:52:34.466-04:00,-17.968750,-105.033432
2026-08-26T11:52:34.466-04:00,-17.773438,-105.523102
2026-08-26T11:52:34.466-04:00,-17.578125,-109.004059
2026-08-26T11:52:34.466-04:00,-17.382812,-100.124390
2026-08-26T11:52:34.466-04:00,-17.187500,-100.093925
2026-08-26T11:52:34.466-04:00,-16.992188,-119.879395
2026-08-26T11:52:34.466-04:00,-16.796875,-99.186790
2026-08-26T11:52:34.466-04:00,-16.601562,-95.979233
2026-08-26T11:52:34.466-04:00,-16.406250,-98.837708
2026-08-26T11:52:34.466-04:00,-16.210938,-106.246300
2026-08-26T11:52:34.466-04:00,-16.015625,-106.743996
2026-08-26T11:52:34.466-04:00,-15.820312,-102.891296
2026-08-26T11:52:34.466-04:00,-15.625000,-103.358543
2026-08-26T11:52:34.466-04:00,-15.429688,-99.554230
2026-08-26T11:52:34.466-04:00,-15.234375,-112.520973
2026-08-26T11:52:34.466-04:00,-15.039062,-99.659912
2026-08-26T11:52:34.466-04:00,-14.843750,-97.802513
2026-08-26T11:52:34.466-04:00,-14.648438,-94.945068
2026-08-26T11:52:34.466-04:00,-14.453125,-100.818703
2026-08-26T11:52:34.466-04:00,-14.257812,-110.882607
2026-08-26T11:52:34.466-04:00,-14.062500,-114.368660
2026-08-26T11:52:34.466-04:00,-13.867188,-111.287651
2026-08-26T11:52:34.466-04:00,-13.671875,-97.848579
2026-08-26T11:52:34.466-04:00,-13.476562,-94.473511
2026-08-26T11:52:34.466-04:00,-13.281250,-102.440231
2026-08-26T11:52:34.466-04:00,-13.085938,-103.871277
2026-08-26T11:52:34.466-04:00,-12.890625,-106.377518
2026-08-26T11:52:34.466-04:00,-12.695312,-103.890450
2026-08-26T11:52:34.466-04:00,-12.500000,-99.301613
2026-08-26T11:52:34.466-04:00,-12.304688,-113.610725
2026-08-26T11:52:34.466-04:00,-12.109375,-97.308235
2026-08-26T11:52:34.466-04:00,-11.914062,-99.482697
2026-08-26T11:52:34.466-04:00,-11.718750,-98.587883
2026-08-26T11:52:34.466-04:00,-11.523438,-98.936531
2026-08-26T11:52:34.466-04:00,-11.328125,-98.311920
2026-08-26T11:52:34.466-04:00,-11.132812,-92.013054
2026-08-26T11:52:34.466-04:00,-10.937500,-92.983482
2026-08-26T11:52:34.466-04:00,-10.742188,-96.940620
2026-08-26T11:52:34.466-04:00,-10.546875,-98.985107
2026-08-26T11:52:34.466-04:00,-10.351562,-103.292404
2026-08-26T11:52:34.466-04:00,-10.156250,-107.975533
2026-08-26T11:52:34.466-04:00,-9.960938,-93.106232
2026-08-26T11:52:34.466-04:00,-9.765625,-87.408104
2026-08-26T11:52:34.466-04:00,-9.570312,-89.391037
2026-08-26T11:52:34.466-04:00,-9.375000,-97.601685
2026-08-26T11:52:34.466-04:00,-9.179688,-89.405518
2026-08-26T11:52:34.466-04:00,-8.984375,-89.394188
2026-08-26T11:52:34.466-04:00,-8.789062,-93.029190
2026-08-26T11:52:34.466-04:00,-8.593750,-103.389969
2026-08-26T11:52:34.466-04:00,-8.398438,-97.270462
2026-08-26T11:52:34.466-04:00,-8.203125,-98.571861
2026-08-26T11:52:34.466-04:00,-8.007812,-95.330620
2026-08-26T11:52:34.466-04:00,-7.812500,-97.514763
2026-08-26T11:52:34.466-04:00,-7.617188,-97.885681
2026-08-26T11:52:34.466-04:00,-7.421875,-97.884743
2026-08-26T11:52:34.466-04:00,-7.226562,-99.847794
2026-08-26T11:52:34.466-04:00,-7.031250,-86.918625
2026-08-26T11:52:34.466-04:00,-6.835938,-84.937279
2026-08-26T11:52:34.466-04:00,-6.640625,-88.833633
2026-08-26T11:52:34.466-04:00,-6.445312,-92.704575
2026-08-26T11:52:34.466-04:00,-6.250000,-95.471008
2026-08-26T11:52:34.466-04:00,-6.054688,-90.773361
2026-08-26T11:52:34.466-04:00,-5.859375,-91.267731
2026-08-26T11:52:34.466-04:00,-5.664062,-93.884392
2026-08-26T11:52:34.466-04:00,-5.468750,-97.617760
2026-08-26T11:52:34.466-04:00,-5.273438,-109.161674
2026-08-26T11:52:34.466-04:00,-5.078125,-97.356262
2026-08-26T11:52:34.466-04:00,-4.882812,-90.444099
2026-08-26T11:52:34.466-04:00,-4.687500,-83.343666
2026-08-26T11:52:34.466-04:00,-4.492188,-80.259087
2026-08-26T11:52:34.466-04:00,-4.296875,-81.961685
2026-08-26T11:52:34.466-04:00,-4.101562,-87.544792
2026-08-26T11:52:34.466-04:00,-3.906250,-95.222557
2026-08-26T11:52:34.466-04:00,-3.710938,-89.611809
2026-08-26T11:52:34.466-04:00,-3.515625,-82.522537
2026-08-26T11:52:34.466-04:00,-3.320312,-81.313866
2026-08-26T11:52:34.466-04:00,-3.125000,-85.878365
2026-08-26T11:52:34.466-04:00,-2.929688,-87.044815
2026-08-26T11:52:34.466-04:00,-2.734375,-89.295128
2026-08-26T11:52:34.466-04:00,-2.539062,-97.609261
2026-08-26T11:52:34.466-04:00,-2.343750,-89.656593
2026-08-26T11:52:34.466-04:00,-2.148438,-85.756607
2026-08-26T11:52:34.466-04:00,-1.953125,-80.811317
2026-08-26T11:52:34.466-04:00,-1.757812,-80.257126
2026-08-26T11:52:34.466-04:00,-1.562500,-83.809067
2026-08-26T11:52:34.466-04:00,-1.367188,-75.178848
2026-08-26T11:52:34.466-04:00,-1.171875,-73.306824
2026-08-26T11:52:34.466-04:00,-0.976562,-74.386124
2026-08-26T11:52:34.466-04:00,-0.781250,-69.786575
2026-08-26T11:52:34.466-04:00,-0.585938,-62.813942
2026-08-26T11:52:34.466-04:00,-0.390625,-56.872208
2026-08-26T11:52:34.466-04:00,-0.195312,-53.051220
2026-08-26T11:52:34.466-04:00,0.000000,-51.866249
2026-08-26T11:52:34.466-04:00,0.195312,-53.051220
2026-08-26T11:52:34.466-04:00,0.390625,-56.872208
2026-08-26T11:52:34.466-04:00,0.585938,-62.813942
2026-08-26T11:52:34.466-04:00,0.781250,-69.786575
2026-08-26T11:52:34.466-04:00,0.976562,-74.386124
2026-08-26T11:52:34.466-04:00,1.171875,-73.306824
2026-08-26T11:52:34.466-04:00,1.367188,-75.178848
2026-08-26T11:52:34.466-04:00,1.562500,-83.809067
2026-08-26T11:52:34.466-04:00,1.757812,-80.257126
2026-08-26T11:52:34.466-04:00,1.953125,-80.811317
2026-08-26T11:52:34.466-04:00,2.148438,-85.756607
2026-08-26T11:52:34.466-04:00,2.343750,-89.656593
2026-08-26T11:52:34.466-04:00,2.539062,-97.609261
2026-08-26T11:52:34.466-04:00,2.734375,-89.295128
2026-08-26T11:52:34.466-04:00,2.929688,-87.044815
2026-08-26T11:52:34.466-04:00,3.125000,-85.878365
2026-08-26T11:52:34.466-04:00,3.320312,-81.313866
2026-08-26T11:52:34.466-04:00,3.515625,-82.522537
2026-08-26T11:52:34.466-04:00,3.710938,-89.611809
2026-08-26T11:52:34.466-04:00,3.906250,-95.222557
2026-08-26T11:52:34.466-04:00,4.101562,-87.544792
2026-08-26T11:52:34.466-04:00,4.296875,-81.961685
2026-08-26T11:52:34.466-04:00,4.492188,-80.259087
2026-08-26T11:52:34.466-04:00,4.687500,-83.343666
2026-08-26T11:52:34.466-04:00,4.882812,-90.444099
2026-08-26T11:52:34.466-04:00,5.078125,-97.356262
2026-08-26T11:52:34.466-04:00,5.273438,-109.161674
2026-08-26T11:52:34.466-04:00,5.468750,-97.617760
2026-08-26T11:52:34.466-04:00,5.664062,-93.884392
2026-08-26T11:52:34.466-04:00,5.859375,-91.267731
2026-08-26T11:52:34.466-04:00,6.054688,-90.773361
2026-08-26T11:52:34.466-04:00,6.250000,-95.471008
2026-08-26T11:52:34.466-04:00,6.445312,-92.704575
2026-08-26T11:52:34.466-04:00,6.640625,-88.833633
2026-08-26T11:52:34.466-04:00,6.835938,-84.937279
2026-08-26T11:52:34.466-04:00,7.031250,-86.918625
2026-08-26T11:52:34.466-04:00,7.226562,-99.847794
2026-08-26T11:52:34.466-04:00,7.421875,-97.884743
2026-08-26T11:52:34.466-04:00,7.617188,-97.885681
2026-08-26T11:52:34.466-04:00,7.812500,-97.514763
2026-08-26T11:52:34.466-04:00,8.007812,-95.330620
2026-08-26T11:52:34.466-04:00,8.203125,-98.571861
2026-08-26T11:52:34.466-04:00,8.398438,-97.270462
2026-08-26T11:52:34.466-04:00,8.593750,-103.389969
2026-08-26T11:52:34.466-04:00,8.789062,-93.029190
2026-08-26T11:52:34.466-04:00,8.984375,-89.394188
2026-08-26T11:52:34.466-04:00,9.179688,-89.405518
2026-08-26T11:52:34.466-04:00,9.375000,-97.601685
2026-08-26T11:52:34.466-04:00,9.570312,-89.391037
2026-08-26T11:52:34.466-04:00,9.765625,-87.408104
2026-08-26T11:52:34.466-04:00,9.960938,-93.106232
2026-08-26T11:52:34.466-04:00,10.156250,-107.975533
2026-08-26T11:52:34.466-04:00,10.351562,-103.292404
2026-08-26T11:52:34.466-04:00,10.546875,-98.985107
2026-08-26T11:52:34.466-04:00,10.742188,-96.940620
2026-08-26T11:52:34.466-04:00,10.937500,-92.983482
2026-08-26T11:52:34.466-04:00,11.132812,-92.013054
2026-08-26T11:52:34.466-04:00,11.328125,-98.311920
2026-08-26T11:52:34.466-04:00,11.523438,-98.936531
2026-08-26T11:52:34.466-04:00,11.718750,-98.587883
2026-08-26T11:52:34.466-04:00,11.914062,-99.482697
2026-08-26T11:52:34.466-04:00,12.109375,-97.308235
2026-08-26T11:52:34.466-04:00,12.304688,-113.610725
2026-08-26T11:52:34.466-04:00,12.500000,-99.301613
2026-08-26T11:52:34.466-04:00,12.695312,-103.890450
2026-08-26T11:52:34.466-04:00,12.890625,-106.377518
2026-08-26T11:52:34.466-04:00,13.085938,-103.871277
2026-08-26T11:52:34.466-04:00,13.281250,-102.440231
2026-08-26T11:52:34.466-04:00,13.476562,-94.473511
2026-08-26T11:52:34.466-04:00,13.671875,-97.848579
2026-08-26T11:52:34.466-04:00,13.867188,-111.287651
2026-08-26T11:52:34.466-04:00,14.062500,-114.368660
2026-08-26T11:52:34.466-04:00,14.257812,-110.882607
2026-08-26T11:52:34.466-04:00,14.453125,-100.818703
2026-08-26T11:52:34.466-04:00,14.648438,-94.945068
2026-08-26T11:52:34.466-04:00,14.843750,-97.802513
2026-08-26T11:52:34.466-04:00,15.039062,-99.659912
2026-08-26T11:52:34.466-04:00,15.234375,-112.520973
2026-08-26T11:52:34.466-04:00,15.429688,-99.554230
2026-08-26T11:52:34.466-04:00,15.625000,-103.358543
2026-08-26T11:52:34.466-04:00,15.820312,-102.891296
2026-08-26T11:52:34.466-04:00,16.015625,-106.743996
2026-08-26T11:52:34.466-04:00,16.210938,-106.246300
2026-08-26T11:52:34.466-04:00,16.406250,-98.837708
2026-08-26T11:52:34.466-04:00,16.601562,-95.979233
2026-08-26T11:52:34.466-04:00,16.796875,-99.186790
2026-08-26T11:52:34.466-04:00,16.992188,-119.879395
2026-08-26T11:52:34.466-04:00,17.187500,-100.093925
2026-08-26T11:52:34.466-04:00,17.382812,-100.124390
2026-08-26T11:52:34.466-04:00,17.578125,-109.004059
2026-08-26T11:52:34.466-04:00,17.773438,-105.523102
2026-08-26T11:52:34.466-04:00,17.968750,-105.033432
2026-08-26T11:52:34.466-04:00,18.164062,-109.477249
2026-08-26T11:52:34.466-04:00,18.359375,-123.560638
2026-08-26T11:52:34.466-04:00,18.554688,-112.485008
2026-08-26T11:52:34.466-04:00,18.750000,-109.919426
2026-08-26T11:52:34.466-04:00,18.945312,-128.616470
2026-08-26T11:52:34.466-04:00,19.140625,-114.650955
2026-08-26T11:52:34.466-04:00,19.335938,-117.578323
2026-08-26T11:52:34.466-04:00,19.531250,-109.953018
2026-08-26T11:52:34.466-04:00,19.726562,-105.876724
2026-08-26T11:52:34.466-04:00,19.921875,-107.280212
2026-08-26T11:52:35.012-04:00,-19.921875,-108.671562
2026-08-26T11:52:35.012-04:00,-19.726562,-105.207817
2026-08-26T11:52:35.012-04:00,-19.531250,-109.340355
2026-08-26T11:52:35.012-04:00,-19.335938,-116.164276
2026-08-26T11:52:35.012-04:00,-19.140625,-115.355217
2026-08-26T11:52:35.012-04:00,-18.945312,-112.969879
2026-08-26T11:52:35.012-04:00,-18.750000,-110.358696
2026-08-26T11:52:35.012-04:00,-18.554688,-119.651077
2026-08-26T11:52:35.012-04:00,-18.359375,-114.619232
2026-08-26T11:52:35.012-04:00,-18.164062,-109.704582
2026-08-26T11:52:35.012-04:00,-17.968750,-116.958786
2026-08-26T11:52:35.012-04:00,-17.773438,-108.468063
2026-08-26T11:52:35.012-04:00,-17.578125,-108.150520
2026-08-26T11:52:35.012-04:00,-17.382812,-99.561371
2026-08-26T11:52:35.012-04:00,-17.187500,-98.229202
2026-08-26T11:52:35.012-04:00,-16.992188,-100.901909
2026-08-26T11:52:35.012-04:00,-16.796875,-97.576889
2026-08-26T11:52:35.012-04:00,-16.601562,-95.432709
2026-08-26T11:52:35.012-04:00,-16.406250,-96.814178
2026-08-26T11:52:35.012-04:00,-16.210938,-104.073608
2026-08-26T11:52:35.012-04:00,-16.015625,-106.511703
2026-08-26T11:52:35.012-04:00,-15.820312,-101.647644
2026-08-26T11:52:35.012-04:00,-15.625000,-97.951851
2026-08-26T11:52:35.012-04:00,-15.429688,-96.878578
2026-08-26T11:52:35.012-04:00,-15.234375,-97.897385
2026-08-26T11:52:35.012-04:00,-15.039062,-93.938400
2026-08-26T11:52:35.012-04:00,-14.843750,-91.472992
2026-08-26T11:52:35.012-04:00,-14.648438,-91.772346
2026-08-26T11:52:35.012-04:00,-14.453125,-98.019669
2026-08-26T11:52:35.012-04:00,-14.257812,-104.552368
2026-08-26T11:52:35.012-04:00,-14.062500,-103.012283
2026-08-26T11:52:35.012-04:00,-13.867188,-105.404297
2026-08-26T11:52:35.012-04:00,-13.671875,-95.647316
2026-08-26T11:52:35.012-04:00,-13.476562,-93.517227
2026-08-26T11:52:35.012-04:00,-13.281250,-98.970413
2026-08-26T11:52:35.012-04:00,-13.085938,-100.373795
2026-08-26T11:52:35.012-04:00,-12.890625,-102.302315
2026-08-26T11:52:35.012-04:00,-12.695312,-101.424332
2026-08-26T11:52:35.012-04:00,-12.500000,-97.690086
2026-08-26T11:52:35.012-04:00,-12.304688,-97.835701
2026-08-26T11:52:35.012-04:00,-12.109375,-97.600090
2026-08-26T11:52:35.012-04:00,-11.914062,-109.554214
2026-08-26T11:52:35.012-04:00,-11.718750,-96.989754
2026-08-26T11:52:35.012-04:00,-11.523438,-96.691498
2026-08-26T11:52:35.012-04:00,-11.328125,-103.144699
2026-08-26T11:52:35.012-04:00,-11.132812,-91.468216
2026-08-26T11:52:35.012-04:00,-10.937500,-89.818680
2026-08-26T11:52:35.012-04:00,-10.742188,-92.544792
2026-08-26T11:52:35.012-04:00,-10.546875,-98.756271
2026-08-26T11:52:35.012-04:00,-10.351562,-116.699593
2026-08-26T11:52:35.012-04:00,-10.156250,-102.041580
2026-08-26T11:52:35.012-04:00,-9.960938,-93.144142
2026-08-26T11:52:35.012-04:00,-9.765625,-87.414207
2026-08-26T11:52:35.012-04:00,-9.570312,-88.148491
2026-08-26T11:52:35.012-04:00,-9.375000,-93.717575
2026-08-26T11:52:35.012-04:00,-9.179688,-89.645653
2026-08-26T11:52:35.012-04:00,-8.984375,-94.006615
2026-08-26T11:52:35.012-04:00,-8.789062,-96.581055
2026-08-26T11:52:35.012-04:00,-8.593750,-96.852722
2026-08-26T11:52:35.012-04:00,-8.398438,-93.201431
2026-08-26T11:52:35.012-04:00,-8.203125,-90.303223
2026-08-26T11:52:35.012-04:00,-8.007812,-89.574127
2026-08-26T11:52:35.012-04:00,-7.812500,-89.959076
2026-08-26T11:52:35.012-04:00,-7.617188,-91.174683
2026-08-26T11:52:35.012-04:00,-7.421875,-92.692276
2026-08-26T11:52:35.012-04:00,-7.226562,-91.317513
2026-08-26T11:52:35.012-04:00,-7.031250,-87.001785
2026-08-26T11:52:35.012-04:00,-6.835938,-87.230133
2026-08-26T11:52:35.012-04:00,-6.640625,-98.498611
2026-08-26T11:52:35.012-04:00,-6.445312,-94.021484
2026-08-26T11:52:35.012-04:00,-6.250000,-90.346771
2026-08-26T11:52:35.012-04:00,-6.054688,-89.511864
2026-08-26T11:52:35.012-04:00,-5.859375,-94.986298
2026-08-26T11:52:35.012-04:00,-5.664062,-102.950592
2026-08-26T11:52:35.012-04:00,-5.468750,-102.731552
2026-08-26T11:52:35.012-04:00,-5.273438,-110.946716
2026-08-26T11:52:35.012-04:00,-5.078125,-102.438347
2026-08-26T11:52:35.012-04:00,-4.882812,-98.386765
2026-08-26T11:52:35.012-04:00,-4.687500,-85.539902
2026-08-26T11:52:35.012-04:00,-4.492188,-82.252701
2026-08-26T11:52:35.012-04:00,-4.296875,-85.552795
2026-08-26T11:52:35.012-04:00,-4.101562,-93.413681
2026-08-26T11:52:35.012-04:00,-3.906250,-106.888397
2026-08-26T11:52:35.012-04:00,-3.710938,-98.642319
2026-08-26T11:52:35.012-04:00,-3.515625,-87.194321
2026-08-26T11:52:35.012-04:00,-3.320312,-85.410530
2026-08-26T11:52:35.012-04:00,-3.125000,-93.511017
2026-08-26T11:52:35.012-04:00,-2.929688,-90.867783
2026-08-26T11:52:35.012-04:00,-2.734375,-88.900894
2026-08-26T11:52:35.012-04:00,-2.539062,-93.201447
2026-08-26T11:52:35.012-04:00,-2.343750,-95.386932
2026-08-26T11:52:35.012-04:00,-2.148438,-91.243988
2026-08-26T11:52:35.012-04:00,-1.953125,-83.081444
2026-08-26T11:52:35.012-04:00,-1.757812,-83.842918
2026-08-26T11:52:35.012-04:00,-1.562500,-87.920197
2026-08-26T11:52:35.012-04:00,-1.367188,-78.103836
2026-08-26T11:52:35.012-04:00,-1.171875,-77.656647
2026-08-26T11:52:35.012-04:00,-0.976562,-91.038498
2026-08-26T11:52:35.012-04:00,-0.781250,-77.044815
2026-08-26T11:52:35.012-04:00,-0.585938,-69.435196
2026-08-26T11:52:35.012-04:00,-0.390625,-62.414467
2026-08-26T11:52:35.012-04:00,-0.195312,-55.973312
2026-08-26T11:52:35.012-04:00,0.000000,-53.384514
2026-08-26T11:52:35.012-04:00,0.195312,-55.973312
2026-08-26T11:52:35.012-04:00,0.390625,-62.414467
2026-08-26T11:52:35.012-04:00,0.585938,-69.435196
2026-08-26T11:52:35.012-04:00,0.781250,-77.044815
2026-08-26T11:52:35.012-04:00,0.976562,-91.038498
2026-08-26T11:52:35.012-04:00,1.171875,-77.656647
2026-08-26T11:52:35.012-04:00,1.367188,-78.103836
2026-08-26T11:52:35.012-04:00,1.562500,-87.920197
2026-08-26T11:52:35.012-04:00,1.757812,-83.842918
2026-08-26T11:52:35.012-04:00,1.953125,-83.081444
2026-08-26T11:52:35.012-04:00,2.148438,-91.243988
2026-08-26T11:52:35.012-04:00,2.343750,-95.386932
2026-08-26T11:52:35.012-04:00,2.539062,-93.201447
2026-08-26T11:52:35.012-04:00,2.734375,-88.900894
2026-08-26T11:52:35.012-04:00,2.929688,-90.867783
2026-08-26T11:52:35.012-04:00,3.125000,-93.511017
2026-08-26T11:52:35.012-04:00,3.320312,-85.410530
2026-08-26T11:52:35.012-04:00,3.515625,-87.194321
2026-08-26T11:52:35.012-04:00,3.710938,-98.642319
2026-08-26T11:52:35.012-04:00,3.906250,-106.888397
2026-08-26T11:52:35.012-04:00,4.101562,-93.413681
2026-08-26T11:52:35.012-04:00,4.296875,-85.552795
2026-08-26T11:52:35.012-04:00,4.492188,-82.252701
2026-08-26T11:52:35.012-04:00,4.687500,-85.539902
2026-08-26T11:52:35.012-04:00,4.882812,-98.386765
2026-08-26T11:52:35.012-04:00,5.078125,-102.438347
2026-08-26T11:52:35.012-04:00,5.273438,-110.946716
2026-08-26T11:52:35.012-04:00,5.468750,-102.731552
2026-08-26T11:52:35.012-04:00,5.664062,-102.950592
2026-08-26T11:52:35.012-04:00,5.859375,-94.986298
2026-08-26T11:52:35.012-04:00,6.054688,-89.511864
2026-08-26T11:52:35.012-04:00,6.250000,-90.346771
2026-08-26T11:52:35.012-04:00,6.445312,-94.021484
2026-08-26T11:52:35.012-04:00,6.640625,-98.498611
2026-08-26T11:52:35.012-04:00,6.835938,-87.230133
2026-08-26T11:52:35.012-04:00,7.031250,-87.001785
2026-08-26T11:52:35.012-04:00,7.226562,-91.317513
2026-08-26T11:52:35.012-04:00,7.421875,-92.692276
2026-08-26T11:52:35.012-04:00,7.617188,-91.174683
2026-08-26T11:52:35.012-04:00,7.812500,-89.959076
2026-08-26T11:52:35.012-04:00,8.007812,-89.574127
2026-08-26T11:52:35.012-04:00,8.203125,-90.303223
2026-08-26T11:52:35.012-04:00,8.398438,-93.201431
2026-08-26T11:52:35.012-04:00,8.593750,-96.852722
2026-08-26T11:52:35.012-04:00,8.789062,-96.581055
2026-08-26T11:52:35.012-04:00,8.984375,-94.006615
2026-08-26T11:52:35.012-04:00,9.179688,-89.645653
2026-08-26T11:52:35.012-04:00,9.375000,-93.717575
2026-08-26T11:52:35.012-04:00,9.570312,-88.148491
2026-08-26T11:52:35.012-04:00,9.765625,-87.414207
2026-08-26T11:52:35.012-04:00,9.960938,-93.144142
2026-08-26T11:52:35.012-04:00,10.156250,-102.041580
2026-08-26T11:52:35.012-04:00,10.351562,-116.699593
2026-08-26T11:52:35.012-04:00,10.546875,-98.756271
2026-08-26T11:52:35.012-04:00,10.742188,-92.544792
2026-08-26T11:52:35.012-04:00,10.937500,-89.818680
2026-08-26T11:52:35.012-04:00,11.132812,-91.468216
2026-08-26T11:52:35.012-04:00,11.328125,-103.144699
2026-08-26T11:52:35.012-04:00,11.523438,-96.691498
2026-08-26T11:52:35.012-04:00,11.718750,-96.989754
2026-08-26T11:52:35.012-04:00,11.914062,-109.554214
2026-08-26T11:52:35.012-04:00,12.109375,-97.600090
2026-08-26T11:52:35.012-04:00,12.304688,-97.835701
2026-08-26T11:52:35.012-04:00,12.500000,-97.690086
2026-08-26T11:52:35.012-04:00,12.695312,-101.424332
2026-08-26T11:52:35.012-04:00,12.890625,-102.302315
2026-08-26T11:52:35.012-04:00,13.085938,-100.373795
2026-08-26T11:52:35.012-04:00,13.281250,-98.970413
2026-08-26T11:52:35.012-04:00,13.476562,-93.517227
2026-08-26T11:52:35.012-04:00,13.671875,-95.647316
2026-08-26T11:52:35.012-04:00,13.867188,-105.404297
2026-08-26T11:52:35.012-04:00,14.062500,-103.012283
2026-08-26T11:52:35.012-04:00,14.257812,-104.552368
2026-08-26T11:52:35.012-04:00,14.453125,-98.019669
2026-08-26T11:52:35.012-04:00,14.648438,-91.772346
2026-08-26T11:52:35.012-04:00,14.843750,-91.472992
2026-08-26T11:52:35.012-04:00,15.039062,-93.938400
2026-08-26T11:52:35.012-04:00,15.234375,-97.897385
2026-08-26T11:52:35.012-04:00,15.429688,-96.878578
2026-08-26T11:52:35.012-04:00,15.625000,-97.951851
2026-08-26T11:52:35.012-04:00,15.820312,-101.647644
2026-08-26T11:52:35.012-04:00,16.015625,-106.511703
2026-08-26T11:52:35.012-04:00,16.210938,-104.073608
2026-08-26T11:52:35.012-04:00,16.406250,-96.814178
2026-08-26T11:52:35.012-04:00,16.601562,-95.432709
2026-08-26T11:52:35.012-04:00,16.796875,-97.576889
2026-08-26T11:52:35.012-04:00,16.992188,-100.901909
2026-08-26T11:52:35.012-04:00,17.187500,-98.229202
2026-08-26T11:52:35.012-04:00,17.382812,-99.561371
2026-08-26T11:52:35.012-04:00,17.578125,-108.150520
2026-08-26T11:52:35.012-04:00,17.773438,-108.468063
2026-08-26T11:52:35.012-04:00,17.968750,-116.958786
2026-08-26T11:52:35.012-04:00,18.164062,-109.704582
2026-08-26T11:52:35.012-04:00,18.359375,-114.619232
2026-08-26T11:52:35.012-04:00,18.554688,-119.651077
2026-08-26T11:52:35.012-04:00,18.750000,-110.358696
2026-08-26T11:52:35.012-04:00,18.945312,-112.969879
2026-08-26T11:52:35.012-04:00,19.140625,-115.355217
2026-08-26T11:52:35.012-04:00,19.335938,-116.164276
2026-08-26T11:52:35.012-04:00,19.531250,-109.340355
2026-08-26T11:52:35.012-04:00,19.726562,-105.207817
2026-08-26T11:52:35.012-04:00,19.921875,-108.671562
2026-08-26T11:52:35.559-04:00,-19.921875,-106.685417
2026-08-26T11:52:35.559-04:00,-19.726562,-103.922920
2026-08-26T11:52:35.559-04:00,-19.531250,-109.989052
2026-08-26T11:52:35.559-04:00,-19.335938,-130.195831
2026-08-26T11:52:35.559-04:00,-19.140625,-118.448639
2026-08-26T11:52:35.559-04:00,-18.945312,-110.354736
2026-08-26T11:52:35.559-04:00,-18.750000,-106.964424
2026-08-26T11:52:35.559-04:00,-18.554688,-108.306442
2026-08-26T11:52:35.559-04:00,-18.359375,-107.746620
2026-08-26T11:52:35.559-04:00,-18.164062,-106.874359
2026-08-26T11:52:35.559-04:00,-17.968750,-109.881927
2026-08-26T11:52:35.559-04:00,-17.773438,-104.909203
2026-08-26T11:52:35.559-04:00,-17.578125,-101.062088
2026-08-26T11:52:35.559-04:00,-17.382812,-98.794083
2026-08-26T11:52:35.559-04:00,-17.187500,-97.325813
2026-08-26T11:52:35.559-04:00,-16.992188,-96.798553
2026-08-26T11:52:35.559-04:00,-16.796875,-98.278961
2026-08-26T11:52:35.559-04:00,-16.601562,-97.937172
2026-08-26T11:52:35.559-04:00,-16.406250,-95.666588
2026-08-26T11:52:35.559-04:00,-16.210938,-98.829758
2026-08-26T11:52:35.559-04:00,-16.015625,-107.128532
2026-08-26T11:52:35.559-04:00,-15.820312,-103.341225
2026-08-26T11:52:35.559-04:00,-15.625000,-96.690460
2026-08-26T11:52:35.559-04:00,-15.429688,-94.558372
2026-08-26T11:52:35.559-04:00,-15.234375,-93.094551
2026-08-26T11:52:35.559-04:00,-15.039062,-90.647507
2026-08-26T11:52:35.559-04:00,-14.843750,-88.960281
2026-08-26T11:52:35.559-04:00,-14.648438,-89.432846
2026-08-26T11:52:35.559-04:00,-14.453125,-92.127068
2026-08-26T11:52:35.559-04:00,-14.257812,-94.644882
2026-08-26T11:52:35.559-04:00,-14.062500,-95.084625
2026-08-26T11:52:35.559-04:00,-13.867188,-94.733498
2026-08-26T11:52:35.559-04:00,-13.671875,-92.656639
2026-08-26T11:52:35.559-04:00,-13.476562,-92.244659
2026-08-26T11:52:35.559-04:00,-13.281250,-93.691238
2026-08-26T11:52:35.559-04:00,-13.085938,-95.183403
2026-08-26T11:52:35.559-04:00,-12.890625,-96.364403
2026-08-26T11:52:35.559-04:00,-12.695312,-96.742928
2026-08-26T11:52:35.559-04:00,-12.500000,-96.260605
2026-08-26T11:52:35.559-04:00,-12.304688,-95.039337
2026-08-26T11:52:35.559-04:00,-12.109375,-94.587723
2026-08-26T11:52:35.559-04:00,-11.914062,-95.642662
2026-08-26T11:52:35.559-04:00,-11.718750,-94.107529
2026-08-26T11:52:35.559-04:00,-11.523438,-93.430328
2026-08-26T11:52:35.559-04:00,-11.328125,-92.816635
2026-08-26T11:52:35.559-04:00,-11.132812,-89.661728
2026-08-26T11:52:35.559-04:00,-10.937500,-88.974541
2026-08-26T11:52:35.559-04:00,-10.742188,-91.715225
2026-08-26T11:52:35.559-04:00,-10.546875,-96.863670
2026-08-26T11:52:35.559-04:00,-10.351562,-103.546074
2026-08-26T11:52:35.559-04:00,-10.156250,-103.984787
2026-08-26T11:52:35.559-04:00,-9.960938,-95.757843
2026-08-26T11:52:35.559-04:00,-9.765625,-87.644287
2026-08-26T11:52:35.559-04:00,-9.570312,-85.817566
2026-08-26T11:52:35.559-04:00,-9.375000,-86.939545
2026-08-26T11:52:35.559-04:00,-9.179688,-88.448120
2026-08-26T11:52:35.559-04:00,-8.984375,-94.178040
2026-08-26T11:52:35.559-04:00,-8.789062,-95.576004
2026-08-26T11:52:35.559-04:00,-8.593750,-90.457993
2026-08-26T11:52:35.559-04:00,-8.398438,-88.392288
2026-08-26T11:52:35.559-04:00,-8.203125,-87.359467
2026-08-26T11:52:35.559-04:00,-8.007812,-87.312866
2026-08-26T11:52:35.559-04:00,-7.812500,-87.232956
2026-08-26T11:52:35.559-04:00,-7.617188,-88.615341
2026-08-26T11:52:35.559-04:00,-7.421875,-92.640625
2026-08-26T11:52:35.559-04:00,-7.226562,-92.845314
2026-08-26T11:52:35.559-04:00,-7.031250,-88.096611
2026-08-26T11:52:35.559-04:00,-6.835938,-87.908028
2026-08-26T11:52:35.559-04:00,-6.640625,-93.681885
2026-08-26T11:52:35.559-04:00,-6.445312,-94.070290
2026-08-26T11:52:35.559-04:00,-6.250000,-90.698769
2026-08-26T11:52:35.559-04:00,-6.054688,-88.769295
2026-08-26T11:52:35.559-04:00,-5.859375,-92.729324
2026-08-26T11:52:35.559-04:00,-5.664062,-98.213005
2026-08-26T11:52:35.559-04:00,-5.468750,-100.377289
2026-08-26T11:52:35.559-04:00,-5.273438,-106.463303
2026-08-26T11:52:35.559-04:00,-5.078125,-100.240540
2026-08-26T11:52:35.559-04:00,-4.882812,-96.740952
2026-08-26T11:52:35.559-04:00,-4.687500,-86.850594
2026-08-26T11:52:35.559-04:00,-4.492188,-84.639580
2026-08-26T11:52:35.559-04:00,-4.296875,-89.834778
2026-08-26T11:52:35.559-04:00,-4.101562,-103.081627
2026-08-26T11:52:35.559-04:00,-3.906250,-99.351746
2026-08-26T11:52:35.559-04:00,-3.710938,-97.054810
2026-08-26T11:52:35.559-04:00,-3.515625,-90.310333
2026-08-26T11:52:35.559-04:00,-3.320312,-89.690765
2026-08-26T11:52:35.559-04:00,-3.125000,-89.132858
2026-08-26T11:52:35.559-04:00,-2.929688,-87.507568
2026-08-26T11:52:35.559-04:00,-2.734375,-86.263596
2026-08-26T11:52:35.559-04:00,-2.539062,-87.933105
2026-08-26T11:52:35.559-04:00,-2.343750,-90.808502
2026-08-26T11:52:35.559-04:00,-2.148438,-88.367348
2026-08-26T11:52:35.559-04:00,-1.953125,-85.335648
2026-08-26T11:52:35.559-04:00,-1.757812,-87.701576
2026-08-26T11:52:35.559-04:00,-1.562500,-83.971779
2026-08-26T11:52:35.559-04:00,-1.367188,-78.910599
2026-08-26T11:52:35.559-04:00,-1.171875,-79.491058
2026-08-26T11:52:35.559-04:00,-0.976562,-84.141922
2026-08-26T11:52:35.559-04:00,-0.781250,-88.558304
2026-08-26T11:52:35.559-04:00,-0.585938,-78.215370
2026-08-26T11:52:35.559-04:00,-0.390625,-73.119339
2026-08-26T11:52:35.559-04:00,-0.195312,-60.653542
2026-08-26T11:52:35.559-04:00,0.000000,-56.132473
2026-08-26T11:52:35.559-04:00,0.195312,-60.653542
2026-08-26T11:52:35.559-04:00,0.390625,-73.119339
2026-08-26T11:52:35.559-04:00,0.585938,-78.215370
2026-08-26T11:52:35.559-04:00,0.781250,-88.558304
2026-08-26T11:52:35.559-04:00,0.976562,-84.141922
2026-08-26T11:52:35.559-04:00,1.171875,-79.491058
2026-08-26T11:52:35.559-04:00,1.367188,-78.910599
2026-08-26T11:52:35.559-04:00,1.562500,-83.971779
2026-08-26T11:52:35.559-04:00,1.757812,-87.701576
2026-08-26T11:52:35.559-04:00,1.953125,-85.335648
2026-08-26T11:52:35.559-04:00,2.148438,-88.367348
2026-08-26T11:52:35.559-04:00,2.343750,-90.808502
2026-08-26T11:52:35.559-04:00,2.539062,-87.933105
2026-08-26T11:52:35.559-04:00,2.734375,-86.263596
2026-08-26T11:52:35.559-04:00,2.929688,-87.507568
2026-08-26T11:52:35.559-04:00,3.125000,-89.132858
2026-08-26T11:52:35.559-04:00,3.320312,-89.690765
2026-08-26T11:52:35.559-04:00,3.515625,-90.310333
2026-08-26T11:52:35.559-04:00,3.710938,-97.054810
2026-08-26T11:52:35.559-04:00,3.906250,-99.351746
2026-08-26T11:52:35.559-04:00,4.101562,-103.081627
2026-08-26T11:52:35.559-04:00,4.296875,-89.834778
2026-08-26T11:52:35.559-04:00,4.492188,-84.639580
2026-08-26T11:52:35.559-04:00,4.687500,-86.850594
2026-08-26T11:52:35.559-04:00,4.882812,-96.740952
2026-08-26T11:52:35.559-04:00,5.078125,-100.240540
2026-08-26T11:52:35.559-04:00,5.273438,-106.463303
2026-08-26T11:52:35.559-04:00,5.468750,-100.377289
2026-08-26T11:52:35.559-04:00,5.664062,-98.213005
2026-08-26T11:52:35.559-04:00,5.859375,-92.729324
2026-08-26T11:52:35.559-04:00,6.054688,-88.769295
2026-08-26T11:52:35.559-04:00,6.250000,-90.698769
2026-08-26T11:52:35.559-04:00,6.445312,-94.070290
2026-08-26T11:52:35.559-04:00,6.640625,-93.681885
2026-08-26T11:52:35.559-04:00,6.835938,-87.908028
2026-08-26T11:52:35.559-04:00,7.031250,-88.096611
2026-08-26T11:52:35.559-04:00,7.226562,-92.845314
2026-08-26T11:52:35.559-04:00,7.421875,-92.640625
2026-08-26T11:52:35.559-04:00,7.617188,-88.615341
2026-08-26T11:52:35.559-04:00,7.812500,-87.232956
2026-08-26T11:52:35.559-04:00,8.007812,-87.312866
2026-08-26T11:52:35.559-04:00,8.203125,-87.359467
2026-08-26T11:52:35.559-04:00,8.398438,-88.392288
2026-08-26T11:52:35.559-04:00,8.593750,-90.457993
2026-08-26T11:52:35.559-04:00,8.789062,-95.576004
2026-08-26T11:52:35.559-04:00,8.984375,-94.178040
2026-08-26T11:52:35.559-04:00,9.179688,-88.448120
2026-08-26T11:52:35.559-04:00,9.375000,-86.939545
2026-08-26T11:52:35.559-04:00,9.570312,-85.817566
2026-08-26T11:52:35.559-04:00,9.765625,-87.644287
2026-08-26T11:52:35.559-04:00,9.960938,-95.757843
2026-08-26T11:52:35.559-04:00,10.156250,-103.984787
2026-08-26T11:52:35.559-04:00,10.351562,-103.546074
2026-08-26T11:52:35.559-04:00,10.546875,-96.863670
2026-08-26T11:52:35.559-04:00,10.742188,-91.715225
2026-08-26T11:52:35.559-04:00,10.937500,-88.974541
2026-08-26T11:52:35.559-04:00,11.132812,-89.661728
2026-08-26T11:52:35.559-04:00,11.328125,-92.816635
2026-08-26T11:52:35.559-04:00,11.523438,-93.430328
2026-08-26T11:52:35.559-04:00,11.718750,-94.107529
2026-08-26T11:52:35.559-04:00,11.914062,-95.642662
2026-08-26T11:52:35.559-04:00,12.109375,-94.587723
2026-08-26T11:52:35.559-04:00,12.304688,-95.039337
2026-08-26T11:52:35.559-04:00,12.500000,-96.260605
2026-08-26T11:52:35.559-04:00,12.695312,-96.742928
2026-08-26T11:52:35.559-04:00,12.890625,-96.364403
2026-08-26T11:52:35.559-04:00,13.085938,-95.183403
2026-08-26T11:52:35.559-04:00,13.281250,-93.691238
2026-08-26T11:52:35.559-04:00,13.476562,-92.244659
2026-08-26T11:52:35.559-04:00,13.671875,-92.656639
2026-08-26T11:52:35.559-04:00,13.867188,-94.733498
2026-08-26T11:52:35.559-04:00,14.062500,-95.084625
2026-08-26T11:52:35.559-04:00,14.257812,-94.644882
2026-08-26T11:52:35.559-04:00,14.453125,-92.127068
2026-08-26T11:52:35.559-04:00,14.648438,-89.432846
2026-08-26T11:52:35.559-04:00,14.843750,-88.960281
2026-08-26T11:52:35.559-04:00,15.039062,-90.647507
2026-08-26T11:52:35.559-04:00,15.234375,-93.094551
2026-08-26T11:52:35.559-04:00,15.429688,-94.558372
2026-08-26T11:52:35.559-04:00,15.625000,-96.690460
2026-08-26T11:52:35.559-04:00,15.820312,-103.341225
2026-08-26T11:52:35.559-04:00,16.015625,-107.128532
2026-08-26T11:52:35.559-04:00,16.210938,-98.829758
2026-08-26T11:52:35.559-04:00,16.406250,-95.666588
2026-08-26T11:52:35.559-04:00,16.601562,-97.937172
2026-08-26T11:52:35.559-04:00,16.796875,-98.278961
2026-08-26T11:52:35.559-04:00,16.992188,-96.798553
2026-08-26T11:52:35.559-04:00,17.187500,-97.325813
2026-08-26T11:52:35.559-04:00,17.382812,-98.794083
2026-08-26T11:52:35.559-04:00,17.578125,-101.062088
2026-08-26T11:52:35.559-04:00,17.773438,-104.909203
2026-08-26T11:52:35.559-04:00,17.968750,-109.881927
2026-08-26T11:52:35.559-04:00,18.164062,-106.874359
2026-08-26T11:52:35.559-04:00,18.359375,-107.746620
2026-08-26T11:52:35.559-04:00,18.554688,-108.306442
2026-08-26T11:52:35.559-04:00,18.750000,-106.964424
2026-08-26T11:52:35.559-04:00,18.945312,-110.354736
2026-08-26T11:52:35.559-04:00,19.140625,-118.448639
2026-08-26T11:52:35.559-04:00,19.335938,-130.195831
2026-08-26T11:52:35.559-04:00,19.531250,-109.989052
2026-08-26T11:52:35.559-04:00,19.726562,-103.922920
2026-08-26T11:52:35.559-04:00,19.921875,-106.685417
2026-08-26T11:52:36.105-04:00,-19.921875,-102.584869
2026-08-26T11:52:36.105-04:00,-19.726562,-101.875534
2026-08-26T11:52:36.105-04:00,-19.531250,-106.751366
2026-08-26T11:52:36.105-04:00,-19.335938,-115.001289
2026-08-26T11:52:36.105-04:00,-19.140625,-123.786850
2026-08-26T11:52:36.105-04:00,-18.945312,-108.410919
2026-08-26T11:52:36.105-04:00,-18.750000,-103.963745
2026-08-26T11:52:36.105-04:00,-18.554688,-104.483330
2026-08-26T11:52:36.105-04:00,-18.359375,-105.601227
2026-08-26T11:52:36.105-04:00,-18.164062,-104.857254
2026-08-26T11:52:36.105-04:00,-17.968750,-104.076599
2026-08-26T11:52:36.105-04:00,-17.773438,-101.523552
2026-08-26T11:52:36.105-04:00,-17.578125,-99.109612
2026-08-26T11:52:36.105-04:00,-17.382812,-101.838974
2026-08-26T11:52:36.105-04:00,-17.187500,-100.323441
2026-08-26T11:52:36.105-04:00,-16.992188,-96.368858
2026-08-26T11:52:36.105-04:00,-16.796875,-101.810120
2026-08-26T11:52:36.105-04:00,-16.601562,-103.935364
2026-08-26T11:52:36.105-04:00,-16.406250,-95.064606
2026-08-26T11:52:36.105-04:00,-16.210938,-95.471466
2026-08-26T11:52:36.105-04:00,-16.015625,-102.612793
2026-08-26T11:52:36.105-04:00,-15.820312,-101.596130
2026-08-26T11:52:36.105-04:00,-15.625000,-97.975533
2026-08-26T11:52:36.105-04:00,-15.429688,-95.975189
2026-08-26T11:52:36.105-04:00,-15.234375,-94.666328
2026-08-26T11:52:36.105-04:00,-15.039062,-91.096924
2026-08-26T11:52:36.105-04:00,-14.843750,-89.725830
2026-08-26T11:52:36.105-04:00,-14.648438,-90.264832
2026-08-26T11:52:36.105-04:00,-14.453125,-90.691269
2026-08-26T11:52:36.105-04:00,-14.257812,-91.565659
2026-08-26T11:52:36.105-04:00,-14.062500,-91.966232
2026-08-26T11:52:36.105-04:00,-13.867188,-91.652298
2026-08-26T11:52:36.105-04:00,-13.671875,-92.787964
2026-08-26T11:52:36.105-04:00,-13.476562,-94.369141
2026-08-26T11:52:36.105-04:00,-13.281250,-93.472534
2026-08-26T11:52:36.105-04:00,-13.085938,-94.334305
2026-08-26T11:52:36.105-04:00,-12.890625,-95.729683
2026-08-26T11:52:36.105-04:00,-12.695312,-96.830414
2026-08-26T11:52:36.105-04:00,-12.500000,-100.053062
2026-08-26T11:52:36.105-04:00,-12.304688,-97.016212
2026-08-26T11:52:36.105-04:00,-12.109375,-93.408981
2026-08-26T11:52:36.105-04:00,-11.914062,-93.547333
2026-08-26T11:52:36.105-04:00,-11.718750,-94.331047
2026-08-26T11:52:36.105-04:00,-11.523438,-93.470398
2026-08-26T11:52:36.105-04:00,-11.328125,-92.030548
2026-08-26T11:52:36.105-04:00,-11.132812,-90.063705
2026-08-26T11:52:36.105-04:00,-10.937500,-90.163887
2026-08-26T11:52:36.105-04:00,-10.742188,-95.029602
2026-08-26T11:52:36.105-04:00,-10.546875,-96.440697
2026-08-26T11:52:36.105-04:00,-10.351562,-97.009781
2026-08-26T11:52:36.105-04:00,-10.156250,-102.640396
2026-08-26T11:52:36.105-04:00,-9.960938,-96.087921
2026-08-26T11:52:36.105-04:00,-9.765625,-88.444733
2026-08-26T11:52:36.105-04:00,-9.570312,-85.714966
2026-08-26T11:52:36.105-04:00,-9.375000,-86.630592
2026-08-26T11:52:36.105-04:00,-9.179688,-89.372833
2026-08-26T11:52:36.105-04:00,-8.984375,-90.124191
2026-08-26T11:52:36.105-04:00,-8.789062,-89.969566
2026-08-26T11:52:36.105-04:00,-8.593750,-88.814133
2026-08-26T11:52:36.105-04:00,-8.398438,-87.355728
2026-08-26T11:52:36.105-04:00,-8.203125,-88.044174
2026-08-26T11:52:36.105-04:00,-8.007812,-90.716087
2026-08-26T11:52:36.105-04:00,-7.812500,-87.942352
2026-08-26T11:52:36.105-04:00,-7.617188,-88.490463
2026-08-26T11:52:36.105-04:00,-7.421875,-96.873154
2026-08-26T11:52:36.105-04:00,-7.226562,-99.434502
2026-08-26T11:52:36.105-04:00,-7.031250,-90.680267
2026-08-26T11:52:36.105-04:00,-6.835938,-88.451263
2026-08-26T11:52:36.105-04:00,-6.640625,-90.006439
2026-08-26T11:52:36.105-04:00,-6.445312,-96.228607
2026-08-26T11:52:36.105-04:00,-6.250000,-95.091209
2026-08-26T11:52:36.105-04:00,-6.054688,-88.396591
2026-08-26T11:52:36.105-04:00,-5.859375,-89.017883
2026-08-26T11:52:36.105-04:00,-5.664062,-91.894730
2026-08-26T11:52:36.105-04:00,-5.468750,-96.007462
2026-08-26T11:52:36.105-04:00,-5.273438,-99.575310
2026-08-26T11:52:36.105-04:00,-5.078125,-95.342552
2026-08-26T11:52:36.105-04:00,-4.882812,-90.767471
2026-08-26T11:52:36.105-04:00,-4.687500,-88.167847
2026-08-26T11:52:36.105-04:00,-4.492188,-87.419022
2026-08-26T11:52:36.105-04:00,-4.296875,-89.453056
2026-08-26T11:52:36.105-04:00,-4.101562,-94.182617
2026-08-26T11:52:36.105-04:00,-3.906250,-92.030602
2026-08-26T11:52:36.105-04:00,-3.710938,-91.506943
2026-08-26T11:52:36.105-04:00,-3.515625,-93.543739
2026-08-26T11:52:36.105-04:00,-3.320312,-100.169838
2026-08-26T11:52:36.105-04:00,-3.125000,-89.993271
2026-08-26T11:52:36.105-04:00,-2.929688,-86.261459
2026-08-26T11:52:36.105-04:00,-2.734375,-85.948395
2026-08-26T11:52:36.105-04:00,-2.539062,-87.721909
2026-08-26T11:52:36.105-04:00,-2.343750,-89.416397
2026-08-26T11:52:36.105-04:00,-2.148438,-87.717819
2026-08-26T11:52:36.105-04:00,-1.953125,-86.529930
2026-08-26T11:52:36.105-04:00,-1.757812,-100.075928
2026-08-26T11:52:36.105-04:00,-1.562500,-86.638634
2026-08-26T11:52:36.105-04:00,-1.367188,-79.541763
2026-08-26T11:52:36.105-04:00,-1.171875,-80.627563
2026-08-26T11:52:36.105-04:00,-0.976562,-83.755730
2026-08-26T11:52:36.105-04:00,-0.781250,-87.852707
2026-08-26T11:52:36.105-04:00,-0.585938,-80.992111
2026-08-26T11:52:36.105-04:00,-0.390625,-79.135147
2026-08-26T11:52:36.105-04:00,-0.195312,-62.371590
2026-08-26T11:52:36.105-04:00,0.000000,-57.566128
2026-08-26T11:52:36.105-04:00,0.195312,-62.371590
2026-08-26T11:52:36.105-04:00,0.390625,-79.135147
2026-08-26T11:52:36.105-04:00,0.585938,-80.992111
2026-08-26T11:52:36.105-04:00,0.781250,-87.852707
2026-08-26T11:52:36.105-04:00,0.976562,-83.755730
2026-08-26T11:52:36.105-04:00,1.171875,-80.627563
2026-08-26T11:52:36.105-04:00,1.367188,-79.541763
2026-08-26T11:52:36.105-04:00,1.562500,-86.638634
2026-08-26T11:52:36.105-04:00,1.757812,-100.075928
2026-08-26T11:52:36.105-04:00,1.953125,-86.529930
2026-08-26T11:52:36.105-04:00,2.148438,-87.717819
2026-08-26T11:52:36.105-04:00,2.343750,-89.416397
2026-08-26T11:52:36.105-04:00,2.539062,-87.721909
2026-08-26T11:52:36.105-04:00,2.734375,-85.948395
2026-08-26T11:52:36.105-04:00,2.929688,-86.261459
2026-08-26T11:52:36.105-04:00,3.125000,-89.993271
2026-08-26T11:52:36.105-04:00,3.320312,-100.169838
2026-08-26T11:52:36.105-04:00,3.515625,-93.543739
2026-08-26T11:52:36.105-04:00,3.710938,-91.506943
2026-08-26T11:52:36.105-04:00,3.906250,-92.030602
2026-08-26T11:52:36.105-04:00,4.101562,-94.182617
2026-08-26T11:52:36.105-04:00,4.296875,-89.453056
2026-08-26T11:52:36.105-04:00,4.492188,-87.419022
2026-08-26T11:52:36.105-04:00,4.687500,-88.167847
2026-08-26T11:52:36.105-04:00,4.882812,-90.767471
2026-08-26T11:52:36.105-04:00,5.078125,-95.342552
2026-08-26T11:52:36.105-04:00,5.273438,-99.575310
2026-08-26T11:52:36.105-04:00,5.468750,-96.007462
2026-08-26T11:52:36.105-04:00,5.664062,-91.894730
2026-08-26T11:52:36.105-04:00,5.859375,-89.017883
2026-08-26T11:52:36.105-04:00,6.054688,-88.396591
2026-08-26T11:52:36.105-04:00,6.250000,-95.091209
2026-08-26T11:52:36.105-04:00,6.445312,-96.228607
2026-08-26T11:52:36.105-04:00,6.640625,-90.006439
2026-08-26T11:52:36.105-04:00,6.835938,-88.451263
2026-08-26T11:52:36.105-04:00,7.031250,-90.680267
2026-08-26T11:52:36.105-04:00,7.226562,-99.434502
2026-08-26T11:52:36.105-04:00,7.421875,-96.873154
2026-08-26T11:52:36.105-04:00,7.617188,-88.490463
2026-08-26T11:52:36.105-04:00,7.812500,-87.942352
2026-08-26T11:52:36.105-04:00,8.007812,-90.716087
2026-08-26T11:52:36.105-04:00,8.203125,-88.044174
2026-08-26T11:52:36.105-04:00,8.398438,-87.355728
2026-08-26T11:52:36.105-04:00,8.593750,-88.814133
2026-08-26T11:52:36.105-04:00,8.789062,-89.969566
2026-08-26T11:52:36.105-04:00,8.984375,-90.124191
2026-08-26T11:52:36.105-04:00,9.179688,-89.372833
2026-08-26T11:52:36.105-04:00,9.375000,-86.630592
2026-08-26T11:52:36.105-04:00,9.570312,-85.714966
2026-08-26T11:52:36.105-04:00,9.765625,-88.444733
2026-08-26T11:52:36.105-04:00,9.960938,-96.087921
2026-08-26T11:52:36.105-04:00,10.156250,-102.640396
2026-08-26T11:52:36.105-04:00,10.351562,-97.009781
2026-08-26T11:52:36.105-04:00,10.546875,-96.440697
2026-08-26T11:52:36.105-04:00,10.742188,-95.029602
2026-08-26T11:52:36.105-04:00,10.937500,-90.163887
2026-08-26T11:52:36.105-04:00,11.132812,-90.063705
2026-08-26T11:52:36.105-04:00,11.328125,-92.030548
2026-08-26T11:52:36.105-04:00,11.523438,-93.470398
2026-08-26T11:52:36.105-04:00,11.718750,-94.331047
2026-08-26T11:52:36.105-04:00,11.914062,-93.547333
2026-08-26T11:52:36.105-04:00,12.109375,-93.408981
2026-08-26T11:52:36.105-04:00,12.304688,-97.016212
2026-08-26T11:52:36.105-04:00,12.500000,-100.053062
2026-08-26T11:52:36.105-04:00,12.695312,-96.830414
2026-08-26T11:52:36.105-04:00,12.890625,-95.729683
2026-08-26T11:52:36.105-04:00,13.085938,-94.334305
2026-08-26T11:52:36.105-04:00,13.281250,-93.472534
2026-08-26T11:52:36.105-04:00,13.476562,-94.369141
2026-08-26T11:52:36.105-04:00,13.671875,-92.787964
2026-08-26T11:52:36.105-04:00,13.867188,-91.652298
2026-08-26T11:52:36.105-04:00,14.062500,-91.966232
2026-08-26T11:52:36.105-04:00,14.257812,-91.565659
2026-08-26T11:52:36.105-04:00,14.453125,-90.691269
2026-08-26T11:52:36.105-04:00,14.648438,-90.264832
2026-08-26T11:52:36.105-04:00,14.843750,-89.725830
2026-08-26T11:52:36.105-04:00,15.039062,-91.096924
2026-08-26T11:52:36.105-04:00,15.234375,-94.666328
2026-08-26T11:52:36.105-04:00,15.429688,-95.975189
2026-08-26T11:52:36.105-04:00,15.625000,-97.975533
2026-08-26T11:52:36.105-04:00,15.820312,-101.596130
2026-08-26T11:52:36.105-04:00,16.015625,-102.612793
2026-08-26T11:52:36.105-04:00,16.210938,-95.471466
2026-08-26T11:52:36.105-04:00,16.406250,-95.064606
2026-08-26T11:52:36.105-04:00,16.601562,-103.935364
2026-08-26T11:52:36.105-04:00,16.796875,-101.810120
2026-08-26T11:52:36.105-04:00,16.992188,-96.368858
2026-08-26T11:52:36.105-04:00,17.187500,-100.323441
2026-08-26T11:52:36.105-04:00,17.382812,-101.838974
2026-08-26T11:52:36.105-04:00,17.578125,-99.109612
2026-08-26T11:52:36.105-04:00,17.773438,-101.523552
2026-08-26T11:52:36.105-04:00,17.968750,-104.076599
2026-08-26T11:52:36.105-04:00,18.164062,-104.857254
2026-08-26T11:52:36.105-04:00,18.359375,-105.601227
2026-08-26T11:52:36.105-04:00,18.554688,-104.483330
2026-08-26T11:52:36.105-04:00,18.750000,-103.963745
2026-08-26T11:52:36.105-04:00,18.945312,-108.410919
2026-08-26T11:52:36.105-04:00,19.140625,-123.786850
2026-08-26T11:52:36.105-04:00,19.335938,-115.001289
2026-08-26T11:52:36.105-04:00,19.531250,-106.751366
2026-08-26T11:52:36.105-04:00,19.726562,-101.875534
2026-08-26T11:52:36.105-04:00,19.921875,-102.584869
2026-08-26T11:52:36.651-04:00,-19.921875,-100.420883
2026-08-26T11:52:36.651-04:00,-19.726562,-100.701279
2026-08-26T11:52:36.651-04:00,-19.531250,-104.026062
2026-08-26T11:52:36.651-04:00,-19.335938,-108.521431
2026-08-26T11:52:36.651-04:00,-19.140625,-109.445763
2026-08-26T11:52:36.651-04:00,-18.945312,-104.533371
2026-08-26T11:52:36.651-04:00,-18.750000,-102.157089
2026-08-26T11:52:36.651-04:00,-18.554688,-105.000145
2026-08-26T11:52:36.651-04:00,-18.359375,-110.919884
2026-08-26T11:52:36.651-04:00,-18.164062,-105.773201
2026-08-26T11:52:36.651-04:00,-17.968750,-104.808815
2026-08-26T11:52:36.651-04:00,-17.773438,-103.197418
2026-08-26T11:52:36.651-04:00,-17.578125,-98.556221
2026-08-26T11:52:36.651-04:00,-17.382812,-101.493439
2026-08-26T11:52:36.651-04:00,-17.187500,-100.014236
2026-08-26T11:52:36.651-04:00,-16.992188,-95.589340
2026-08-26T11:52:36.651-04:00,-16.796875,-99.289085
2026-08-26T11:52:36.651-04:00,-16.601562,-100.485275
2026-08-26T11:52:36.651-04:00,-16.406250,-94.649742
2026-08-26T11:52:36.651-04:00,-16.210938,-92.784027
2026-08-26T11:52:36.651-04:00,-16.015625,-95.240562
2026-08-26T11:52:36.651-04:00,-15.820312,-99.717293
2026-08-26T11:52:36.651-04:00,-15.625000,-105.395340
2026-08-26T11:52:36.651-04:00,-15.429688,-99.048889
2026-08-26T11:52:36.651-04:00,-15.234375,-107.269295
2026-08-26T11:52:36.651-04:00,-15.039062,-93.580200
2026-08-26T11:52:36.651-04:00,-14.843750,-93.743370
2026-08-26T11:52:36.651-04:00,-14.648438,-96.492882
2026-08-26T11:52:36.651-04:00,-14.453125,-93.263016
2026-08-26T11:52:36.651-04:00,-14.257812,-93.207077
2026-08-26T11:52:36.651-04:00,-14.062500,-94.572723
2026-08-26T11:52:36.651-04:00,-13.867188,-91.965302
2026-08-26T11:52:36.651-04:00,-13.671875,-95.483063
2026-08-26T11:52:36.651-04:00,-13.476562,-104.328239
2026-08-26T11:52:36.651-04:00,-13.281250,-95.880348
2026-08-26T11:52:36.651-04:00,-13.085938,-98.161087
2026-08-26T11:52:36.651-04:00,-12.890625,-100.301094
2026-08-26T11:52:36.651-04:00,-12.695312,-100.113327
2026-08-26T11:52:36.651-04:00,-12.500000,-105.423592
2026-08-26T11:52:36.651-04:00,-12.304688,-99.174278
2026-08-26T11:52:36.651-04:00,-12.109375,-94.175110
2026-08-26T11:52:36.651-04:00,-11.914062,-96.011955
2026-08-26T11:52:36.651-04:00,-11.718750,-101.039185
2026-08-26T11:52:36.651-04:00,-11.523438,-97.452232
2026-08-26T11:52:36.651-04:00,-11.328125,-97.110245
2026-08-26T11:52:36.651-04:00,-11.132812,-93.849220
2026-08-26T11:52:36.651-04:00,-10.937500,-91.897156
2026-08-26T11:52:36.651-04:00,-10.742188,-100.905617
2026-08-26T11:52:36.651-04:00,-10.546875,-97.522446
2026-08-26T11:52:36.651-04:00,-10.351562,-93.609398
2026-08-26T11:52:36.651-04:00,-10.156250,-95.443352
2026-08-26T11:52:36.651-04:00,-9.960938,-95.137131
2026-08-26T11:52:36.651-04:00,-9.765625,-90.866920
2026-08-26T11:52:36.651-04:00,-9.570312,-88.032028
2026-08-26T11:52:36.651-04:00,-9.375000,-89.045952
2026-08-26T11:52:36.651-04:00,-9.179688,-99.690918
2026-08-26T11:52:36.651-04:00,-8.984375,-89.785568
2026-08-26T11:52:36.651-04:00,-8.789062,-88.560013
2026-08-26T11:52:36.651-04:00,-8.593750,-93.802727
2026-08-26T11:52:36.651-04:00,-8.398438,-89.030594
2026-08-26T11:52:36.651-04:00,-8.203125,-90.165642
2026-08-26T11:52:36.651-04:00,-8.007812,-114.740974
2026-08-26T11:52:36.651-04:00,-7.812500,-89.878708
2026-08-26T11:52:36.651-04:00,-7.617188,-88.872620
2026-08-26T11:52:36.651-04:00,-7.421875,-94.603256
2026-08-26T11:52:36.651-04:00,-7.226562,-99.486702
2026-08-26T11:52:36.651-04:00,-7.031250,-94.550598
2026-08-26T11:52:36.651-04:00,-6.835938,-91.115540
2026-08-26T11:52:36.651-04:00,-6.640625,-90.209282
2026-08-26T11:52:36.651-04:00,-6.445312,-92.683151
2026-08-26T11:52:36.651-04:00,-6.250000,-91.530449
2026-08-26T11:52:36.651-04:00,-6.054688,-88.120209
2026-08-26T11:52:36.651-04:00,-5.859375,-89.839897
2026-08-26T11:52:36.651-04:00,-5.664062,-89.361755
2026-08-26T11:52:36.651-04:00,-5.468750,-92.380684
2026-08-26T11:52:36.651-04:00,-5.273438,-113.428253
2026-08-26T11:52:36.651-04:00,-5.078125,-91.348358
2026-08-26T11:52:36.651-04:00,-4.882812,-88.470291
2026-08-26T11:52:36.651-04:00,-4.687500,-94.125381
2026-08-26T11:52:36.651-04:00,-4.492188,-91.851921
2026-08-26T11:52:36.651-04:00,-4.296875,-89.891472
2026-08-26T11:52:36.651-04:00,-4.101562,-88.261978
2026-08-26T11:52:36.651-04:00,-3.906250,-86.792175
2026-08-26T11:52:36.651-04:00,-3.710938,-89.811096
2026-08-26T11:52:36.651-04:00,-3.515625,-99.200912
2026-08-26T11:52:36.651-04:00,-3.320312,-98.837967
2026-08-26T11:52:36.651-04:00,-3.125000,-90.532150
2026-08-26T11:52:36.651-04:00,-2.929688,-88.697731
2026-08-26T11:52:36.651-04:00,-2.734375,-87.828735
2026-08-26T11:52:36.651-04:00,-2.539062,-94.138184
2026-08-26T11:52:36.651-04:00,-2.343750,-91.377426
2026-08-26T11:52:36.651-04:00,-2.148438,-96.670807
2026-08-26T11:52:36.651-04:00,-1.953125,-83.197243
2026-08-26T11:52:36.651-04:00,-1.757812,-85.868416
2026-08-26T11:52:36.651-04:00,-1.562500,-96.997971
2026-08-26T11:52:36.651-04:00,-1.367188,-77.479492
2026-08-26T11:52:36.651-04:00,-1.171875,-79.932625
2026-08-26T11:52:36.651-04:00,-0.976562,-82.549744
2026-08-26T11:52:36.651-04:00,-0.781250,-79.381721
2026-08-26T11:52:36.651-04:00,-0.585938,-79.534042
2026-08-26T11:52:36.651-04:00,-0.390625,-67.695473
2026-08-26T11:52:36.651-04:00,-0.195312,-60.047913
2026-08-26T11:52:36.651-04:00,0.000000,-57.559952
2026-08-26T11:52:36.651-04:00,0.195312,-60.047913
2026-08-26T11:52:36.651-04:00,0.390625,-67.695473
2026-08-26T11:52:36.651-04:00,0.585938,-79.534042
2026-08-26T11:52:36.651-04:00,0.781250,-79.381721
2026-08-26T11:52:36.651-04:00,0.976562,-82.549744
2026-08-26T11:52:36.651-04:00,1.171875,-79.932625
2026-08-26T11:52:36.651-04:00,1.367188,-77.479492
2026-08-26T11:52:36.651-04:00,1.562500,-96.997971
2026-08-26T11:52:36.651-04:00,1.757812,-85.868416
2026-08-26T11:52:36.651-04:00,1.953125,-83.197243
2026-08-26T11:52:36.651-04:00,2.148438,-96.670807
2026-08-26T11:52:36.651-04:00,2.343750,-91.377426
2026-08-26T11:52:36.651-04:00,2.539062,-94.138184
2026-08-26T11:52:36.651-04:00,2.734375,-87.828735
2026-08-26T11:52:36.651-04:00,2.929688,-88.697731
2026-08-26T11:52:36.651-04:00,3.125000,-90.532150
2026-08-26T11:52:36.651-04:00,3.320312,-98.837967
2026-08-26T11:52:36.651-04:00,3.515625,-99.200912
2026-08-26T11:52:36.651-04:00,3.710938,-89.811096
2026-08-26T11:52:36.651-04:00,3.906250,-86.792175
2026-08-26T11:52:36.651-04:00,4.101562,-88.261978
2026-08-26T11:52:36.651-04:00,4.296875,-89.891472
2026-08-26T11:52:36.651-04:00,4.492188,-91.851921
2026-08-26T11:52:36.651-04:00,4.687500,-94.125381
2026-08-26T11:52:36.651-04:00,4.882812,-88.470291
2026-08-26T11:52:36.651-04:00,5.078125,-91.348358
2026-08-26T11:52:36.651-04:00,5.273438,-113.428253
2026-08-26T11:52:36.651-04:00,5.468750,-92.380684
2026-08-26T11:52:36.651-04:00,5.664062,-89.361755
2026-08-26T11:52:36.651-04:00,5.859375,-89.839897
2026-08-26T11:52:36.651-04:00,6.054688,-88.120209
2026-08-26T11:52:36.651-04:00,6.250000,-91.530449
2026-08-26T11:52:36.651-04:00,6.445312,-92.683151
2026-08-26T11:52:36.651-04:00,6.640625,-90.209282
2026-08-26T11:52:36.651-04:00,6.835938,-91.115540
2026-08-26T11:52:36.651-04:00,7.031250,-94.550598
2026-08-26T11:52:36.651-04:00,7.226562,-99.486702
2026-08-26T11:52:36.651-04:00,7.421875,-94.603256
2026-08-26T11:52:36.651-04:00,7.617188,-88.872620
2026-08-26T11:52:36.651-04:00,7.812500,-89.878708
2026-08-26T11:52:36.651-04:00,8.007812,-114.740974
2026-08-26T11:52:36.651-04:00,8.203125,-90.165642
2026-08-26T11:52:36.651-04:00,8.398438,-89.030594
2026-08-26T11:52:36.651-04:00,8.593750,-93.802727
2026-08-26T11:52:36.651-04:00,8.789062,-88.560013
2026-08-26T11:52:36.651-04:00,8.984375,-89.785568
2026-08-26T11:52:36.651-04:00,9.179688,-99.690918
2026-08-26T11:52:36.651-04:00,9.375000,-89.045952
2026-08-26T11:52:36.651-04:00,9.570312,-88.032028
2026-08-26T11:52:36.651-04:00,9.765625,-90.866920
2026-08-26T11:52:36.651-04:00,9.960938,-95.137131
2026-08-26T11:52:36.651-04:00,10.156250,-95.443352
2026-08-26T11:52:36.651-04:00,10.351562,-93.609398
2026-08-26T11:52:36.651-04:00,10.546875,-97.522446
2026-08-26T11:52:36.651-04:00,10.742188,-100.905617
2026-08-26T11:52:36.651-04:00,10.937500,-91.897156
2026-08-26T11:52:36.651-04:00,11.132812,-93.849220
2026-08-26T11:52:36.651-04:00,11.328125,-97.110245
2026-08-26T11:52:36.651-04:00,11.523438,-97.452232
2026-08-26T11:52:36.651-04:00,11.718750,-101.039185
2026-08-26T11:52:36.651-04:00,11.914062,-96.011955
2026-08-26T11:52:36.651-04:00,12.109375,-94.175110
2026-08-26T11:52:36.651-04:00,12.304688,-99.174278
2026-08-26T11:52:36.651-04:00,12.500000,-105.423592
2026-08-26T11:52:36.651-04:00,12.695312,-100.113327
2026-08-26T11:52:36.651-04:00,12.890625,-100.301094
2026-08-26T11:52:36.651-04:00,13.085938,-98.161087
2026-08-26T11:52:36.651-04:00,13.281250,-95.880348
2026-08-26T11:52:36.651-04:00,13.476562,-104.328239
2026-08-26T11:52:36.651-04:00,13.671875,-95.483063
2026-08-26T11:52:36.651-04:00,13.867188,-91.965302
2026-08-26T11:52:36.651-04:00,14.062500,-94.572723
2026-08-26T11:52:36.651-04:00,14.257812,-93.207077
2026-08-26T11:52:36.651-04:00,14.453125,-93.263016
2026-08-26T11:52:36.651-04:00,14.648438,-96.492882
2026-08-26T11:52:36.651-04:00,14.843750,-93.743370
2026-08-26T11:52:36.651-04:00,15.039062,-93.580200
2026-08-26T11:52:36.651-04:00,15.234375,-107.269295
2026-08-26T11:52:36.651-04:00,15.429688,-99.048889
2026-08-26T11:52:36.651-04:00,15.625000,-105.395340
2026-08-26T11:52:36.651-04:00,15.820312,-99.717293
2026-08-26T11:52:36.651-04:00,16.015625,-95.240562
2026-08-26T11:52:36.651-04:00,16.210938,-92.784027
2026-08-26T11:52:36.651-04:00,16.406250,-94.649742
2026-08-26T11:52:36.651-04:00,16.601562,-100.485275
2026-08-26T11:52:36.651-04:00,16.796875,-99.289085
2026-08-26T11:52:36.651-04:00,16.992188,-95.589340
2026-08-26T11:52:36.651-04:00,17.187500,-100.014236
2026-08-26T11:52:36.651-04:00,17.382812,-101.493439
2026-08-26T11:52:36.651-04:00,17.578125,-98.556221
2026-08-26T11:52:36.651-04:00,17.773438,-103.197418
2026-08-26T11:52:36.651-04:00,17.968750,-104.808815
2026-08-26T11:52:36.651-04:00,18.164062,-105.773201
2026-08-26T11:52:36.651-04:00,18.359375,-110.919884
2026-08-26T11:52:36.651-04:00,18.554688,-105.000145
2026-08-26T11:52:36.651-04:00,18.750000,-102.157089
2026-08-26T11:52:36.651-04:00,18.945312,-104.533371
2026-08-26T11:52:36.651-04:00,19.140625,-109.445763
2026-08-26T11:52:36.651-04:00,19.335938,-108.521431
2026-08-26T11:52:36.651-04:00,19.531250,-104.026062
2026-08-26T11:52:36.651-04:00,19.726562,-100.701279
2026-08-26T11:52:36.651-04:00,19.921875,-100.420883
2026-08-26T11:52:37.197-04:00,-19.921875,-99.856247
2026-08-26T11:52:37.197-04:00,-19.726562,-102.617432
2026-08-26T11:52:37.197-04:00,-19.531250,-104.767342
2026-08-26T11:52:37.197-04:00,-19.335938,-108.057320
2026-08-26T11:52:37.197-04:00,-19.140625,-108.724098
2026-08-26T11:52:37.197-04:00,-18.945312,-101.927338
2026-08-26T11:52:37.197-04:00,-18.750000,-101.271698
2026-08-26T11:52:37.197-04:00,-18.554688,-107.723763
2026-08-26T11:52:37.197-04:00,-18.359375,-119.659241
2026-08-26T11:52:37.197-04:00,-18.164062,-106.447708
2026-08-26T11:52:37.197-04:00,-17.968750,-106.610260
2026-08-26T11:52:37.197-04:00,-17.773438,-108.326332
2026-08-26T11:52:37.197-04:00,-17.578125,-98.012474
2026-08-26T11:52:37.197-04:00,-17.382812,-95.867020
2026-08-26T11:52:37.197-04:00,-17.187500,-94.305176
2026-08-26T11:52:37.197-04:00,-16.992188,-93.955048
2026-08-26T11:52:37.197-04:00,-16.796875,-99.145004
2026-08-26T11:52:37.197-04:00,-16.601562,-105.858185
2026-08-26T11:52:37.197-04:00,-16.406250,-94.988419
2026-08-26T11:52:37.197-04:00,-16.210938,-91.652802
2026-08-26T11:52:37.197-04:00,-16.015625,-92.590942
2026-08-26T11:52:37.197-04:00,-15.820312,-97.072380
2026-08-26T11:52:37.197-04:00,-15.625000,-101.004303
2026-08-26T11:52:37.197-04:00,-15.429688,-96.578018
2026-08-26T11:52:37.197-04:00,-15.234375,-96.637161
2026-08-26T11:52:37.197-04:00,-15.039062,-93.779648
2026-08-26T11:52:37.197-04:00,-14.843750,-100.330772
2026-08-26T11:52:37.197-04:00,-14.648438,-120.721855
2026-08-26T11:52:37.197-04:00,-14.453125,-97.590820
2026-08-26T11:52:37.197-04:00,-14.257812,-96.063499
2026-08-26T11:52:37.197-04:00,-14.062500,-107.337524
2026-08-26T11:52:37.197-04:00,-13.867188,-92.585266
2026-08-26T11:52:37.197-04:00,-13.671875,-93.509232
2026-08-26T11:52:37.197-04:00,-13.476562,-97.136810
2026-08-26T11:52:37.197-04:00,-13.281250,-97.659027
2026-08-26T11:52:37.197-04:00,-13.085938,-111.350975
2026-08-26T11:52:37.197-04:00,-12.890625,-107.902908
2026-08-26T11:52:37.197-04:00,-12.695312,-106.315613
2026-08-26T11:52:37.197-04:00,-12.500000,-97.972565
2026-08-26T11:52:37.197-04:00,-12.304688,-95.219070
2026-08-26T11:52:37.197-04:00,-12.109375,-96.040939
2026-08-26T11:52:37.197-04:00,-11.914062,-102.019287
2026-08-26T11:52:37.197-04:00,-11.718750,-108.848839
2026-08-26T11:52:37.197-04:00,-11.523438,-100.203255
2026-08-26T11:52:37.197-04:00,-11.328125,-102.696579
2026-08-26T11:52:37.197-04:00,-11.132812,-96.805115
2026-08-26T11:52:37.197-04:00,-10.937500,-92.630737
2026-08-26T11:52:37.197-04:00,-10.742188,-94.795959
2026-08-26T11:52:37.197-04:00,-10.546875,-93.646919
2026-08-26T11:52:37.197-04:00,-10.351562,-91.383560
2026-08-26T11:52:37.197-04:00,-10.156250,-94.105141
2026-08-26T11:52:37.197-04:00,-9.960938,-105.006020
2026-08-26T11:52:37.197-04:00,-9.765625,-95.442009
2026-08-26T11:52:37.197-04:00,-9.570312,-93.377945
2026-08-26T11:52:37.197-04:00,-9.375000,-91.417023
2026-08-26T11:52:37.197-04:00,-9.179688,-92.735435
2026-08-26T11:52:37.197-04:00,-8.984375,-87.273331
2026-08-26T11:52:37.197-04:00,-8.789062,-86.557419
2026-08-26T11:52:37.197-04:00,-8.593750,-95.041748
2026-08-26T11:52:37.197-04:00,-8.398438,-89.166298
2026-08-26T11:52:37.197-04:00,-8.203125,-90.562477
2026-08-26T11:52:37.197-04:00,-8.007812,-93.312187
2026-08-26T11:52:37.197-04:00,-7.812500,-90.183578
2026-08-26T11:52:37.197-04:00,-7.617188,-89.529343
2026-08-26T11:52:37.197-04:00,-7.421875,-93.974014
2026-08-26T11:52:37.197-04:00,-7.226562,-113.458397
2026-08-26T11:52:37.197-04:00,-7.031250,-98.240341
2026-08-26T11:52:37.197-04:00,-6.835938,-97.612617
2026-08-26T11:52:37.197-04:00,-6.640625,-93.545746
2026-08-26T11:52:37.197-04:00,-6.445312,-89.405251
2026-08-26T11:52:37.197-04:00,-6.250000,-86.880554
2026-08-26T11:52:37.197-04:00,-6.054688,-87.038864
2026-08-26T11:52:37.197-04:00,-5.859375,-108.289780
2026-08-26T11:52:37.197-04:00,-5.664062,-87.538177
2026-08-26T11:52:37.197-04:00,-5.468750,-86.642944
2026-08-26T11:52:37.197-04:00,-5.273438,-89.163651
2026-08-26T11:52:37.197-04:00,-5.078125,-86.523148
2026-08-26T11:52:37.197-04:00,-4.882812,-86.143639
2026-08-26T11:52:37.197-04:00,-4.687500,-92.781647
2026-08-26T11:52:37.197-04:00,-4.492188,-91.920853
2026-08-26T11:52:37.197-04:00,-4.296875,-97.575157
2026-08-26T11:52:37.197-04:00,-4.101562,-87.571907
2026-08-26T11:52:37.197-04:00,-3.906250,-82.315605
2026-08-26T11:52:37.197-04:00,-3.710938,-85.289124
2026-08-26T11:52:37.197-04:00,-3.515625,-93.477364
2026-08-26T11:52:37.197-04:00,-3.320312,-89.853333
2026-08-26T11:52:37.197-04:00,-3.125000,-90.270348
2026-08-26T11:52:37.197-04:00,-2.929688,-96.504028
2026-08-26T11:52:37.197-04:00,-2.734375,-89.405243
2026-08-26T11:52:37.197-04:00,-2.539062,-87.181358
2026-08-26T11:52:37.197-04:00,-2.343750,-83.589264
2026-08-26T11:52:37.197-04:00,-2.148438,-80.310432
2026-08-26T11:52:37.197-04:00,-1.953125,-74.653442
2026-08-26T11:52:37.197-04:00,-1.757812,-73.285034
2026-08-26T11:52:37.197-04:00,-1.562500,-73.389214
2026-08-26T11:52:37.197-04:00,-1.367188,-69.750847
2026-08-26T11:52:37.197-04:00,-1.171875,-69.873154
2026-08-26T11:52:37.197-04:00,-0.976562,-70.408379
2026-08-26T11:52:37.197-04:00,-0.781250,-68.571716
2026-08-26T11:52:37.197-04:00,-0.585938,-65.672394
2026-08-26T11:52:37.197-04:00,-0.390625,-60.383263
2026-08-26T11:52:37.197-04:00,-0.195312,-58.211914
2026-08-26T11:52:37.197-04:00,0.000000,-59.984657
2026-08-26T11:52:37.197-04:00,0.195312,-58.211914
2026-08-26T11:52:37.197-04:00,0.390625,-60.383263
2026-08-26T11:52:37.197-04:00,0.585938,-65.672394
2026-08-26T11:52:37.197-04:00,0.781250,-68.571716
2026-08-26T11:52:37.197-04:00,0.976562,-70.408379
2026-08-26T11:52:37.197-04:00,1.171875,-69.873154
2026-08-26T11:52:37.197-04:00,1.367188,-69.750847
2026-08-26T11:52:37.197-04:00,1.562500,-73.389214
2026-08-26T11:52:37.197-04:00,1.757812,-73.285034
2026-08-26T11:52:37.197-04:00,1.953125,-74.653442
2026-08-26T11:52:37.197-04:00,2.148438,-80.310432
2026-08-26T11:52:37.197-04:00,2.343750,-83.589264
2026-08-26T11:52:37.197-04:00,2.539062,-87.181358
2026-08-26T11:52:37.197-04:00,2.734375,-89.405243
2026-08-26T11:52:37.197-04:00,2.929688,-96.504028
2026-08-26T11:52:37.197-04:00,3.125000,-90.270348
2026-08-26T11:52:37.197-04:00,3.320312,-89.853333
2026-08-26T11:52:37.197-04:00,3.515625,-93.477364
2026-08-26T11:52:37.197-04:00,3.710938,-85.289124
2026-08-26T11:52:37.197-04:00,3.906250,-82.315605
2026-08-26T11:52:37.197-04:00,4.101562,-87.571907
2026-08-26T11:52:37.197-04:00,4.296875,-97.575157
2026-08-26T11:52:37.197-04:00,4.492188,-91.920853
2026-08-26T11:52:37.197-04:00,4.687500,-92.781647
2026-08-26T11:52:37.197-04:00,4.882812,-86.143639
2026-08-26T11:52:37.197-04:00,5.078125,-86.523148
2026-08-26T11:52:37.197-04:00,5.273438,-89.163651
2026-08-26T11:52:37.197-04:00,5.468750,-86.642944
2026-08-26T11:52:37.197-04:00,5.664062,-87.538177
2026-08-26T11:52:37.197-04:00,5.859375,-108.289780
2026-08-26T11:52:37.197-04:00,6.054688,-87.038864
2026-08-26T11:52:37.197-04:00,6.250000,-86.880554
2026-08-26T11:52:37.197-04:00,6.445312,-89.405251
2026-08-26T11:52:37.197-04:00,6.640625,-93.545746
2026-08-26T11:52:37.197-04:00,6.835938,-97.612617
2026-08-26T11:52:37.197-04:00,7.031250,-98.240341
2026-08-26T11:52:37.197-04:00,7.226562,-113.458397
2026-08-26T11:52:37.197-04:00,7.421875,-93.974014
2026-08-26T11:52:37.197-04:00,7.617188,-89.529343
2026-08-26T11:52:37.197-04:00,7.812500,-90.183578
2026-08-26T11:52:37.197-04:00,8.007812,-93.312187
2026-08-26T11:52:37.197-04:00,8.203125,-90.562477
2026-08-26T11:52:37.197-04:00,8.398438,-89.166298
2026-08-26T11:52:37.197-04:00,8.593750,-95.041748
2026-08-26T11:52:37.197-04:00,8.789062,-86.557419
2026-08-26T11:52:37.197-04:00,8.984375,-87.273331
2026-08-26T11:52:37.197-04:00,9.179688,-92.735435
2026-08-26T11:52:37.197-04:00,9.375000,-91.417023
2026-08-26T11:52:37.197-04:00,9.570312,-93.377945
2026-08-26T11:52:37.197-04:00,9.765625,-95.442009
2026-08-26T11:52:37.197-04:00,9.960938,-105.006020
2026-08-26T11:52:37.197-04:00,10.156250,-94.105141
2026-08-26T11:52:37.197-04:00,10.351562,-91.383560
2026-08-26T11:52:37.197-04:00,10.546875,-93.646919
2026-08-26T11:52:37.197-04:00,10.742188,-94.795959
2026-08-26T11:52:37.197-04:00,10.937500,-92.630737
2026-08-26T11:52:37.197-04:00,11.132812,-96.805115
2026-08-26T11:52:37.197-04:00,11.328125,-102.696579
2026-08-26T11:52:37.197-04:00,11.523438,-100.203255
2026-08-26T11:52:37.197-04:00,11.718750,-108.848839
2026-08-26T11:52:37.197-04:00,11.914062,-102.019287
2026-08-26T11:52:37.197-04:00,12.109375,-96.040939
2026-08-26T11:52:37.197-04:00,12.304688,-95.219070
2026-08-26T11:52:37.197-04:00,12.500000,-97.972565
2026-08-26T11:52:37.197-04:00,12.695312,-106.315613
2026-08-26T11:52:37.197-04:00,12.890625,-107.902908
2026-08-26T11:52:37.197-04:00,13.085938,-111.350975
2026-08-26T11:52:37.197-04:00,13.281250,-97.659027
2026-08-26T11:52:37.197-04:00,13.476562,-97.136810
2026-08-26T11:52:37.197-04:00,13.671875,-93.509232
2026-08-26T11:52:37.197-04:00,13.867188,-92.585266
2026-08-26T11:52:37.197-04:00,14.062500,-107.337524
2026-08-26T11:52:37.197-04:00,14.257812,-96.063499
2026-08-26T11:52:37.197-04:00,14.453125,-97.590820
2026-08-26T11:52:37.197-04:00,14.648438,-120.721855
2026-08-26T11:52:37.197-04:00,14.843750,-100.330772
2026-08-26T11:52:37.197-04:00,15.039062,-93.779648
2026-08-26T11:52:37.197-04:00,15.234375,-96.637161
2026-08-26T11:52:37.197-04:00,15.429688,-96.578018
2026-08-26T11:52:37.197-04:00,15.625000,-101.004303
2026-08-26T11:52:37.197-04:00,15.820312,-97.072380
2026-08-26T11:52:37.197-04:00,16.015625,-92.590942
2026-08-26T11:52:37.197-04:00,16.210938,-91.652802
2026-08-26T11:52:37.197-04:00,16.406250,-94.988419
2026-08-26T11:52:37.197-04:00,16.601562,-105.858185
2026-08-26T11:52:37.197-04:00,16.796875,-99.145004
2026-08-26T11:52:37.197-04:00,16.992188,-93.955048
2026-08-26T11:52:37.197-04:00,17.187500,-94.305176
2026-08-26T11:52:37.197-04:00,17.382812,-95.867020
2026-08-26T11:52:37.197-04:00,17.578125,-98.012474
2026-08-26T11:52:37.197-04:00,17.773438,-108.326332
2026-08-26T11:52:37.197-04:00,17.968750,-106.610260
2026-08-26T11:52:37.197-04:00,18.164062,-106.447708
2026-08-26T11:52:37.197-04:00,18.359375,-119.659241
2026-08-26T11:52:37.197-04:00,18.554688,-107.723763
2026-08-26T11:52:37.197-04:00,18.750000,-101.271698
2026-08-26T11:52:37.197-04:00,18.945312,-101.927338
2026-08-26T11:52:37.197-04:00,19.140625,-108.724098
2026-08-26T11:52:37.197-04:00,19.335938,-108.057320
2026-08-26T11:52:37.197-04:00,19.531250,-104.767342
2026-08-26T11:52:37.197-04:00,19.726562,-102.617432
2026-08-26T11:52:37.197-04:00,19.921875,-99.856247
2026-08-26T11:52:37.742-04:00,-19.921875,-99.209633
2026-08-26T11:52:37.742-04:00,-19.726562,-108.632896
2026-08-26T11:52:37.742-04:00,-19.531250,-106.773300
2026-08-26T11:52:37.742-04:00,-19.335938,-106.330833
2026-08-26T11:52:37.742-04:00,-19.140625,-108.128128
2026-08-26T11:52:37.742-04:00,-18.945312,-99.493492
2026-08-26T11:52:37.742-04:00,-18.750000,-99.913979
2026-08-26T11:52:37.742-04:00,-18.554688,-110.902573
2026-08-26T11:52:37.742-04:00,-18.359375,-110.650696
2026-08-26T11:52:37.742-04:00,-18.164062,-102.890327
2026-08-26T11:52:37.742-04:00,-17.968750,-101.533279
2026-08-26T11:52:37.742-04:00,-17.773438,-101.096817
2026-08-26T11:52:37.742-04:00,-17.578125,-98.279839
2026-08-26T11:52:37.742-04:00,-17.382812,-95.138382
2026-08-26T11:52:37.742-04:00,-17.187500,-92.536713
2026-08-26T11:52:37.742-04:00,-16.992188,-92.924614
2026-08-26T11:52:37.742-04:00,-16.796875,-98.206116
2026-08-26T11:52:37.742-04:00,-16.601562,-103.264709
2026-08-26T11:52:37.742-04:00,-16.406250,-95.916634
2026-08-26T11:52:37.742-04:00,-16.210938,-92.366104
2026-08-26T11:52:37.742-04:00,-16.015625,-93.012810
2026-08-26T11:52:37.742-04:00,-15.820312,-95.609657
2026-08-26T11:52:37.742-04:00,-15.625000,-95.248070
2026-08-26T11:52:37.742-04:00,-15.429688,-92.438515
2026-08-26T11:52:37.742-04:00,-15.234375,-90.586151
2026-08-26T11:52:37.742-04:00,-15.039062,-91.400009
2026-08-26T11:52:37.742-04:00,-14.843750,-99.122887
2026-08-26T11:52:37.742-04:00,-14.648438,-106.409676
2026-08-26T11:52:37.742-04:00,-14.453125,-96.452591
2026-08-26T11:52:37.742-04:00,-14.257812,-94.437019
2026-08-26T11:52:37.742-04:00,-14.062500,-94.938721
2026-08-26T11:52:37.742-04:00,-13.867188,-91.678543
2026-08-26T11:52:37.742-04:00,-13.671875,-91.163795
2026-08-26T11:52:37.742-04:00,-13.476562,-93.441078
2026-08-26T11:52:37.742-04:00,-13.281250,-97.308807
2026-08-26T11:52:37.742-04:00,-13.085938,-103.004112
2026-08-26T11:52:37.742-04:00,-12.890625,-102.634933
2026-08-26T11:52:37.742-04:00,-12.695312,-98.965294
2026-08-26T11:52:37.742-04:00,-12.500000,-93.688431
2026-08-26T11:52:37.742-04:00,-12.304688,-92.913902
2026-08-26T11:52:37.742-04:00,-12.109375,-97.619080
2026-08-26T11:52:37.742-04:00,-11.914062,-125.214989
2026-08-26T11:52:37.742-04:00,-11.718750,-101.700653
2026-08-26T11:52:37.742-04:00,-11.523438,-96.768982
2026-08-26T11:52:37.742-04:00,-11.328125,-94.947197
2026-08-26T11:52:37.742-04:00,-11.132812,-93.100601
2026-08-26T11:52:37.742-04:00,-10.937500,-93.452919
2026-08-26T11:52:37.742-04:00,-10.742188,-96.870079
2026-08-26T11:52:37.742-04:00,-10.546875,-92.819435
2026-08-26T11:52:37.742-04:00,-10.351562,-90.362770
2026-08-26T11:52:37.742-04:00,-10.156250,-92.878075
2026-08-26T11:52:37.742-04:00,-9.960938,-99.785873
2026-08-26T11:52:37.742-04:00,-9.765625,-99.081223
2026-08-26T11:52:37.742-04:00,-9.570312,-106.172707
2026-08-26T11:52:37.742-04:00,-9.375000,-94.975342
2026-08-26T11:52:37.742-04:00,-9.179688,-87.675262
2026-08-26T11:52:37.742-04:00,-8.984375,-83.549919
2026-08-26T11:52:37.742-04:00,-8.789062,-82.765182
2026-08-26T11:52:37.742-04:00,-8.593750,-84.963493
2026-08-26T11:52:37.742-04:00,-8.398438,-87.458870
2026-08-26T11:52:37.742-04:00,-8.203125,-94.006058
2026-08-26T11:52:37.742-04:00,-8.007812,-94.425964
2026-08-26T11:52:37.742-04:00,-7.812500,-91.593170
2026-08-26T11:52:37.742-04:00,-7.617188,-91.431244
2026-08-26T11:52:37.742-04:00,-7.421875,-94.575424
2026-08-26T11:52:37.742-04:00,-7.226562,-99.282898
2026-08-26T11:52:37.742-04:00,-7.031250,-97.788132
2026-08-26T11:52:37.742-04:00,-6.835938,-103.502686
2026-08-26T11:52:37.742-04:00,-6.640625,-96.178879
2026-08-26T11:52:37.742-04:00,-6.445312,-90.846420
2026-08-26T11:52:37.742-04:00,-6.250000,-86.314087
2026-08-26T11:52:37.742-04:00,-6.054688,-84.084549
2026-08-26T11:52:37.742-04:00,-5.859375,-85.302055
2026-08-26T11:52:37.742-04:00,-5.664062,-82.721176
2026-08-26T11:52:37.742-04:00,-5.468750,-82.494858
2026-08-26T11:52:37.742-04:00,-5.273438,-85.112015
2026-08-26T11:52:37.742-04:00,-5.078125,-84.715240
2026-08-26T11:52:37.742-04:00,-4.882812,-83.513489
2026-08-26T11:52:37.742-04:00,-4.687500,-86.058823
2026-08-26T11:52:37.742-04:00,-4.492188,-89.283310
2026-08-26T11:52:37.742-04:00,-4.296875,-90.733101
2026-08-26T11:52:37.742-04:00,-4.101562,-83.645897
2026-08-26T11:52:37.742-04:00,-3.906250,-77.790115
2026-08-26T11:52:37.742-04:00,-3.710938,-77.795868
2026-08-26T11:52:37.742-04:00,-3.515625,-80.483932
2026-08-26T11:52:37.742-04:00,-3.320312,-83.887711
2026-08-26T11:52:37.742-04:00,-3.125000,-111.467781
2026-08-26T11:52:37.742-04:00,-2.929688,-87.921310
2026-08-26T11:52:37.742-04:00,-2.734375,-82.195213
2026-08-26T11:52:37.742-04:00,-2.539062,-76.849579
2026-08-26T11:52:37.742-04:00,-2.343750,-73.586716
2026-08-26T11:52:37.742-04:00,-2.148438,-70.259880
2026-08-26T11:52:37.742-04:00,-1.953125,-66.952599
2026-08-26T11:52:37.742-04:00,-1.757812,-64.980560
2026-08-26T11:52:37.742-04:00,-1.562500,-63.889931
2026-08-26T11:52:37.742-04:00,-1.367188,-62.940067
2026-08-26T11:52:37.742-04:00,-1.171875,-63.733730
2026-08-26T11:52:37.742-04:00,-0.976562,-65.954689
2026-08-26T11:52:37.742-04:00,-0.781250,-64.135696
2026-08-26T11:52:37.742-04:00,-0.585938,-58.882935
2026-08-26T11:52:37.742-04:00,-0.390625,-55.261009
2026-08-26T11:52:37.742-04:00,-0.195312,-56.444916
2026-08-26T11:52:37.742-04:00,0.000000,-76.486328
2026-08-26T11:52:37.742-04:00,0.195312,-56.444916
2026-08-26T11:52:37.742-04:00,0.390625,-55.261009
2026-08-26T11:52:37.742-04:00,0.585938,-58.882935
2026-08-26T11:52:37.742-04:00,0.781250,-64.135696
2026-08-26T11:52:37.742-04:00,0.976562,-65.954689
2026-08-26T11:52:37.742-04:00,1.171875,-63.733730
2026-08-26T11:52:37.742-04:00,1.367188,-62.940067
2026-08-26T11:52:37.742-04:00,1.562500,-63.889931
2026-08-26T11:52:37.742-04:00,1.757812,-64.980560
2026-08-26T11:52:37.742-04:00,1.953125,-66.952599
2026-08-26T11:52:37.742-04:00,2.148438,-70.259880
2026-08-26T11:52:37.742-04:00,2.343750,-73.586716
2026-08-26T11:52:37.742-04:00,2.539062,-76.849579
2026-08-26T11:52:37.742-04:00,2.734375,-82.195213
2026-08-26T11:52:37.742-04:00,2.929688,-87.921310
2026-08-26T11:52:37.742-04:00,3.125000,-111.467781
2026-08-26T11:52:37.742-04:00,3.320312,-83.887711
2026-08-26T11:52:37.742-04:00,3.515625,-80.483932
2026-08-26T11:52:37.742-04:00,3.710938,-77.795868
2026-08-26T11:52:37.742-04:00,3.906250,-77.790115
2026-08-26T11:52:37.742-04:00,4.101562,-83.645897
2026-08-26T11:52:37.742-04:00,4.296875,-90.733101
2026-08-26T11:52:37.742-04:00,4.492188,-89.283310
2026-08-26T11:52:37.742-04:00,4.687500,-86.058823
2026-08-26T11:52:37.742-04:00,4.882812,-83.513489
2026-08-26T11:52:37.742-04:00,5.078125,-84.715240
2026-08-26T11:52:37.742-04:00,5.273438,-85.112015
2026-08-26T11:52:37.742-04:00,5.468750,-82.494858
2026-08-26T11:52:37.742-04:00,5.664062,-82.721176
2026-08-26T11:52:37.742-04:00,5.859375,-85.302055
2026-08-26T11:52:37.742-04:00,6.054688,-84.084549
2026-08-26T11:52:37.742-04:00,6.250000,-86.314087
2026-08-26T11:52:37.742-04:00,6.445312,-90.846420
2026-08-26T11:52:37.742-04:00,6.640625,-96.178879
2026-08-26T11:52:37.742-04:00,6.835938,-103.502686
2026-08-26T11:52:37.742-04:00,7.031250,-97.788132
2026-08-26T11:52:37.742-04:00,7.226562,-99.282898
2026-08-26T11:52:37.742-04:00,7.421875,-94.575424
2026-08-26T11:52:37.742-04:00,7.617188,-91.431244
2026-08-26T11:52:37.742-04:00,7.812500,-91.593170
2026-08-26T11:52:37.742-04:00,8.007812,-94.425964
2026-08-26T11:52:37.742-04:00,8.203125,-94.006058
2026-08-26T11:52:37.742-04:00,8.398438,-87.458870
2026-08-26T11:52:37.742-04:00,8.593750,-84.963493
2026-08-26T11:52:37.742-04:00,8.789062,-82.765182
2026-08-26T11:52:37.742-04:00,8.984375,-83.549919
2026-08-26T11:52:37.742-04:00,9.179688,-87.675262
2026-08-26T11:52:37.742-04:00,9.375000,-94.975342
2026-08-26T11:52:37.742-04:00,9.570312,-106.172707
2026-08-26T11:52:37.742-04:00,9.765625,-99.081223
2026-08-26T11:52:37.742-04:00,9.960938,-99.785873
2026-08-26T11:52:37.742-04:00,10.156250,-92.878075
2026-08-26T11:52:37.742-04:00,10.351562,-90.362770
2026-08-26T11:52:37.742-04:00,10.546875,-92.819435
2026-08-26T11:52:37.742-04:00,10.742188,-96.870079
2026-08-26T11:52:37.742-04:00,10.937500,-93.452919
2026-08-26T11:52:37.742-04:00,11.132812,-93.100601
2026-08-26T11:52:37.742-04:00,11.328125,-94.947197
2026-08-26T11:52:37.742-04:00,11.523438,-96.768982
2026-08-26T11:52:37.742-04:00,11.718750,-101.700653
2026-08-26T11:52:37.742-04:00,11.914062,-125.214989
2026-08-26T11:52:37.742-04:00,12.109375,-97.619080
2026-08-26T11:52:37.742-04:00,12.304688,-92.913902
2026-08-26T11:52:37.742-04:00,12.500000,-93.688431
2026-08-26T11:52:37.742-04:00,12.695312,-98.965294
2026-08-26T11:52:37.742-04:00,12.890625,-102.634933
2026-08-26T11:52:37.742-04:00,13.085938,-103.004112
2026-08-26T11:52:37.742-04:00,13.281250,-97.308807
2026-08-26T11:52:37.742-04:00,13.476562,-93.441078
2026-08-26T11:52:37.742-04:00,13.671875,-91.163795
2026-08-26T11:52:37.742-04:00,13.867188,-91.678543
2026-08-26T11:52:37.742-04:00,14.062500,-94.938721
2026-08-26T11:52:37.742-04:00,14.257812,-94.437019
2026-08-26T11:52:37.742-04:00,14.453125,-96.452591
2026-08-26T11:52:37.742-04:00,14.648438,-106.409676
2026-08-26T11:52:37.742-04:00,14.843750,-99.122887
2026-08-26T11:52:37.742-04:00,15.039062,-91.400009
2026-08-26T11:52:37.742-04:00,15.234375,-90.586151
2026-08-26T11:52:37.742-04:00,15.429688,-92.438515
2026-08-26T11:52:37.742-04:00,15.625000,-95.248070
2026-08-26T11:52:37.742-04:00,15.820312,-95.609657
2026-08-26T11:52:37.742-04:00,16.015625,-93.012810
2026-08-26T11:52:37.742-04:00,16.210938,-92.366104
2026-08-26T11:52:37.742-04:00,16.406250,-95.916634
2026-08-26T11:52:37.742-04:00,16.601562,-103.264709
2026-08-26T11:52:37.742-04:00,16.796875,-98.206116
2026-08-26T11:52:37.742-04:00,16.992188,-92.924614
2026-08-26T11:52:37.742-04:00,17.187500,-92.536713
2026-08-26T11:52:37.742-04:00,17.382812,-95.138382
2026-08-26T11:52:37.742-04:00,17.578125,-98.279839
2026-08-26T11:52:37.742-04:00,17.773438,-101.096817
2026-08-26T11:52:37.742-04:00,17.968750,-101.533279
2026-08-26T11:52:37.742-04:00,18.164062,-102.890327
2026-08-26T11:52:37.742-04:00,18.359375,-110.650696
2026-08-26T11:52:37.742-04:00,18.554688,-110.902573
2026-08-26T11:52:37.742-04:00,18.750000,-99.913979
2026-08-26T11:52:37.742-04:00,18.945312,-99.493492
2026-08-26T11:52:37.742-04:00,19.140625,-108.128128
2026-08-26T11:52:37.742-04:00,19.335938,-106.330833
2026-08-26T11:52:37.742-04:00,19.531250,-106.773300
2026-08-26T11:52:37.742-04:00,19.726562,-108.632896
2026-08-26T11:52:37.742-04:00,19.921875,-99.209633
2026-08-26T11:52:38.289-04:00,-19.921875,-97.809418
2026-08-26T11:52:38.289-04:00,-19.726562,-101.364326
2026-08-26T11:52:38.289-04:00,-19.531250,-101.863319
2026-08-26T11:52:38.289-04:00,-19.335938,-100.735672
2026-08-26T11:52:38.289-04:00,-19.140625,-99.590561
2026-08-26T11:52:38.289-04:00,-18.945312,-96.897324
2026-08-26T11:52:38.289-04:00,-18.750000,-97.580673
2026-08-26T11:52:38.289-04:00,-18.554688,-102.330635
2026-08-26T11:52:38.289-04:00,-18.359375,-102.862244
2026-08-26T11:52:38.289-04:00,-18.164062,-99.260986
2026-08-26T11:52:38.289-04:00,-17.968750,-98.139206
2026-08-26T11:52:38.289-04:00,-17.773438,-99.538284
2026-08-26T11:52:38.289-04:00,-17.578125,-103.573257
2026-08-26T11:52:38.289-04:00,-17.382812,-98.861351
2026-08-26T11:52:38.289-04:00,-17.187500,-93.594803
2026-08-26T11:52:38.289-04:00,-16.992188,-93.225632
2026-08-26T11:52:38.289-04:00,-16.796875,-97.140121
2026-08-26T11:52:38.289-04:00,-16.601562,-102.136826
2026-08-26T11:52:38.289-04:00,-16.406250,-98.880341
2026-08-26T11:52:38.289-04:00,-16.210938,-94.722939
2026-08-26T11:52:38.289-04:00,-16.015625,-96.299904
2026-08-26T11:52:38.289-04:00,-15.820312,-101.617432
2026-08-26T11:52:38.289-04:00,-15.625000,-96.255608
2026-08-26T11:52:38.289-04:00,-15.429688,-91.456680
2026-08-26T11:52:38.289-04:00,-15.234375,-88.636444
2026-08-26T11:52:38.289-04:00,-15.039062,-88.789452
2026-08-26T11:52:38.289-04:00,-14.843750,-92.188309
2026-08-26T11:52:38.289-04:00,-14.648438,-94.750351
2026-08-26T11:52:38.289-04:00,-14.453125,-93.487465
2026-08-26T11:52:38.289-04:00,-14.257812,-93.679741
2026-08-26T11:52:38.289-04:00,-14.062500,-93.950577
2026-08-26T11:52:38.289-04:00,-13.867188,-92.231094
2026-08-26T11:52:38.289-04:00,-13.671875,-91.602112
2026-08-26T11:52:38.289-04:00,-13.476562,-94.093590
2026-08-26T11:52:38.289-04:00,-13.281250,-99.373741
2026-08-26T11:52:38.289-04:00,-13.085938,-99.907608
2026-08-26T11:52:38.289-04:00,-12.890625,-96.587456
2026-08-26T11:52:38.289-04:00,-12.695312,-93.086655
2026-08-26T11:52:38.289-04:00,-12.500000,-91.010826
2026-08-26T11:52:38.289-04:00,-12.304688,-92.399757
2026-08-26T11:52:38.289-04:00,-12.109375,-97.801804
2026-08-26T11:52:38.289-04:00,-11.914062,-102.981903
2026-08-26T11:52:38.289-04:00,-11.718750,-98.924271
2026-08-26T11:52:38.289-04:00,-11.523438,-94.423515
2026-08-26T11:52:38.289-04:00,-11.328125,-92.292892
2026-08-26T11:52:38.289-04:00,-11.132812,-91.742569
2026-08-26T11:52:38.289-04:00,-10.937500,-94.448318
2026-08-26T11:52:38.289-04:00,-10.742188,-111.891014
2026-08-26T11:52:38.289-04:00,-10.546875,-94.031876
2026-08-26T11:52:38.289-04:00,-10.351562,-90.994141
2026-08-26T11:52:38.289-04:00,-10.156250,-91.658722
2026-08-26T11:52:38.289-04:00,-9.960938,-94.144547
2026-08-26T11:52:38.289-04:00,-9.765625,-99.557587
2026-08-26T11:52:38.289-04:00,-9.570312,-113.326462
2026-08-26T11:52:38.289-04:00,-9.375000,-98.091957
2026-08-26T11:52:38.289-04:00,-9.179688,-86.733559
2026-08-26T11:52:38.289-04:00,-8.984375,-81.920403
2026-08-26T11:52:38.289-04:00,-8.789062,-80.754135
2026-08-26T11:52:38.289-04:00,-8.593750,-82.260651
2026-08-26T11:52:38.289-04:00,-8.398438,-86.484795
2026-08-26T11:52:38.289-04:00,-8.203125,-97.663483
2026-08-26T11:52:38.289-04:00,-8.007812,-97.115799
2026-08-26T11:52:38.289-04:00,-7.812500,-97.088440
2026-08-26T11:52:38.289-04:00,-7.617188,-95.303818
2026-08-26T11:52:38.289-04:00,-7.421875,-97.329865
2026-08-26T11:52:38.289-04:00,-7.226562,-101.532700
2026-08-26T11:52:38.289-04:00,-7.031250,-96.162827
2026-08-26T11:52:38.289-04:00,-6.835938,-94.727440
2026-08-26T11:52:38.289-04:00,-6.640625,-93.843643
2026-08-26T11:52:38.289-04:00,-6.445312,-99.927505
2026-08-26T11:52:38.289-04:00,-6.250000,-88.620720
2026-08-26T11:52:38.289-04:00,-6.054688,-82.209229
2026-08-26T11:52:38.289-04:00,-5.859375,-79.981911
2026-08-26T11:52:38.289-04:00,-5.664062,-78.990349
2026-08-26T11:52:38.289-04:00,-5.468750,-80.412224
2026-08-26T11:52:38.289-04:00,-5.273438,-88.507736
2026-08-26T11:52:38.289-04:00,-5.078125,-87.103722
2026-08-26T11:52:38.289-04:00,-4.882812,-81.710266
2026-08-26T11:52:38.289-04:00,-4.687500,-83.682899
2026-08-26T11:52:38.289-04:00,-4.492188,-94.898842
2026-08-26T11:52:38.289-04:00,-4.296875,-86.362366
2026-08-26T11:52:38.289-04:00,-4.101562,-78.468430
2026-08-26T11:52:38.289-04:00,-3.906250,-74.064415
2026-08-26T11:52:38.289-04:00,-3.710938,-72.931572
2026-08-26T11:52:38.289-04:00,-3.515625,-73.935875
2026-08-26T11:52:38.289-04:00,-3.320312,-76.613281
2026-08-26T11:52:38.289-04:00,-3.125000,-80.082886
2026-08-26T11:52:38.289-04:00,-2.929688,-77.727768
2026-08-26T11:52:38.289-04:00,-2.734375,-73.981155
2026-08-26T11:52:38.289-04:00,-2.539062,-70.711609
2026-08-26T11:52:38.289-04:00,-2.343750,-68.270996
2026-08-26T11:52:38.289-04:00,-2.148438,-65.717155
2026-08-26T11:52:38.289-04:00,-1.953125,-62.933022
2026-08-26T11:52:38.289-04:00,-1.757812,-60.872780
2026-08-26T11:52:38.289-04:00,-1.562500,-59.760490
2026-08-26T11:52:38.289-04:00,-1.367188,-59.530655
2026-08-26T11:52:38.289-04:00,-1.171875,-60.804653
2026-08-26T11:52:38.289-04:00,-0.976562,-66.807587
2026-08-26T11:52:38.289-04:00,-0.781250,-66.059036
2026-08-26T11:52:38.289-04:00,-0.585938,-55.247189
2026-08-26T11:52:38.289-04:00,-0.390625,-51.861912
2026-08-26T11:52:38.289-04:00,-0.195312,-52.979408
2026-08-26T11:52:38.289-04:00,0.000000,-55.554863
2026-08-26T11:52:38.289-04:00,0.195312,-52.979408
2026-08-26T11:52:38.289-04:00,0.390625,-51.861912
2026-08-26T11:52:38.289-04:00,0.585938,-55.247189
2026-08-26T11:52:38.289-04:00,0.781250,-66.059036
2026-08-26T11:52:38.289-04:00,0.976562,-66.807587
2026-08-26T11:52:38.289-04:00,1.171875,-60.804653
2026-08-26T11:52:38.289-04:00,1.367188,-59.530655
2026-08-26T11:52:38.289-04:00,1.562500,-59.760490
2026-08-26T11:52:38.289-04:00,1.757812,-60.872780
2026-08-26T11:52:38.289-04:00,1.953125,-62.933022
2026-08-26T11:52:38.289-04:00,2.148438,-65.717155
2026-08-26T11:52:38.289-04:00,2.343750,-68.270996
2026-08-26T11:52:38.289-04:00,2.539062,-70.711609
2026-08-26T11:52:38.289-04:00,2.734375,-73.981155
2026-08-26T11:52:38.289-04:00,2.929688,-77.727768
2026-08-26T11:52:38.289-04:00,3.125000,-80.082886
2026-08-26T11:52:38.289-04:00,3.320312,-76.613281
2026-08-26T11:52:38.289-04:00,3.515625,-73.935875
2026-08-26T11:52:38.289-04:00,3.710938,-72.931572
2026-08-26T11:52:38.289-04:00,3.906250,-74.064415
2026-08-26T11:52:38.289-04:00,4.101562,-78.468430
2026-08-26T11:52:38.289-04:00,4.296875,-86.362366
2026-08-26T11:52:38.289-04:00,4.492188,-94.898842
2026-08-26T11:52:38.289-04:00,4.687500,-83.682899
2026-08-26T11:52:38.289-04:00,4.882812,-81.710266
2026-08-26T11:52:38.289-04:00,5.078125,-87.103722
2026-08-26T11:52:38.289-04:00,5.273438,-88.507736
2026-08-26T11:52:38.289-04:00,5.468750,-80.412224
2026-08-26T11:52:38.289-04:00,5.664062,-78.990349
2026-08-26T11:52:38.289-04:00,5.859375,-79.981911
2026-08-26T11:52:38.289-04:00,6.054688,-82.209229
2026-08-26T11:52:38.289-04:00,6.250000,-88.620720
2026-08-26T11:52:38.289-04:00,6.445312,-99.927505
2026-08-26T11:52:38.289-04:00,6.640625,-93.843643
2026-08-26T11:52:38.289-04:00,6.835938,-94.727440
2026-08-26T11:52:38.289-04:00,7.031250,-96.162827
2026-08-26T11:52:38.289-04:00,7.226562,-101.532700
2026-08-26T11:52:38.289-04:00,7.421875,-97.329865
2026-08-26T11:52:38.289-04:00,7.617188,-95.303818
2026-08-26T11:52:38.289-04:00,7.812500,-97.088440
2026-08-26T11:52:38.289-04:00,8.007812,-97.115799
2026-08-26T11:52:38.289-04:00,8.203125,-97.663483
2026-08-26T11:52:38.289-04:00,8.398438,-86.484795
2026-08-26T11:52:38.289-04:00,8.593750,-82.260651
2026-08-26T11:52:38.289-04:00,8.789062,-80.754135
2026-08-26T11:52:38.289-04:00,8.984375,-81.920403
2026-08-26T11:52:38.289-04:00,9.179688,-86.733559
2026-08-26T11:52:38.289-04:00,9.375000,-98.091957
2026-08-26T11:52:38.289-04:00,9.570312,-113.326462
2026-08-26T11:52:38.289-04:00,9.765625,-99.557587
2026-08-26T11:52:38.289-04:00,9.960938,-94.144547
2026-08-26T11:52:38.289-04:00,10.156250,-91.658722
2026-08-26T11:52:38.289-04:00,10.351562,-90.994141
2026-08-26T11:52:38.289-04:00,10.546875,-94.031876
2026-08-26T11:52:38.289-04:00,10.742188,-111.891014
2026-08-26T11:52:38.289-04:00,10.937500,-94.448318
2026-08-26T11:52:38.289-04:00,11.132812,-91.742569
2026-08-26T11:52:38.289-04:00,11.328125,-92.292892
2026-08-26T11:52:38.289-04:00,11.523438,-94.423515
2026-08-26T11:52:38.289-04:00,11.718750,-98.924271
2026-08-26T11:52:38.289-04:00,11.914062,-102.981903
2026-08-26T11:52:38.289-04:00,12.109375,-97.801804
2026-08-26T11:52:38.289-04:00,12.304688,-92.399757
2026-08-26T11:52:38.289-04:00,12.500000,-91.010826
2026-08-26T11:52:38.289-04:00,12.695312,-93.086655
2026-08-26T11:52:38.289-04:00,12.890625,-96.587456
2026-08-26T11:52:38.289-04:00,13.085938,-99.907608
2026-08-26T11:52:38.289-04:00,13.281250,-99.373741
2026-08-26T11:52:38.289-04:00,13.476562,-94.093590
2026-08-26T11:52:38.289-04:00,13.671875,-91.602112
2026-08-26T11:52:38.289-04:00,13.867188,-92.231094
2026-08-26T11:52:38.289-04:00,14.062500,-93.950577
2026-08-26T11:52:38.289-04:00,14.257812,-93.679741
2026-08-26T11:52:38.289-04:00,14.453125,-93.487465
2026-08-26T11:52:38.289-04:00,14.648438,-94.750351
2026-08-26T11:52:38.289-04:00,14.843750,-92.188309
2026-08-26T11:52:38.289-04:00,15.039062,-88.789452
2026-08-26T11:52:38.289-04:00,15.234375,-88.636444
2026-08-26T11:52:38.289-04:00,15.429688,-91.456680
2026-08-26T11:52:38.289-04:00,15.625000,-96.255608
2026-08-26T11:52:38.289-04:00,15.820312,-101.617432
2026-08-26T11:52:38.289-04:00,16.015625,-96.299904
2026-08-26T11:52:38.289-04:00,16.210938,-94.722939
2026-08-26T11:52:38.289-04:00,16.406250,-98.880341
2026-08-26T11:52:38.289-04:00,16.601562,-102.136826
2026-08-26T11:52:38.289-04:00,16.796875,-97.140121
2026-08-26T11:52:38.289-04:00,16.992188,-93.225632
2026-08-26T11:52:38.289-04:00,17.187500,-93.594803
2026-08-26T11:52:38.289-04:00,17.382812,-98.861351
2026-08-26T11:52:38.289-04:00,17.578125,-103.573257
2026-08-26T11:52:38.289-04:00,17.773438,-99.538284
2026-08-26T11:52:38.289-04:00,17.968750,-98.139206
2026-08-26T11:52:38.289-04:00,18.164062,-99.260986
2026-08-26T11:52:38.289-04:00,18.359375,-102.862244
2026-08-26T11:52:38.289-04:00,18.554688,-102.330635
2026-08-26T11:52:38.289-04:00,18.750000,-97.580673
2026-08-26T11:52:38.289-04:00,18.945312,-96.897324
2026-08-26T11:52:38.289-04:00,19.140625,-99.590561
2026-08-26T11:52:38.289-04:00,19.335938,-100.735672
2026-08-26T11:52:38.289-04:00,19.531250,-101.863319
2026-08-26T11:52:38.289-04:00,19.726562,-101.364326
2026-08-26T11:52:38.289-04:00,19.921875,-97.809418
2026-08-26T11:52:38.835-04:00,-19.921875,-98.110855
2026-08-26T11:52:38.835-04:00,-19.726562,-98.928307
2026-08-26T11:52:38.835-04:00,-19.531250,-99.312927
2026-08-26T11:52:38.835-04:00,-19.335938,-99.156326
2026-08-26T11:52:38.835-04:00,-19.140625,-98.137756
2026-08-26T11:52:38.835-04:00,-18.945312,-96.291489
2026-08-26T11:52:38.835-04:00,-18.750000,-96.627663
2026-08-26T11:52:38.835-04:00,-18.554688,-99.575050
2026-08-26T11:52:38.835-04:00,-18.359375,-100.448341
2026-08-26T11:52:38.835-04:00,-18.164062,-98.405762
2026-08-26T11:52:38.835-04:00,-17.968750,-97.921982
2026-08-26T11:52:38.835-04:00,-17.773438,-101.137482
2026-08-26T11:52:38.835-04:00,-17.578125,-113.738892
2026-08-26T11:52:38.835-04:00,-17.382812,-103.803192
2026-08-26T11:52:38.835-04:00,-17.187500,-96.189651
2026-08-26T11:52:38.835-04:00,-16.992188,-95.131012
2026-08-26T11:52:38.835-04:00,-16.796875,-99.207146
2026-08-26T11:52:38.835-04:00,-16.601562,-112.292282
2026-08-26T11:52:38.835-04:00,-16.406250,-104.134430
2026-08-26T11:52:38.835-04:00,-16.210938,-97.769623
2026-08-26T11:52:38.835-04:00,-16.015625,-99.441833
2026-08-26T11:52:38.835-04:00,-15.820312,-111.595856
2026-08-26T11:52:38.835-04:00,-15.625000,-100.673965
2026-08-26T11:52:38.835-04:00,-15.429688,-94.100830
2026-08-26T11:52:38.835-04:00,-15.234375,-89.532631
2026-08-26T11:52:38.835-04:00,-15.039062,-88.381409
2026-08-26T11:52:38.835-04:00,-14.843750,-89.856071
2026-08-26T11:52:38.835-04:00,-14.648438,-91.904526
2026-08-26T11:52:38.835-04:00,-14.453125,-93.613251
2026-08-26T11:52:38.835-04:00,-14.257812,-96.933762
2026-08-26T11:52:38.835-04:00,-14.062500,-100.376091
2026-08-26T11:52:38.835-04:00,-13.867188,-96.025574
2026-08-26T11:52:38.835-04:00,-13.671875,-94.607475
2026-08-26T11:52:38.835-04:00,-13.476562,-97.203415
2026-08-26T11:52:38.835-04:00,-13.281250,-107.127335
2026-08-26T11:52:38.835-04:00,-13.085938,-102.541046
2026-08-26T11:52:38.835-04:00,-12.890625,-94.939011
2026-08-26T11:52:38.835-04:00,-12.695312,-91.367195
2026-08-26T11:52:38.835-04:00,-12.500000,-90.684174
2026-08-26T11:52:38.835-04:00,-12.304688,-93.719681
2026-08-26T11:52:38.835-04:00,-12.109375,-100.778419
2026-08-26T11:52:38.835-04:00,-11.914062,-105.869125
2026-08-26T11:52:38.835-04:00,-11.718750,-98.806885
2026-08-26T11:52:38.835-04:00,-11.523438,-94.991600
2026-08-26T11:52:38.835-04:00,-11.328125,-93.726387
2026-08-26T11:52:38.835-04:00,-11.132812,-93.695770
2026-08-26T11:52:38.835-04:00,-10.937500,-94.331894
2026-08-26T11:52:38.835-04:00,-10.742188,-96.094101
2026-08-26T11:52:38.835-04:00,-10.546875,-94.412071
2026-08-26T11:52:38.835-04:00,-10.351562,-94.239090
2026-08-26T11:52:38.835-04:00,-10.156250,-94.020584
2026-08-26T11:52:38.835-04:00,-9.960938,-93.347794
2026-08-26T11:52:38.835-04:00,-9.765625,-96.247971
2026-08-26T11:52:38.835-04:00,-9.570312,-102.858566
2026-08-26T11:52:38.835-04:00,-9.375000,-95.392365
2026-08-26T11:52:38.835-04:00,-9.179688,-86.834381
2026-08-26T11:52:38.835-04:00,-8.984375,-82.795097
2026-08-26T11:52:38.835-04:00,-8.789062,-81.689156
2026-08-26T11:52:38.835-04:00,-8.593750,-83.138962
2026-08-26T11:52:38.835-04:00,-8.398438,-86.625031
2026-08-26T11:52:38.835-04:00,-8.203125,-91.282196
2026-08-26T11:52:38.835-04:00,-8.007812,-94.940399
2026-08-26T11:52:38.835-04:00,-7.812500,-106.702881
2026-08-26T11:52:38.835-04:00,-7.617188,-97.885597
2026-08-26T11:52:38.835-04:00,-7.421875,-98.525162
2026-08-26T11:52:38.835-04:00,-7.226562,-105.014084
2026-08-26T11:52:38.835-04:00,-7.031250,-95.671860
2026-08-26T11:52:38.835-04:00,-6.835938,-92.201424
2026-08-26T11:52:38.835-04:00,-6.640625,-92.357903
2026-08-26T11:52:38.835-04:00,-6.445312,-96.333618
2026-08-26T11:52:38.835-04:00,-6.250000,-88.666161
2026-08-26T11:52:38.835-04:00,-6.054688,-82.421844
2026-08-26T11:52:38.835-04:00,-5.859375,-79.595703
2026-08-26T11:52:38.835-04:00,-5.664062,-78.486801
2026-08-26T11:52:38.835-04:00,-5.468750,-79.638268
2026-08-26T11:52:38.835-04:00,-5.273438,-84.675026
2026-08-26T11:52:38.835-04:00,-5.078125,-84.203117
2026-08-26T11:52:38.835-04:00,-4.882812,-80.762260
2026-08-26T11:52:38.835-04:00,-4.687500,-82.048759
2026-08-26T11:52:38.835-04:00,-4.492188,-87.134399
2026-08-26T11:52:38.835-04:00,-4.296875,-82.178467
2026-08-26T11:52:38.835-04:00,-4.101562,-75.852959
2026-08-26T11:52:38.835-04:00,-3.906250,-72.782410
2026-08-26T11:52:38.835-04:00,-3.710938,-71.767433
2026-08-26T11:52:38.835-04:00,-3.515625,-71.730164
2026-08-26T11:52:38.835-04:00,-3.320312,-72.320084
2026-08-26T11:52:38.835-04:00,-3.125000,-73.157204
2026-08-26T11:52:38.835-04:00,-2.929688,-72.654243
2026-08-26T11:52:38.835-04:00,-2.734375,-70.545204
2026-08-26T11:52:38.835-04:00,-2.539062,-68.522842
2026-08-26T11:52:38.835-04:00,-2.343750,-67.869949
2026-08-26T11:52:38.835-04:00,-2.148438,-66.312279
2026-08-26T11:52:38.835-04:00,-1.953125,-62.978188
2026-08-26T11:52:38.835-04:00,-1.757812,-60.798054
2026-08-26T11:52:38.835-04:00,-1.562500,-60.010765
2026-08-26T11:52:38.835-04:00,-1.367188,-59.936172
2026-08-26T11:52:38.835-04:00,-1.171875,-60.922932
2026-08-26T11:52:38.835-04:00,-0.976562,-62.530647
2026-08-26T11:52:38.835-04:00,-0.781250,-59.771217
2026-08-26T11:52:38.835-04:00,-0.585938,-52.621269
2026-08-26T11:52:38.835-04:00,-0.390625,-50.289288
2026-08-26T11:52:38.835-04:00,-0.195312,-51.925770
2026-08-26T11:52:38.835-04:00,0.000000,-54.013218
2026-08-26T11:52:38.835-04:00,0.195312,-51.925770
2026-08-26T11:52:38.835-04:00,0.390625,-50.289288
2026-08-26T11:52:38.835-04:00,0.585938,-52.621269
2026-08-26T11:52:38.835-04:00,0.781250,-59.771217
2026-08-26T11:52:38.835-04:00,0.976562,-62.530647
2026-08-26T11:52:38.835-04:00,1.171875,-60.922932
2026-08-26T11:52:38.835-04:00,1.367188,-59.936172
2026-08-26T11:52:38.835-04:00,1.562500,-60.010765
2026-08-26T11:52:38.835-04:00,1.757812,-60.798054
2026-08-26T11:52:38.835-04:00,1.953125,-62.978188
2026-08-26T11:52:38.835-04:00,2.148438,-66.312279
2026-08-26T11:52:38.835-04:00,2.343750,-67.869949
2026-08-26T11:52:38.835-04:00,2.539062,-68.522842
2026-08-26T11:52:38.835-04:00,2.734375,-70.545204
2026-08-26T11:52:38.835-04:00,2.929688,-72.654243
2026-08-26T11:52:38.835-04:00,3.125000,-73.157204
2026-08-26T11:52:38.835-04:00,3.320312,-72.320084
2026-08-26T11:52:38.835-04:00,3.515625,-71.730164
2026-08-26T11:52:38.835-04:00,3.710938,-71.767433
2026-08-26T11:52:38.835-04:00,3.906250,-72.782410
2026-08-26T11:52:38.835-04:00,4.101562,-75.852959
2026-08-26T11:52:38.835-04:00,4.296875,-82.178467
2026-08-26T11:52:38.835-04:00,4.492188,-87.134399
2026-08-26T11:52:38.835-04:00,4.687500,-82.048759
2026-08-26T11:52:38.835-04:00,4.882812,-80.762260
2026-08-26T11:52:38.835-04:00,5.078125,-84.203117
2026-08-26T11:52:38.835-04:00,5.273438,-84.675026
2026-08-26T11:52:38.835-04:00,5.468750,-79.638268
2026-08-26T11:52:38.835-04:00,5.664062,-78.486801
2026-08-26T11:52:38.835-04:00,5.859375,-79.595703
2026-08-26T11:52:38.835-04:00,6.054688,-82.421844
2026-08-26T11:52:38.835-04:00,6.250000,-88.666161
2026-08-26T11:52:38.835-04:00,6.445312,-96.333618
2026-08-26T11:52:38.835-04:00,6.640625,-92.357903
2026-08-26T11:52:38.835-04:00,6.835938,-92.201424
2026-08-26T11:52:38.835-04:00,7.031250,-95.671860
2026-08-26T11:52:38.835-04:00,7.226562,-105.014084
2026-08-26T11:52:38.835-04:00,7.421875,-98.525162
2026-08-26T11:52:38.835-04:00,7.617188,-97.885597
2026-08-26T11:52:38.835-04:00,7.812500,-106.702881
2026-08-26T11:52:38.835-04:00,8.007812,-94.940399
2026-08-26T11:52:38.835-04:00,8.203125,-91.282196
2026-08-26T11:52:38.835-04:00,8.398438,-86.625031
2026-08-26T11:52:38.835-04:00,8.593750,-83.138962
2026-08-26T11:52:38.835-04:00,8.789062,-81.689156
2026-08-26T11:52:38.835-04:00,8.984375,-82.795097
2026-08-26T11:52:38.835-04:00,9.179688,-86.834381
2026-08-26T11:52:38.835-04:00,9.375000,-95.392365
2026-08-26T11:52:38.835-04:00,9.570312,-102.858566
2026-08-26T11:52:38.835-04:00,9.765625,-96.247971
2026-08-26T11:52:38.835-04:00,9.960938,-93.347794
2026-08-26T11:52:38.835-04:00,10.156250,-94.020584
2026-08-26T11:52:38.835-04:00,10.351562,-94.239090
2026-08-26T11:52:38.835-04:00,10.546875,-94.412071
2026-08-26T11:52:38.835-04:00,10.742188,-96.094101
2026-08-26T11:52:38.835-04:00,10.937500,-94.331894
2026-08-26T11:52:38.835-04:00,11.132812,-93.695770
2026-08-26T11:52:38.835-04:00,11.328125,-93.726387
2026-08-26T11:52:38.835-04:00,11.523438,-94.991600
2026-08-26T11:52:38.835-04:00,11.718750,-98.806885
2026-08-26T11:52:38.835-04:00,11.914062,-105.869125
2026-08-26T11:52:38.835-04:00,12.109375,-100.778419
2026-08-26T11:52:38.835-04:00,12.304688,-93.719681
2026-08-26T11:52:38.835-04:00,12.500000,-90.684174
2026-08-26T11:52:38.835-04:00,12.695312,-91.367195
2026-08-26T11:52:38.835-04:00,12.890625,-94.939011
2026-08-26T11:52:38.835-04:00,13.085938,-102.541046
2026-08-26T11:52:38.835-04:00,13.281250,-107.127335
2026-08-26T11:52:38.835-04:00,13.476562,-97.203415
2026-08-26T11:52:38.835-04:00,13.671875,-94.607475
2026-08-26T11:52:38.835-04:00,13.867188,-96.025574
2026-08-26T11:52:38.835-04:00,14.062500,-100.376091
2026-08-26T11:52:38.835-04:00,14.257812,-96.933762
2026-08-26T11:52:38.835-04:00,14.453125,-93.613251
2026-08-26T11:52:38.835-04:00,14.648438,-91.904526
2026-08-26T11:52:38.835-04:00,14.843750,-89.856071
2026-08-26T11:52:38.835-04:00,15.039062,-88.381409
2026-08-26T11:52:38.835-04:00,15.234375,-89.532631
2026-08-26T11:52:38.835-04:00,15.429688,-94.100830
2026-08-26T11:52:38.835-04:00,15.625000,-100.673965
2026-08-26T11:52:38.835-04:00,15.820312,-111.595856
2026-08-26T11:52:38.835-04:00,16.015625,-99.441833
2026-08-26T11:52:38.835-04:00,16.210938,-97.769623
2026-08-26T11:52:38.835-04:00,16.406250,-104.134430
2026-08-26T11:52:38.835-04:00,16.601562,-112.292282
2026-08-26T11:52:38.835-04:00,16.796875,-99.207146
2026-08-26T11:52:38.835-04:00,16.992188,-95.131012
2026-08-26T11:52:38.835-04:00,17.187500,-96.189651
2026-08-26T11:52:38.835-04:00,17.382812,-103.803192
2026-08-26T11:52:38.835-04:00,17.578125,-113.738892
2026-08-26T11:52:38.835-04:00,17.773438,-101.137482
2026-08-26T11:52:38.835-04:00,17.968750,-97.921982
2026-08-26T11:52:38.835-04:00,18.164062,-98.405762
2026-08-26T11:52:38.835-04:00,18.359375,-100.448341
2026-08-26T11:52:38.835-04:00,18.554688,-99.575050
2026-08-26T11:52:38.835-04:00,18.750000,-96.627663
2026-08-26T11:52:38.835-04:00,18.945312,-96.291489
2026-08-26T11:52:38.835-04:00,19.140625,-98.137756
2026-08-26T11:52:38.835-04:00,19.335938,-99.156326
2026-08-26T11:52:38.835-04:00,19.531250,-99.312927
2026-08-26T11:52:38.835-04:00,19.726562,-98.928307
2026-08-26T11:52:38.835-04:00,19.921875,-98.110855
2026-08-26T11:52:39.381-04:00,-19.921875,-102.194893
2026-08-26T11:52:39.381-04:00,-19.726562,-101.785934
2026-08-26T11:52:39.381-04:00,-19.531250,-101.393692
2026-08-26T11:52:39.381-04:00,-19.335938,-102.172020
2026-08-26T11:52:39.381-04:00,-19.140625,-102.786652
2026-08-26T11:52:39.381-04:00,-18.945312,-98.412170
2026-08-26T11:52:39.381-04:00,-18.750000,-97.710114
2026-08-26T11:52:39.381-04:00,-18.554688,-103.173531
2026-08-26T11:52:39.381-04:00,-18.359375,-104.502556
2026-08-26T11:52:39.381-04:00,-18.164062,-100.657333
2026-08-26T11:52:39.381-04:00,-17.968750,-100.423820
2026-08-26T11:52:39.381-04:00,-17.773438,-102.867371
2026-08-26T11:52:39.381-04:00,-17.578125,-109.871307
2026-08-26T11:52:39.381-04:00,-17.382812,-107.038795
2026-08-26T11:52:39.381-04:00,-17.187500,-99.045074
2026-08-26T11:52:39.381-04:00,-16.992188,-98.466888
2026-08-26T11:52:39.381-04:00,-16.796875,-103.175705
2026-08-26T11:52:39.381-04:00,-16.601562,-108.242500
2026-08-26T11:52:39.381-04:00,-16.406250,-106.579247
2026-08-26T11:52:39.381-04:00,-16.210938,-100.988121
2026-08-26T11:52:39.381-04:00,-16.015625,-99.661652
2026-08-26T11:52:39.381-04:00,-15.820312,-102.994835
2026-08-26T11:52:39.381-04:00,-15.625000,-110.977493
2026-08-26T11:52:39.381-04:00,-15.429688,-99.282562
2026-08-26T11:52:39.381-04:00,-15.234375,-92.812897
2026-08-26T11:52:39.381-04:00,-15.039062,-90.736755
2026-08-26T11:52:39.381-04:00,-14.843750,-91.871979
2026-08-26T11:52:39.381-04:00,-14.648438,-94.401405
2026-08-26T11:52:39.381-04:00,-14.453125,-96.980682
2026-08-26T11:52:39.381-04:00,-14.257812,-103.264160
2026-08-26T11:52:39.381-04:00,-14.062500,-122.937172
2026-08-26T11:52:39.381-04:00,-13.867188,-101.122177
2026-08-26T11:52:39.381-04:00,-13.671875,-99.678047
2026-08-26T11:52:39.381-04:00,-13.476562,-102.971153
2026-08-26T11:52:39.381-04:00,-13.281250,-102.849739
2026-08-26T11:52:39.381-04:00,-13.085938,-101.049500
2026-08-26T11:52:39.381-04:00,-12.890625,-96.787354
2026-08-26T11:52:39.381-04:00,-12.695312,-92.529793
2026-08-26T11:52:39.381-04:00,-12.500000,-92.363205
2026-08-26T11:52:39.381-04:00,-12.304688,-97.482635
2026-08-26T11:52:39.381-04:00,-12.109375,-104.108696
2026-08-26T11:52:39.381-04:00,-11.914062,-109.380409
2026-08-26T11:52:39.381-04:00,-11.718750,-100.821121
2026-08-26T11:52:39.381-04:00,-11.523438,-98.868340
2026-08-26T11:52:39.381-04:00,-11.328125,-98.687653
2026-08-26T11:52:39.381-04:00,-11.132812,-101.108406
2026-08-26T11:52:39.381-04:00,-10.937500,-96.058517
2026-08-26T11:52:39.381-04:00,-10.742188,-95.504395
2026-08-26T11:52:39.381-04:00,-10.546875,-97.281204
2026-08-26T11:52:39.381-04:00,-10.351562,-100.923065
2026-08-26T11:52:39.381-04:00,-10.156250,-101.848137
2026-08-26T11:52:39.381-04:00,-9.960938,-94.647911
2026-08-26T11:52:39.381-04:00,-9.765625,-94.978027
2026-08-26T11:52:39.381-04:00,-9.570312,-96.185532
2026-08-26T11:52:39.381-04:00,-9.375000,-92.856171
2026-08-26T11:52:39.381-04:00,-9.179688,-88.741425
2026-08-26T11:52:39.381-04:00,-8.984375,-86.640770
2026-08-26T11:52:39.381-04:00,-8.789062,-85.614273
2026-08-26T11:52:39.381-04:00,-8.593750,-87.312103
2026-08-26T11:52:39.381-04:00,-8.398438,-90.560570
2026-08-26T11:52:39.381-04:00,-8.203125,-91.069603
2026-08-26T11:52:39.381-04:00,-8.007812,-93.289803
2026-08-26T11:52:39.381-04:00,-7.812500,-96.520271
2026-08-26T11:52:39.381-04:00,-7.617188,-95.307724
2026-08-26T11:52:39.381-04:00,-7.421875,-95.119362
2026-08-26T11:52:39.381-04:00,-7.226562,-98.304031
2026-08-26T11:52:39.381-04:00,-7.031250,-98.480225
2026-08-26T11:52:39.381-04:00,-6.835938,-92.106445
2026-08-26T11:52:39.381-04:00,-6.640625,-92.047943
2026-08-26T11:52:39.381-04:00,-6.445312,-94.228966
2026-08-26T11:52:39.381-04:00,-6.250000,-88.507141
2026-08-26T11:52:39.381-04:00,-6.054688,-84.917213
2026-08-26T11:52:39.381-04:00,-5.859375,-83.288589
2026-08-26T11:52:39.381-04:00,-5.664062,-81.210861
2026-08-26T11:52:39.381-04:00,-5.468750,-81.063477
2026-08-26T11:52:39.381-04:00,-5.273438,-81.476715
2026-08-26T11:52:39.381-04:00,-5.078125,-81.454178
2026-08-26T11:52:39.381-04:00,-4.882812,-81.724777
2026-08-26T11:52:39.381-04:00,-4.687500,-82.443451
2026-08-26T11:52:39.381-04:00,-4.492188,-82.490570
2026-08-26T11:52:39.381-04:00,-4.296875,-79.406113
2026-08-26T11:52:39.381-04:00,-4.101562,-75.749474
2026-08-26T11:52:39.381-04:00,-3.906250,-74.813789
2026-08-26T11:52:39.381-04:00,-3.710938,-74.625793
2026-08-26T11:52:39.381-04:00,-3.515625,-73.888115
2026-08-26T11:52:39.381-04:00,-3.320312,-72.241676
2026-08-26T11:52:39.381-04:00,-3.125000,-71.543900
2026-08-26T11:52:39.381-04:00,-2.929688,-73.395821
2026-08-26T11:52:39.381-04:00,-2.734375,-71.737183
2026-08-26T11:52:39.381-04:00,-2.539062,-69.311508
2026-08-26T11:52:39.381-04:00,-2.343750,-72.785942
2026-08-26T11:52:39.381-04:00,-2.148438,-72.840858
2026-08-26T11:52:39.381-04:00,-1.953125,-66.624115
2026-08-26T11:52:39.381-04:00,-1.757812,-64.153870
2026-08-26T11:52:39.381-04:00,-1.562500,-65.112640
2026-08-26T11:52:39.381-04:00,-1.367188,-63.670692
2026-08-26T11:52:39.381-04:00,-1.171875,-66.010635
2026-08-26T11:52:39.381-04:00,-0.976562,-61.703472
2026-08-26T11:52:39.381-04:00,-0.781250,-55.332203
2026-08-26T11:52:39.381-04:00,-0.585938,-51.210876
2026-08-26T11:52:39.381-04:00,-0.390625,-50.661655
2026-08-26T11:52:39.381-04:00,-0.195312,-54.343487
2026-08-26T11:52:39.381-04:00,0.000000,-62.374474
2026-08-26T11:52:39.381-04:00,0.195312,-54.343487
2026-08-26T11:52:39.381-04:00,0.390625,-50.661655
2026-08-26T11:52:39.381-04:00,0.585938,-51.210876
2026-08-26T11:52:39.381-04:00,0.781250,-55.332203
2026-08-26T11:52:39.381-04:00,0.976562,-61.703472
2026-08-26T11:52:39.381-04:00,1.171875,-66.010635
2026-08-26T11:52:39.381-04:00,1.367188,-63.670692
2026-08-26T11:52:39.381-04:00,1.562500,-65.112640
2026-08-26T11:52:39.381-04:00,1.757812,-64.153870
2026-08-26T11:52:39.381-04:00,1.953125,-66.624115
2026-08-26T11:52:39.381-04:00,2.148438,-72.840858
2026-08-26T11:52:39.381-04:00,2.343750,-72.785942
2026-08-26T11:52:39.381-04:00,2.539062,-69.311508
2026-08-26T11:52:39.381-04:00,2.734375,-71.737183
2026-08-26T11:52:39.381-04:00,2.929688,-73.395821
2026-08-26T11:52:39.381-04:00,3.125000,-71.543900
2026-08-26T11:52:39.381-04:00,3.320312,-72.241676
2026-08-26T11:52:39.381-04:00,3.515625,-73.888115
2026-08-26T11:52:39.381-04:00,3.710938,-74.625793
2026-08-26T11:52:39.381-04:00,3.906250,-74.813789
2026-08-26T11:52:39.381-04:00,4.101562,-75.749474
2026-08-26T11:52:39.381-04:00,4.296875,-79.406113
2026-08-26T11:52:39.381-04:00,4.492188,-82.490570
2026-08-26T11:52:39.381-04:00,4.687500,-82.443451
2026-08-26T11:52:39.381-04:00,4.882812,-81.724777
2026-08-26T11:52:39.381-04:00,5.078125,-81.454178
2026-08-26T11:52:39.381-04:00,5.273438,-81.476715
2026-08-26T11:52:39.381-04:00,5.468750,-81.063477
2026-08-26T11:52:39.381-04:00,5.664062,-81.210861
2026-08-26T11:52:39.381-04:00,5.859375,-83.288589
2026-08-26T11:52:39.381-04:00,6.054688,-84.917213
2026-08-26T11:52:39.381-04:00,6.250000,-88.507141
2026-08-26T11:52:39.381-04:00,6.445312,-94.228966
2026-08-26T11:52:39.381-04:00,6.640625,-92.047943
2026-08-26T11:52:39.381-04:00,6.835938,-92.106445
2026-08-26T11:52:39.381-04:00,7.031250,-98.480225
2026-08-26T11:52:39.381-04:00,7.226562,-98.304031
2026-08-26T11:52:39.381-04:00,7.421875,-95.119362
2026-08-26T11:52:39.381-04:00,7.617188,-95.307724
2026-08-26T11:52:39.381-04:00,7.812500,-96.520271
2026-08-26T11:52:39.381-04:00,8.007812,-93.289803
2026-08-26T11:52:39.381-04:00,8.203125,-91.069603
2026-08-26T11:52:39.381-04:00,8.398438,-90.560570
2026-08-26T11:52:39.381-04:00,8.593750,-87.312103
2026-08-26T11:52:39.381-04:00,8.789062,-85.614273
2026-08-26T11:52:39.381-04:00,8.984375,-86.640770
2026-08-26T11:52:39.381-04:00,9.179688,-88.741425
2026-08-26T11:52:39.381-04:00,9.375000,-92.856171
2026-08-26T11:52:39.381-04:00,9.570312,-96.185532
2026-08-26T11:52:39.381-04:00,9.765625,-94.978027
2026-08-26T11:52:39.381-04:00,9.960938,-94.647911
2026-08-26T11:52:39.381-04:00,10.156250,-101.848137
2026-08-26T11:52:39.381-04:00,10.351562,-100.923065
2026-08-26T11:52:39.381-04:00,10.546875,-97.281204
2026-08-26T11:52:39.381-04:00,10.742188,-95.504395
2026-08-26T11:52:39.381-04:00,10.937500,-96.058517
2026-08-26T11:52:39.381-04:00,11.132812,-101.108406
2026-08-26T11:52:39.381-04:00,11.328125,-98.687653
2026-08-26T11:52:39.381-04:00,11.523438,-98.868340
2026-08-26T11:52:39.381-04:00,11.718750,-100.821121
2026-08-26T11:52:39.381-04:00,11.914062,-109.380409
2026-08-26T11:52:39.381-04:00,12.109375,-104.108696
2026-08-26T11:52:39.381-04:00,12.304688,-97.482635
2026-08-26T11:52:39.381-04:00,12.500000,-92.363205
2026-08-26T11:52:39.381-04:00,12.695312,-92.529793
2026-08-26T11:52:39.381-04:00,12.890625,-96.787354
2026-08-26T11:52:39.381-04:00,13.085938,-101.049500
2026-08-26T11:52:39.381-04:00,13.281250,-102.849739
2026-08-26T11:52:39.381-04:00,13.476562,-102.971153
2026-08-26T11:52:39.381-04:00,13.671875,-99.678047
2026-08-26T11:52:39.381-04:00,13.867188,-101.122177
2026-08-26T11:52:39.381-04:00,14.062500,-122.937172
2026-08-26T11:52:39.381-04:00,14.257812,-103.264160
2026-08-26T11:52:39.381-04:00,14.453125,-96.980682
2026-08-26T11:52:39.381-04:00,14.648438,-94.401405
2026-08-26T11:52:39.381-04:00,14.843750,-91.871979
2026-08-26T11:52:39.381-04:00,15.039062,-90.736755
2026-08-26T11:52:39.381-04:00,15.234375,-92.812897
2026-08-26T11:52:39.381-04:00,15.429688,-99.282562
2026-08-26T11:52:39.381-04:00,15.625000,-110.977493
2026-08-26T11:52:39.381-04:00,15.820312,-102.994835
2026-08-26T11:52:39.381-04:00,16.015625,-99.661652
2026-08-26T11:52:39.381-04:00,16.210938,-100.988121
2026-08-26T11:52:39.381-04:00,16.406250,-106.579247
2026-08-26T11:52:39.381-04:00,16.601562,-108.242500
2026-08-26T11:52:39.381-04:00,16.796875,-103.175705
2026-08-26T11:52:39.381-04:00,16.992188,-98.466888
2026-08-26T11:52:39.381-04:00,17.187500,-99.045074
2026-08-26T11:52:39.381-04:00,17.382812,-107.038795
2026-08-26T11:52:39.381-04:00,17.578125,-109.871307
2026-08-26T11:52:39.381-04:00,17.773438,-102.867371
2026-08-26T11:52:39.381-04:00,17.968750,-100.423820
2026-08-26T11:52:39.381-04:00,18.164062,-100.657333
2026-08-26T11:52:39.381-04:00,18.359375,-104.502556
2026-08-26T11:52:39.381-04:00,18.554688,-103.173531
2026-08-26T11:52:39.381-04:00,18.750000,-97.710114
2026-08-26T11:52:39.381-04:00,18.945312,-98.412170
2026-08-26T11:52:39.381-04:00,19.140625,-102.786652
2026-08-26T11:52:39.381-04:00,19.335938,-102.172020
2026-08-26T11:52:39.381-04:00,19.531250,-101.393692
2026-08-26T11:52:39.381-04:00,19.726562,-101.785934
2026-08-26T11:52:39.381-04:00,19.921875,-102.194893
2026-08-26T11:52:39.928-04:00,-19.921875,-111.841270
2026-08-26T11:52:39.928-04:00,-19.726562,-109.795578
2026-08-26T11:52:39.928-04:00,-19.531250,-107.827835
2026-08-26T11:52:39.928-04:00,-19.335938,-108.239685
2026-08-26T11:52:39.928-04:00,-19.140625,-120.194931
2026-08-26T11:52:39.928-04:00,-18.945312,-102.069595
2026-08-26T11:52:39.928-04:00,-18.750000,-99.387131
2026-08-26T11:52:39.928-04:00,-18.554688,-105.793449
2026-08-26T11:52:39.928-04:00,-18.359375,-107.951141
2026-08-26T11:52:39.928-04:00,-18.164062,-105.671501
2026-08-26T11:52:39.928-04:00,-17.968750,-106.662857
2026-08-26T11:52:39.928-04:00,-17.773438,-105.002174
2026-08-26T11:52:39.928-04:00,-17.578125,-110.674217
2026-08-26T11:52:39.928-04:00,-17.382812,-108.625580
2026-08-26T11:52:39.928-04:00,-17.187500,-101.417580
2026-08-26T11:52:39.928-04:00,-16.992188,-102.100861
2026-08-26T11:52:39.928-04:00,-16.796875,-113.518974
2026-08-26T11:52:39.928-04:00,-16.601562,-109.980888
2026-08-26T11:52:39.928-04:00,-16.406250,-116.886482
2026-08-26T11:52:39.928-04:00,-16.210938,-104.389511
2026-08-26T11:52:39.928-04:00,-16.015625,-100.492439
2026-08-26T11:52:39.928-04:00,-15.820312,-102.235016
2026-08-26T11:52:39.928-04:00,-15.625000,-108.304642
2026-08-26T11:52:39.928-04:00,-15.429688,-103.433044
2026-08-26T11:52:39.928-04:00,-15.234375,-98.191536
2026-08-26T11:52:39.928-04:00,-15.039062,-95.608459
2026-08-26T11:52:39.928-04:00,-14.843750,-97.798607
2026-08-26T11:52:39.928-04:00,-14.648438,-102.791901
2026-08-26T11:52:39.928-04:00,-14.453125,-102.476204
2026-08-26T11:52:39.928-04:00,-14.257812,-107.380066
2026-08-26T11:52:39.928-04:00,-14.062500,-113.336823
2026-08-26T11:52:39.928-04:00,-13.867188,-101.949394
2026-08-26T11:52:39.928-04:00,-13.671875,-102.645721
2026-08-26T11:52:39.928-04:00,-13.476562,-111.352623
2026-08-26T11:52:39.928-04:00,-13.281250,-101.012955
2026-08-26T11:52:39.928-04:00,-13.085938,-101.193459
2026-08-26T11:52:39.928-04:00,-12.890625,-106.016724
2026-08-26T11:52:39.928-04:00,-12.695312,-95.103996
2026-08-26T11:52:39.928-04:00,-12.500000,-94.566589
2026-08-26T11:52:39.928-04:00,-12.304688,-105.311768
2026-08-26T11:52:39.928-04:00,-12.109375,-106.022423
2026-08-26T11:52:39.928-04:00,-11.914062,-103.705139
2026-08-26T11:52:39.928-04:00,-11.718750,-103.825310
2026-08-26T11:52:39.928-04:00,-11.523438,-109.276459
2026-08-26T11:52:39.928-04:00,-11.328125,-103.838844
2026-08-26T11:52:39.928-04:00,-11.132812,-110.067101
2026-08-26T11:52:39.928-04:00,-10.937500,-97.760773
2026-08-26T11:52:39.928-04:00,-10.742188,-98.217102
2026-08-26T11:52:39.928-04:00,-10.546875,-107.907173
2026-08-26T11:52:39.928-04:00,-10.351562,-101.338287
2026-08-26T11:52:39.928-04:00,-10.156250,-100.045563
2026-08-26T11:52:39.928-04:00,-9.960938,-96.530807
2026-08-26T11:52:39.928-04:00,-9.765625,-97.974472
2026-08-26T11:52:39.928-04:00,-9.570312,-97.772339
2026-08-26T11:52:39.928-04:00,-9.375000,-95.108231
2026-08-26T11:52:39.928-04:00,-9.179688,-93.722755
2026-08-26T11:52:39.928-04:00,-8.984375,-95.375122
2026-08-26T11:52:39.928-04:00,-8.789062,-92.236214
2026-08-26T11:52:39.928-04:00,-8.593750,-93.785339
2026-08-26T11:52:39.928-04:00,-8.398438,-105.717834
2026-08-26T11:52:39.928-04:00,-8.203125,-94.201889
2026-08-26T11:52:39.928-04:00,-8.007812,-94.296150
2026-08-26T11:52:39.928-04:00,-7.812500,-97.510368
2026-08-26T11:52:39.928-04:00,-7.617188,-94.568161
2026-08-26T11:52:39.928-04:00,-7.421875,-92.647202
2026-08-26T11:52:39.928-04:00,-7.226562,-96.112839
2026-08-26T11:52:39.928-04:00,-7.031250,-102.536705
2026-08-26T11:52:39.928-04:00,-6.835938,-91.595375
2026-08-26T11:52:39.928-04:00,-6.640625,-92.052994
2026-08-26T11:52:39.928-04:00,-6.445312,-112.851868
2026-08-26T11:52:39.928-04:00,-6.250000,-89.485252
2026-08-26T11:52:39.928-04:00,-6.054688,-89.952118
2026-08-26T11:52:39.928-04:00,-5.859375,-92.976692
2026-08-26T11:52:39.928-04:00,-5.664062,-86.517349
2026-08-26T11:52:39.928-04:00,-5.468750,-87.342651
2026-08-26T11:52:39.928-04:00,-5.273438,-83.488449
2026-08-26T11:52:39.928-04:00,-5.078125,-82.700546
2026-08-26T11:52:39.928-04:00,-4.882812,-87.198532
2026-08-26T11:52:39.928-04:00,-4.687500,-86.894310
2026-08-26T11:52:39.928-04:00,-4.492188,-85.431793
2026-08-26T11:52:39.928-04:00,-4.296875,-81.435974
2026-08-26T11:52:39.928-04:00,-4.101562,-77.941635
2026-08-26T11:52:39.928-04:00,-3.906250,-81.155273
2026-08-26T11:52:39.928-04:00,-3.710938,-82.264175
2026-08-26T11:52:39.928-04:00,-3.515625,-81.774406
2026-08-26T11:52:39.928-04:00,-3.320312,-76.216354
2026-08-26T11:52:39.928-04:00,-3.125000,-72.245461
2026-08-26T11:52:39.928-04:00,-2.929688,-79.107330
2026-08-26T11:52:39.928-04:00,-2.734375,-75.579269
2026-08-26T11:52:39.928-04:00,-2.539062,-70.582970
2026-08-26T11:52:39.928-04:00,-2.343750,-77.631607
2026-08-26T11:52:39.928-04:00,-2.148438,-80.720131
2026-08-26T11:52:39.928-04:00,-1.953125,-73.188286
2026-08-26T11:52:39.928-04:00,-1.757812,-68.681778
2026-08-26T11:52:39.928-04:00,-1.562500,-86.449539
2026-08-26T11:52:39.928-04:00,-1.367188,-67.733559
2026-08-26T11:52:39.928-04:00,-1.171875,-71.444321
2026-08-26T11:52:39.928-04:00,-0.976562,-62.667664
2026-08-26T11:52:39.928-04:00,-0.781250,-54.510460
2026-08-26T11:52:39.928-04:00,-0.585938,-51.973068
2026-08-26T11:52:39.928-04:00,-0.390625,-53.284843
2026-08-26T11:52:39.928-04:00,-0.195312,-57.513348
2026-08-26T11:52:39.928-04:00,0.000000,-64.947693
2026-08-26T11:52:39.928-04:00,0.195312,-57.513348
2026-08-26T11:52:39.928-04:00,0.390625,-53.284843
2026-08-26T11:52:39.928-04:00,0.585938,-51.973068
2026-08-26T11:52:39.928-04:00,0.781250,-54.510460
2026-08-26T11:52:39.928-04:00,0.976562,-62.667664
2026-08-26T11:52:39.928-04:00,1.171875,-71.444321
2026-08-26T11:52:39.928-04:00,1.367188,-67.733559
2026-08-26T11:52:39.928-04:00,1.562500,-86.449539
2026-08-26T11:52:39.928-04:00,1.757812,-68.681778
2026-08-26T11:52:39.928-04:00,1.953125,-73.188286
2026-08-26T11:52:39.928-04:00,2.148438,-80.720131
2026-08-26T11:52:39.928-04:00,2.343750,-77.631607
2026-08-26T11:52:39.928-04:00,2.539062,-70.582970
2026-08-26T11:52:39.928-04:00,2.734375,-75.579269
2026-08-26T11:52:39.928-04:00,2.929688,-79.107330
2026-08-26T11:52:39.928-04:00,3.125000,-72.245461
2026-08-26T11:52:39.928-04:00,3.320312,-76.216354
2026-08-26T11:52:39.928-04:00,3.515625,-81.774406
2026-08-26T11:52:39.928-04:00,3.710938,-82.264175
2026-08-26T11:52:39.928-04:00,3.906250,-81.155273
2026-08-26T11:52:39.928-04:00,4.101562,-77.941635
2026-08-26T11:52:39.928-04:00,4.296875,-81.435974
2026-08-26T11:52:39.928-04:00,4.492188,-85.431793
2026-08-26T11:52:39.928-04:00,4.687500,-86.894310
2026-08-26T11:52:39.928-04:00,4.882812,-87.198532
2026-08-26T11:52:39.928-04:00,5.078125,-82.700546
2026-08-26T11:52:39.928-04:00,5.273438,-83.488449
2026-08-26T11:52:39.928-04:00,5.468750,-87.342651
2026-08-26T11:52:39.928-04:00,5.664062,-86.517349
2026-08-26T11:52:39.928-04:00,5.859375,-92.976692
2026-08-26T11:52:39.928-04:00,6.054688,-89.952118
2026-08-26T11:52:39.928-04:00,6.250000,-89.485252
2026-08-26T11:52:39.928-04:00,6.445312,-112.851868
2026-08-26T11:52:39.928-04:00,6.640625,-92.052994
2026-08-26T11:52:39.928-04:00,6.835938,-91.595375
2026-08-26T11:52:39.928-04:00,7.031250,-102.536705
2026-08-26T11:52:39.928-04:00,7.226562,-96.112839
2026-08-26T11:52:39.928-04:00,7.421875,-92.647202
2026-08-26T11:52:39.928-04:00,7.617188,-94.568161
2026-08-26T11:52:39.928-04:00,7.812500,-97.510368
2026-08-26T11:52:39.928-04:00,8.007812,-94.296150
2026-08-26T11:52:39.928-04:00,8.203125,-94.201889
2026-08-26T11:52:39.928-04:00,8.398438,-105.717834
2026-08-26T11:52:39.928-04:00,8.593750,-93.785339
2026-08-26T11:52:39.928-04:00,8.789062,-92.236214
2026-08-26T11:52:39.928-04:00,8.984375,-95.375122
2026-08-26T11:52:39.928-04:00,9.179688,-93.722755
2026-08-26T11:52:39.928-04:00,9.375000,-95.108231
2026-08-26T11:52:39.928-04:00,9.570312,-97.772339
2026-08-26T11:52:39.928-04:00,9.765625,-97.974472
2026-08-26T11:52:39.928-04:00,9.960938,-96.530807
2026-08-26T11:52:39.928-04:00,10.156250,-100.045563
2026-08-26T11:52:39.928-04:00,10.351562,-101.338287
2026-08-26T11:52:39.928-04:00,10.546875,-107.907173
2026-08-26T11:52:39.928-04:00,10.742188,-98.217102
2026-08-26T11:52:39.928-04:00,10.937500,-97.760773
2026-08-26T11:52:39.928-04:00,11.132812,-110.067101
2026-08-26T11:52:39.928-04:00,11.328125,-103.838844
2026-08-26T11:52:39.928-04:00,11.523438,-109.276459
2026-08-26T11:52:39.928-04:00,11.718750,-103.825310
2026-08-26T11:52:39.928-04:00,11.914062,-103.705139
2026-08-26T11:52:39.928-04:00,12.109375,-106.022423
2026-08-26T11:52:39.928-04:00,12.304688,-105.311768
2026-08-26T11:52:39.928-04:00,12.500000,-94.566589
2026-08-26T11:52:39.928-04:00,12.695312,-95.103996
2026-08-26T11:52:39.928-04:00,12.890625,-106.016724
2026-08-26T11:52:39.928-04:00,13.085938,-101.193459
2026-08-26T11:52:39.928-04:00,13.281250,-101.012955
2026-08-26T11:52:39.928-04:00,13.476562,-111.352623
2026-08-26T11:52:39.928-04:00,13.671875,-102.645721
2026-08-26T11:52:39.928-04:00,13.867188,-101.949394
2026-08-26T11:52:39.928-04:00,14.062500,-113.336823
2026-08-26T11:52:39.928-04:00,14.257812,-107.380066
2026-08-26T11:52:39.928-04:00,14.453125,-102.476204
2026-08-26T11:52:39.928-04:00,14.648438,-102.791901
2026-08-26T11:52:39.928-04:00,14.843750,-97.798607
2026-08-26T11:52:39.928-04:00,15.039062,-95.608459
2026-08-26T11:52:39.928-04:00,15.234375,-98.191536
2026-08-26T11:52:39.928-04:00,15.429688,-103.433044
2026-08-26T11:52:39.928-04:00,15.625000,-108.304642
2026-08-26T11:52:39.928-04:00,15.820312,-102.235016
2026-08-26T11:52:39.928-04:00,16.015625,-100.492439
2026-08-26T11:52:39.928-04:00,16.210938,-104.389511
2026-08-26T11:52:39.928-04:00,16.406250,-116.886482
2026-08-26T11:52:39.928-04:00,16.601562,-109.980888
2026-08-26T11:52:39.928-04:00,16.796875,-113.518974
2026-08-26T11:52:39.928-04:00,16.992188,-102.100861
2026-08-26T11:52:39.928-04:00,17.187500,-101.417580
2026-08-26T11:52:39.928-04:00,17.382812,-108.625580
2026-08-26T11:52:39.928-04:00,17.578125,-110.674217
2026-08-26T11:52:39.928-04:00,17.773438,-105.002174
2026-08-26T11:52:39.928-04:00,17.968750,-106.662857
2026-08-26T11:52:39.928-04:00,18.164062,-105.671501
2026-08-26T11:52:39.928-04:00,18.359375,-107.951141
2026-08-26T11:52:39.928-04:00,18.554688,-105.793449
2026-08-26T11:52:39.928-04:00,18.750000,-99.387131
2026-08-26T11:52:39.928-04:00,18.945312,-102.069595
2026-08-26T11:52:39.928-04:00,19.140625,-120.194931
2026-08-26T11:52:39.928-04:00,19.335938,-108.239685
2026-08-26T11:52:39.928-04:00,19.531250,-107.827835
2026-08-26T11:52:39.928-04:00,19.726562,-109.795578
2026-08-26T11:52:39.928-04:00,19.921875,-111.841270
2026-08-26T11:52:40.474-04:00,-19.921875,-117.072060
2026-08-26T11:52:40.474-04:00,-19.726562,-118.837433
2026-08-26T11:52:40.474-04:00,-19.531250,-114.108574
2026-08-26T11:52:40.474-04:00,-19.335938,-111.116913
2026-08-26T11:52:40.474-04:00,-19.140625,-111.626938
2026-08-26T11:52:40.474-04:00,-18.945312,-104.833572
2026-08-26T11:52:40.474-04:00,-18.750000,-100.414726
2026-08-26T11:52:40.474-04:00,-18.554688,-101.880508
2026-08-26T11:52:40.474-04:00,-18.359375,-106.097473
2026-08-26T11:52:40.474-04:00,-18.164062,-112.069504
2026-08-26T11:52:40.474-04:00,-17.968750,-120.897446
2026-08-26T11:52:40.474-04:00,-17.773438,-107.050850
2026-08-26T11:52:40.474-04:00,-17.578125,-107.000595
2026-08-26T11:52:40.474-04:00,-17.382812,-107.567245
2026-08-26T11:52:40.474-04:00,-17.187500,-104.053085
2026-08-26T11:52:40.474-04:00,-16.992188,-103.247292
2026-08-26T11:52:40.474-04:00,-16.796875,-109.379005
2026-08-26T11:52:40.474-04:00,-16.601562,-109.133873
2026-08-26T11:52:40.474-04:00,-16.406250,-111.817627
2026-08-26T11:52:40.474-04:00,-16.210938,-105.977951
2026-08-26T11:52:40.474-04:00,-16.015625,-102.956047
2026-08-26T11:52:40.474-04:00,-15.820312,-102.776711
2026-08-26T11:52:40.474-04:00,-15.625000,-104.219521
2026-08-26T11:52:40.474-04:00,-15.429688,-112.347946
2026-08-26T11:52:40.474-04:00,-15.234375,-104.654968
2026-08-26T11:52:40.474-04:00,-15.039062,-102.265884
2026-08-26T11:52:40.474-04:00,-14.843750,-105.407745
2026-08-26T11:52:40.474-04:00,-14.648438,-123.402321
2026-08-26T11:52:40.474-04:00,-14.453125,-108.971069
2026-08-26T11:52:40.474-04:00,-14.257812,-105.680038
2026-08-26T11:52:40.474-04:00,-14.062500,-105.321312
2026-08-26T11:52:40.474-04:00,-13.867188,-99.560364
2026-08-26T11:52:40.474-04:00,-13.671875,-99.723495
2026-08-26T11:52:40.474-04:00,-13.476562,-101.911201
2026-08-26T11:52:40.474-04:00,-13.281250,-101.037254
2026-08-26T11:52:40.474-04:00,-13.085938,-101.253265
2026-08-26T11:52:40.474-04:00,-12.890625,-103.148834
2026-08-26T11:52:40.474-04:00,-12.695312,-95.999214
2026-08-26T11:52:40.474-04:00,-12.500000,-95.392067
2026-08-26T11:52:40.474-04:00,-12.304688,-100.903709
2026-08-26T11:52:40.474-04:00,-12.109375,-103.606613
2026-08-26T11:52:40.474-04:00,-11.914062,-106.199127
2026-08-26T11:52:40.474-04:00,-11.718750,-106.060425
2026-08-26T11:52:40.474-04:00,-11.523438,-109.370056
2026-08-26T11:52:40.474-04:00,-11.328125,-103.499641
2026-08-26T11:52:40.474-04:00,-11.132812,-100.603714
2026-08-26T11:52:40.474-04:00,-10.937500,-96.819824
2026-08-26T11:52:40.474-04:00,-10.742188,-97.165672
2026-08-26T11:52:40.474-04:00,-10.546875,-101.396446
2026-08-26T11:52:40.474-04:00,-10.351562,-97.799080
2026-08-26T11:52:40.474-04:00,-10.156250,-96.706398
2026-08-26T11:52:40.474-04:00,-9.960938,-98.940010
2026-08-26T11:52:40.474-04:00,-9.765625,-108.514641
2026-08-26T11:52:40.474-04:00,-9.570312,-105.856628
2026-08-26T11:52:40.474-04:00,-9.375000,-102.062454
2026-08-26T11:52:40.474-04:00,-9.179688,-100.828087
2026-08-26T11:52:40.474-04:00,-8.984375,-112.580627
2026-08-26T11:52:40.474-04:00,-8.789062,-98.274963
2026-08-26T11:52:40.474-04:00,-8.593750,-96.971169
2026-08-26T11:52:40.474-04:00,-8.398438,-101.065071
2026-08-26T11:52:40.474-04:00,-8.203125,-97.125931
2026-08-26T11:52:40.474-04:00,-8.007812,-96.731644
2026-08-26T11:52:40.474-04:00,-7.812500,-119.167358
2026-08-26T11:52:40.474-04:00,-7.617188,-96.067474
2026-08-26T11:52:40.474-04:00,-7.421875,-91.886734
2026-08-26T11:52:40.474-04:00,-7.226562,-92.188332
2026-08-26T11:52:40.474-04:00,-7.031250,-92.697990
2026-08-26T11:52:40.474-04:00,-6.835938,-90.319145
2026-08-26T11:52:40.474-04:00,-6.640625,-90.287048
2026-08-26T11:52:40.474-04:00,-6.445312,-91.518173
2026-08-26T11:52:40.474-04:00,-6.250000,-88.463760
2026-08-26T11:52:40.474-04:00,-6.054688,-89.824898
2026-08-26T11:52:40.474-04:00,-5.859375,-91.837784
2026-08-26T11:52:40.474-04:00,-5.664062,-91.338745
2026-08-26T11:52:40.474-04:00,-5.468750,-116.000099
2026-08-26T11:52:40.474-04:00,-5.273438,-87.479828
2026-08-26T11:52:40.474-04:00,-5.078125,-84.943611
2026-08-26T11:52:40.474-04:00,-4.882812,-94.384697
2026-08-26T11:52:40.474-04:00,-4.687500,-91.614067
2026-08-26T11:52:40.474-04:00,-4.492188,-97.259369
2026-08-26T11:52:40.474-04:00,-4.296875,-86.874306
2026-08-26T11:52:40.474-04:00,-4.101562,-80.869484
2026-08-26T11:52:40.474-04:00,-3.906250,-83.470337
2026-08-26T11:52:40.474-04:00,-3.710938,-84.534386
2026-08-26T11:52:40.474-04:00,-3.515625,-84.697266
2026-08-26T11:52:40.474-04:00,-3.320312,-77.818520
2026-08-26T11:52:40.474-04:00,-3.125000,-72.696106
2026-08-26T11:52:40.474-04:00,-2.929688,-73.826569
2026-08-26T11:52:40.474-04:00,-2.734375,-72.460625
2026-08-26T11:52:40.474-04:00,-2.539062,-70.358421
2026-08-26T11:52:40.474-04:00,-2.343750,-72.990402
2026-08-26T11:52:40.474-04:00,-2.148438,-80.645020
2026-08-26T11:52:40.474-04:00,-1.953125,-76.187256
2026-08-26T11:52:40.474-04:00,-1.757812,-69.849457
2026-08-26T11:52:40.474-04:00,-1.562500,-69.941032
2026-08-26T11:52:40.474-04:00,-1.367188,-67.006767
2026-08-26T11:52:40.474-04:00,-1.171875,-65.023743
2026-08-26T11:52:40.474-04:00,-0.976562,-60.497894
2026-08-26T11:52:40.474-04:00,-0.781250,-55.575657
2026-08-26T11:52:40.474-04:00,-0.585938,-54.872139
2026-08-26T11:52:40.474-04:00,-0.390625,-59.083138
2026-08-26T11:52:40.474-04:00,-0.195312,-61.619705
2026-08-26T11:52:40.474-04:00,0.000000,-61.373135
2026-08-26T11:52:40.474-04:00,0.195312,-61.619705
2026-08-26T11:52:40.474-04:00,0.390625,-59.083138
2026-08-26T11:52:40.474-04:00,0.585938,-54.872139
2026-08-26T11:52:40.474-04:00,0.781250,-55.575657
2026-08-26T11:52:40.474-04:00,0.976562,-60.497894
2026-08-26T11:52:40.474-04:00,1.171875,-65.023743
2026-08-26T11:52:40.474-04:00,1.367188,-67.006767
2026-08-26T11:52:40.474-04:00,1.562500,-69.941032
2026-08-26T11:52:40.474-04:00,1.757812,-69.849457
2026-08-26T11:52:40.474-04:00,1.953125,-76.187256
2026-08-26T11:52:40.474-04:00,2.148438,-80.645020
2026-08-26T11:52:40.474-04:00,2.343750,-72.990402
2026-08-26T11:52:40.474-04:00,2.539062,-70.358421
2026-08-26T11:52:40.474-04:00,2.734375,-72.460625
2026-08-26T11:52:40.474-04:00,2.929688,-73.826569
2026-08-26T11:52:40.474-04:00,3.125000,-72.696106
2026-08-26T11:52:40.474-04:00,3.320312,-77.818520
2026-08-26T11:52:40.474-04:00,3.515625,-84.697266
2026-08-26T11:52:40.474-04:00,3.710938,-84.534386
2026-08-26T11:52:40.474-04:00,3.906250,-83.470337
2026-08-26T11:52:40.474-04:00,4.101562,-80.869484
2026-08-26T11:52:40.474-04:00,4.296875,-86.874306
2026-08-26T11:52:40.474-04:00,4.492188,-97.259369
2026-08-26T11:52:40.474-04:00,4.687500,-91.614067
2026-08-26T11:52:40.474-04:00,4.882812,-94.384697
2026-08-26T11:52:40.474-04:00,5.078125,-84.943611
2026-08-26T11:52:40.474-04:00,5.273438,-87.479828
2026-08-26T11:52:40.474-04:00,5.468750,-116.000099
2026-08-26T11:52:40.474-04:00,5.664062,-91.338745
2026-08-26T11:52:40.474-04:00,5.859375,-91.837784
2026-08-26T11:52:40.474-04:00,6.054688,-89.824898
2026-08-26T11:52:40.474-04:00,6.250000,-88.463760
2026-08-26T11:52:40.474-04:00,6.445312,-91.518173
2026-08-26T11:52:40.474-04:00,6.640625,-90.287048
2026-08-26T11:52:40.474-04:00,6.835938,-90.319145
2026-08-26T11:52:40.474-04:00,7.031250,-92.697990
2026-08-26T11:52:40.474-04:00,7.226562,-92.188332
2026-08-26T11:52:40.474-04:00,7.421875,-91.886734
2026-08-26T11:52:40.474-04:00,7.617188,-96.067474
2026-08-26T11:52:40.474-04:00,7.812500,-119.167358
2026-08-26T11:52:40.474-04:00,8.007812,-96.731644
2026-08-26T11:52:40.474-04:00,8.203125,-97.125931
2026-08-26T11:52:40.474-04:00,8.398438,-101.065071
2026-08-26T11:52:40.474-04:00,8.593750,-96.971169
2026-08-26T11:52:40.474-04:00,8.789062,-98.274963
2026-08-26T11:52:40.474-04:00,8.984375,-112.580627
2026-08-26T11:52:40.474-04:00,9.179688,-100.828087
2026-08-26T11:52:40.474-04:00,9.375000,-102.062454
2026-08-26T11:52:40.474-04:00,9.570312,-105.856628
2026-08-26T11:52:40.474-04:00,9.765625,-108.514641
2026-08-26T11:52:40.474-04:00,9.960938,-98.940010
2026-08-26T11:52:40.474-04:00,10.156250,-96.706398
2026-08-26T11:52:40.474-04:00,10.351562,-97.799080
2026-08-26T11:52:40.474-04:00,10.546875,-101.396446
2026-08-26T11:52:40.474-04:00,10.742188,-97.165672
2026-08-26T11:52:40.474-04:00,10.937500,-96.819824
2026-08-26T11:52:40.474-04:00,11.132812,-100.603714
2026-08-26T11:52:40.474-04:00,11.328125,-103.499641
2026-08-26T11:52:40.474-04:00,11.523438,-109.370056
2026-08-26T11:52:40.474-04:00,11.718750,-106.060425
2026-08-26T11:52:40.474-04:00,11.914062,-106.199127
2026-08-26T11:52:40.474-04:00,12.109375,-103.606613
2026-08-26T11:52:40.474-04:00,12.304688,-100.903709
2026-08-26T11:52:40.474-04:00,12.500000,-95.392067
2026-08-26T11:52:40.474-04:00,12.695312,-95.999214
2026-08-26T11:52:40.474-04:00,12.890625,-103.148834
2026-08-26T11:52:40.474-04:00,13.085938,-101.253265
2026-08-26T11:52:40.474-04:00,13.281250,-101.037254
2026-08-26T11:52:40.474-04:00,13.476562,-101.911201
2026-08-26T11:52:40.474-04:00,13.671875,-99.723495
2026-08-26T11:52:40.474-04:00,13.867188,-99.560364
2026-08-26T11:52:40.474-04:00,14.062500,-105.321312
2026-08-26T11:52:40.474-04:00,14.257812,-105.680038
2026-08-26T11:52:40.474-04:00,14.453125,-108.971069
2026-08-26T11:52:40.474-04:00,14.648438,-123.402321
2026-08-26T11:52:40.474-04:00,14.843750,-105.407745
2026-08-26T11:52:40.474-04:00,15.039062,-102.265884
2026-08-26T11:52:40.474-04:00,15.234375,-104.654968
2026-08-26T11:52:40.474-04:00,15.429688,-112.347946
2026-08-26T11:52:40.474-04:00,15.625000,-104.219521
2026-08-26T11:52:40.474-04:00,15.820312,-102.776711
2026-08-26T11:52:40.474-04:00,16.015625,-102.956047
2026-08-26T11:52:40.474-04:00,16.210938,-105.977951
2026-08-26T11:52:40.474-04:00,16.406250,-111.817627
2026-08-26T11:52:40.474-04:00,16.601562,-109.133873
2026-08-26T11:52:40.474-04:00,16.796875,-109.379005
2026-08-26T11:52:40.474-04:00,16.992188,-103.247292
2026-08-26T11:52:40.474-04:00,17.187500,-104.053085
2026-08-26T11:52:40.474-04:00,17.382812,-107.567245
2026-08-26T11:52:40.474-04:00,17.578125,-107.000595
2026-08-26T11:52:40.474-04:00,17.773438,-107.050850
2026-08-26T11:52:40.474-04:00,17.968750,-120.897446
2026-08-26T11:52:40.474-04:00,18.164062,-112.069504
2026-08-26T11:52:40.474-04:00,18.359375,-106.097473
2026-08-26T11:52:40.474-04:00,18.554688,-101.880508
2026-08-26T11:52:40.474-04:00,18.750000,-100.414726
2026-08-26T11:52:40.474-04:00,18.945312,-104.833572
2026-08-26T11:52:40.474-04:00,19.140625,-111.626938
2026-08-26T11:52:40.474-04:00,19.335938,-111.116913
2026-08-26T11:52:40.474-04:00,19.531250,-114.108574
2026-08-26T11:52:40.474-04:00,19.726562,-118.837433
2026-08-26T11:52:40.474-04:00,19.921875,-117.072060
2026-08-26T11:52:41.020-04:00,-19.921875,-110.305710
2026-08-26T11:52:41.020-04:00,-19.726562,-111.374733
2026-08-26T11:52:41.020-04:00,-19.531250,-111.954636
2026-08-26T11:52:41.020-04:00,-19.335938,-113.794250
2026-08-26T11:52:41.020-04:00,-19.140625,-117.211746
2026-08-26T11:52:41.020-04:00,-18.945312,-109.027245
2026-08-26T11:52:41.020-04:00,-18.750000,-101.242722
2026-08-26T11:52:41.020-04:00,-18.554688,-100.931900
2026-08-26T11:52:41.020-04:00,-18.359375,-107.759468
2026-08-26T11:52:41.020-04:00,-18.164062,-118.464111
2026-08-26T11:52:41.020-04:00,-17.968750,-111.834091
2026-08-26T11:52:41.020-04:00,-17.773438,-106.985695
2026-08-26T11:52:41.020-04:00,-17.578125,-107.423477
2026-08-26T11:52:41.020-04:00,-17.382812,-115.929214
2026-08-26T11:52:41.020-04:00,-17.187500,-108.393814
2026-08-26T11:52:41.020-04:00,-16.992188,-103.171753
2026-08-26T11:52:41.020-04:00,-16.796875,-103.284744
2026-08-26T11:52:41.020-04:00,-16.601562,-105.442764
2026-08-26T11:52:41.020-04:00,-16.406250,-108.013214
2026-08-26T11:52:41.020-04:00,-16.210938,-108.873749
2026-08-26T11:52:41.020-04:00,-16.015625,-107.849281
2026-08-26T11:52:41.020-04:00,-15.820312,-107.409760
2026-08-26T11:52:41.020-04:00,-15.625000,-104.717094
2026-08-26T11:52:41.020-04:00,-15.429688,-106.299706
2026-08-26T11:52:41.020-04:00,-15.234375,-104.396225
2026-08-26T11:52:41.020-04:00,-15.039062,-110.408325
2026-08-26T11:52:41.020-04:00,-14.843750,-110.057610
2026-08-26T11:52:41.020-04:00,-14.648438,-110.041389
2026-08-26T11:52:41.020-04:00,-14.453125,-120.878952
2026-08-26T11:52:41.020-04:00,-14.257812,-103.275986
2026-08-26T11:52:41.020-04:00,-14.062500,-98.806221
2026-08-26T11:52:41.020-04:00,-13.867188,-97.331787
2026-08-26T11:52:41.020-04:00,-13.671875,-98.661491
2026-08-26T11:52:41.020-04:00,-13.476562,-101.463661
2026-08-26T11:52:41.020-04:00,-13.281250,-105.770248
2026-08-26T11:52:41.020-04:00,-13.085938,-101.363335
2026-08-26T11:52:41.020-04:00,-12.890625,-97.568123
2026-08-26T11:52:41.020-04:00,-12.695312,-96.349686
2026-08-26T11:52:41.020-04:00,-12.500000,-97.115555
2026-08-26T11:52:41.020-04:00,-12.304688,-97.286369
2026-08-26T11:52:41.020-04:00,-12.109375,-99.534714
2026-08-26T11:52:41.020-04:00,-11.914062,-109.150276
2026-08-26T11:52:41.020-04:00,-11.718750,-103.974266
2026-08-26T11:52:41.020-04:00,-11.523438,-100.937660
2026-08-26T11:52:41.020-04:00,-11.328125,-101.696938
2026-08-26T11:52:41.020-04:00,-11.132812,-102.558250
2026-08-26T11:52:41.020-04:00,-10.937500,-96.752022
2026-08-26T11:52:41.020-04:00,-10.742188,-94.661789
2026-08-26T11:52:41.020-04:00,-10.546875,-95.564308
2026-08-26T11:52:41.020-04:00,-10.351562,-96.691017
2026-08-26T11:52:41.020-04:00,-10.156250,-97.380791
2026-08-26T11:52:41.020-04:00,-9.960938,-100.313683
2026-08-26T11:52:41.020-04:00,-9.765625,-111.321671
2026-08-26T11:52:41.020-04:00,-9.570312,-120.545181
2026-08-26T11:52:41.020-04:00,-9.375000,-112.313995
2026-08-26T11:52:41.020-04:00,-9.179688,-107.580856
2026-08-26T11:52:41.020-04:00,-8.984375,-103.387985
2026-08-26T11:52:41.020-04:00,-8.789062,-98.696281
2026-08-26T11:52:41.020-04:00,-8.593750,-97.902100
2026-08-26T11:52:41.020-04:00,-8.398438,-103.712601
2026-08-26T11:52:41.020-04:00,-8.203125,-100.222290
2026-08-26T11:52:41.020-04:00,-8.007812,-97.052193
2026-08-26T11:52:41.020-04:00,-7.812500,-99.066330
2026-08-26T11:52:41.020-04:00,-7.617188,-96.815559
2026-08-26T11:52:41.020-04:00,-7.421875,-93.459206
2026-08-26T11:52:41.020-04:00,-7.226562,-91.275986
2026-08-26T11:52:41.020-04:00,-7.031250,-91.465530
2026-08-26T11:52:41.020-04:00,-6.835938,-91.847755
2026-08-26T11:52:41.020-04:00,-6.640625,-90.340302
2026-08-26T11:52:41.020-04:00,-6.445312,-89.802567
2026-08-26T11:52:41.020-04:00,-6.250000,-88.328712
2026-08-26T11:52:41.020-04:00,-6.054688,-87.282318
2026-08-26T11:52:41.020-04:00,-5.859375,-88.326340
2026-08-26T11:52:41.020-04:00,-5.664062,-92.700417
2026-08-26T11:52:41.020-04:00,-5.468750,-97.044952
2026-08-26T11:52:41.020-04:00,-5.273438,-88.998398
2026-08-26T11:52:41.020-04:00,-5.078125,-85.669472
2026-08-26T11:52:41.020-04:00,-4.882812,-87.778030
2026-08-26T11:52:41.020-04:00,-4.687500,-89.751289
2026-08-26T11:52:41.020-04:00,-4.492188,-92.139351
2026-08-26T11:52:41.020-04:00,-4.296875,-89.088860
2026-08-26T11:52:41.020-04:00,-4.101562,-83.943977
2026-08-26T11:52:41.020-04:00,-3.906250,-80.697235
2026-08-26T11:52:41.020-04:00,-3.710938,-79.593666
2026-08-26T11:52:41.020-04:00,-3.515625,-78.495590
2026-08-26T11:52:41.020-04:00,-3.320312,-75.859039
2026-08-26T11:52:41.020-04:00,-3.125000,-73.545052
2026-08-26T11:52:41.020-04:00,-2.929688,-72.713173
2026-08-26T11:52:41.020-04:00,-2.734375,-71.792786
2026-08-26T11:52:41.020-04:00,-2.539062,-70.865311
2026-08-26T11:52:41.020-04:00,-2.343750,-71.764435
2026-08-26T11:52:41.020-04:00,-2.148438,-74.198975
2026-08-26T11:52:41.020-04:00,-1.953125,-72.774109
2026-08-26T11:52:41.020-04:00,-1.757812,-69.869736
2026-08-26T11:52:41.020-04:00,-1.562500,-68.313034
2026-08-26T11:52:41.020-04:00,-1.367188,-66.853752
2026-08-26T11:52:41.020-04:00,-1.171875,-65.554413
2026-08-26T11:52:41.020-04:00,-0.976562,-62.760048
2026-08-26T11:52:41.020-04:00,-0.781250,-58.487617
2026-08-26T11:52:41.020-04:00,-0.585938,-58.738270
2026-08-26T11:52:41.020-04:00,-0.390625,-68.543945
2026-08-26T11:52:41.020-04:00,-0.195312,-70.301010
2026-08-26T11:52:41.020-04:00,0.000000,-65.139557
2026-08-26T11:52:41.020-04:00,0.195312,-70.301010
2026-08-26T11:52:41.020-04:00,0.390625,-68.543945
2026-08-26T11:52:41.020-04:00,0.585938,-58.738270
2026-08-26T11:52:41.020-04:00,0.781250,-58.487617
2026-08-26T11:52:41.020-04:00,0.976562,-62.760048
2026-08-26T11:52:41.020-04:00,1.171875,-65.554413
2026-08-26T11:52:41.020-04:00,1.367188,-66.853752
2026-08-26T11:52:41.020-04:00,1.562500,-68.313034
2026-08-26T11:52:41.020-04:00,1.757812,-69.869736
2026-08-26T11:52:41.020-04:00,1.953125,-72.774109
2026-08-26T11:52:41.020-04:00,2.148438,-74.198975
2026-08-26T11:52:41.020-04:00,2.343750,-71.764435
2026-08-26T11:52:41.020-04:00,2.539062,-70.865311
2026-08-26T11:52:41.020-04:00,2.734375,-71.792786
2026-08-26T11:52:41.020-04:00,2.929688,-72.713173
2026-08-26T11:52:41.020-04:00,3.125000,-73.545052
2026-08-26T11:52:41.020-04:00,3.320312,-75.859039
2026-08-26T11:52:41.020-04:00,3.515625,-78.495590
2026-08-26T11:52:41.020-04:00,3.710938,-79.593666
2026-08-26T11:52:41.020-04:00,3.906250,-80.697235
2026-08-26T11:52:41.020-04:00,4.101562,-83.943977
2026-08-26T11:52:41.020-04:00,4.296875,-89.088860
2026-08-26T11:52:41.020-04:00,4.492188,-92.139351
2026-08-26T11:52:41.020-04:00,4.687500,-89.751289
2026-08-26T11:52:41.020-04:00,4.882812,-87.778030
2026-08-26T11:52:41.020-04:00,5.078125,-85.669472
2026-08-26T11:52:41.020-04:00,5.273438,-88.998398
2026-08-26T11:52:41.020-04:00,5.468750,-97.044952
2026-08-26T11:52:41.020-04:00,5.664062,-92.700417
2026-08-26T11:52:41.020-04:00,5.859375,-88.326340
2026-08-26T11:52:41.020-04:00,6.054688,-87.282318
2026-08-26T11:52:41.020-04:00,6.250000,-88.328712
2026-08-26T11:52:41.020-04:00,6.445312,-89.802567
2026-08-26T11:52:41.020-04:00,6.640625,-90.340302
2026-08-26T11:52:41.020-04:00,6.835938,-91.847755
2026-08-26T11:52:41.020-04:00,7.031250,-91.465530
2026-08-26T11:52:41.020-04:00,7.226562,-91.275986
2026-08-26T11:52:41.020-04:00,7.421875,-93.459206
2026-08-26T11:52:41.020-04:00,7.617188,-96.815559
2026-08-26T11:52:41.020-04:00,7.812500,-99.066330
2026-08-26T11:52:41.020-04:00,8.007812,-97.052193
2026-08-26T11:52:41.020-04:00,8.203125,-100.222290
2026-08-26T11:52:41.020-04:00,8.398438,-103.712601
2026-08-26T11:52:41.020-04:00,8.593750,-97.902100
2026-08-26T11:52:41.020-04:00,8.789062,-98.696281
2026-08-26T11:52:41.020-04:00,8.984375,-103.387985
2026-08-26T11:52:41.020-04:00,9.179688,-107.580856
2026-08-26T11:52:41.020-04:00,9.375000,-112.313995
2026-08-26T11:52:41.020-04:00,9.570312,-120.545181
2026-08-26T11:52:41.020-04:00,9.765625,-111.321671
2026-08-26T11:52:41.020-04:00,9.960938,-100.313683
2026-08-26T11:52:41.020-04:00,10.156250,-97.380791
2026-08-26T11:52:41.020-04:00,10.351562,-96.691017
2026-08-26T11:52:41.020-04:00,10.546875,-95.564308
2026-08-26T11:52:41.020-04:00,10.742188,-94.661789
2026-08-26T11:52:41.020-04:00,10.937500,-96.752022
2026-08-26T11:52:41.020-04:00,11.132812,-102.558250
2026-08-26T11:52:41.020-04:00,11.328125,-101.696938
2026-08-26T11:52:41.020-04:00,11.523438,-100.937660
2026-08-26T11:52:41.020-04:00,11.718750,-103.974266
2026-08-26T11:52:41.020-04:00,11.914062,-109.150276
2026-08-26T11:52:41.020-04:00,12.109375,-99.534714
2026-08-26T11:52:41.020-04:00,12.304688,-97.286369
2026-08-26T11:52:41.020-04:00,12.500000,-97.115555
2026-08-26T11:52:41.020-04:00,12.695312,-96.349686
2026-08-26T11:52:41.020-04:00,12.890625,-97.568123
2026-08-26T11:52:41.020-04:00,13.085938,-101.363335
2026-08-26T11:52:41.020-04:00,13.281250,-105.770248
2026-08-26T11:52:41.020-04:00,13.476562,-101.463661
2026-08-26T11:52:41.020-04:00,13.671875,-98.661491
2026-08-26T11:52:41.020-04:00,13.867188,-97.331787
2026-08-26T11:52:41.020-04:00,14.062500,-98.806221
2026-08-26T11:52:41.020-04:00,14.257812,-103.275986
2026-08-26T11:52:41.020-04:00,14.453125,-120.878952
2026-08-26T11:52:41.020-04:00,14.648438,-110.041389
2026-08-26T11:52:41.020-04:00,14.843750,-110.057610
2026-08-26T11:52:41.020-04:00,15.039062,-110.408325
2026-08-26T11:52:41.020-04:00,15.234375,-104.396225
2026-08-26T11:52:41.020-04:00,15.429688,-106.299706
2026-08-26T11:52:41.020-04:00,15.625000,-104.717094
2026-08-26T11:52:41.020-04:00,15.820312,-107.409760
2026-08-26T11:52:41.020-04:00,16.015625,-107.849281
2026-08-26T11:52:41.020-04:00,16.210938,-108.873749
2026-08-26T11:52:41.020-04:00,16.406250,-108.013214
2026-08-26T11:52:41.020-04:00,16.601562,-105.442764
2026-08-26T11:52:41.020-04:00,16.796875,-103.284744
2026-08-26T11:52:41.020-04:00,16.992188,-103.171753
2026-08-26T11:52:41.020-04:00,17.187500,-108.393814
2026-08-26T11:52:41.020-04:00,17.382812,-115.929214
2026-08-26T11:52:41.020-04:00,17.578125,-107.423477
2026-08-26T11:52:41.020-04:00,17.773438,-106.985695
2026-08-26T11:52:41.020-04:00,17.968750,-111.834091
2026-08-26T11:52:41.020-04:00,18.164062,-118.464111
2026-08-26T11:52:41.020-04:00,18.359375,-107.759468
2026-08-26T11:52:41.020-04:00,18.554688,-100.931900
2026-08-26T11:52:41.020-04:00,18.750000,-101.242722
2026-08-26T11:52:41.020-04:00,18.945312,-109.027245
2026-08-26T11:52:41.020-04:00,19.140625,-117.211746
2026-08-26T11:52:41.020-04:00,19.335938,-113.794250
2026-08-26T11:52:41.020-04:00,19.531250,-111.954636
2026-08-26T11:52:41.020-04:00,19.726562,-111.374733
2026-08-26T11:52:41.020-04:00,19.921875,-110.305710
2026-08-26T11:52:41.566-04:00,-19.921875,-107.697159
2026-08-26T11:52:41.566-04:00,-19.726562,-108.696304
2026-08-26T11:52:41.566-04:00,-19.531250,-111.737244
2026-08-26T11:52:41.566-04:00,-19.335938,-122.302254
2026-08-26T11:52:41.566-04:00,-19.140625,-122.411545
2026-08-26T11:52:41.566-04:00,-18.945312,-110.505280
2026-08-26T11:52:41.566-04:00,-18.750000,-101.703606
2026-08-26T11:52:41.566-04:00,-18.554688,-100.741486
2026-08-26T11:52:41.566-04:00,-18.359375,-106.513893
2026-08-26T11:52:41.566-04:00,-18.164062,-114.555008
2026-08-26T11:52:41.566-04:00,-17.968750,-110.075104
2026-08-26T11:52:41.566-04:00,-17.773438,-107.034576
2026-08-26T11:52:41.566-04:00,-17.578125,-108.083633
2026-08-26T11:52:41.566-04:00,-17.382812,-116.783890
2026-08-26T11:52:41.566-04:00,-17.187500,-112.172096
2026-08-26T11:52:41.566-04:00,-16.992188,-103.896683
2026-08-26T11:52:41.566-04:00,-16.796875,-101.904022
2026-08-26T11:52:41.566-04:00,-16.601562,-104.800842
2026-08-26T11:52:41.566-04:00,-16.406250,-111.719780
2026-08-26T11:52:41.566-04:00,-16.210938,-118.768250
2026-08-26T11:52:41.566-04:00,-16.015625,-114.677124
2026-08-26T11:52:41.566-04:00,-15.820312,-128.003632
2026-08-26T11:52:41.566-04:00,-15.625000,-106.065666
2026-08-26T11:52:41.566-04:00,-15.429688,-101.657883
2026-08-26T11:52:41.566-04:00,-15.234375,-101.059341
2026-08-26T11:52:41.566-04:00,-15.039062,-104.220085
2026-08-26T11:52:41.566-04:00,-14.843750,-104.828232
2026-08-26T11:52:41.566-04:00,-14.648438,-104.384377
2026-08-26T11:52:41.566-04:00,-14.453125,-105.804375
2026-08-26T11:52:41.566-04:00,-14.257812,-99.610405
2026-08-26T11:52:41.566-04:00,-14.062500,-96.317146
2026-08-26T11:52:41.566-04:00,-13.867188,-97.346657
2026-08-26T11:52:41.566-04:00,-13.671875,-102.290009
2026-08-26T11:52:41.566-04:00,-13.476562,-104.062492
2026-08-26T11:52:41.566-04:00,-13.281250,-113.768539
2026-08-26T11:52:41.566-04:00,-13.085938,-102.147552
2026-08-26T11:52:41.566-04:00,-12.890625,-96.654472
2026-08-26T11:52:41.566-04:00,-12.695312,-98.339073
2026-08-26T11:52:41.566-04:00,-12.500000,-106.422737
2026-08-26T11:52:41.566-04:00,-12.304688,-97.228004
2026-08-26T11:52:41.566-04:00,-12.109375,-96.718384
2026-08-26T11:52:41.566-04:00,-11.914062,-98.786995
2026-08-26T11:52:41.566-04:00,-11.718750,-98.106346
2026-08-26T11:52:41.566-04:00,-11.523438,-97.413872
2026-08-26T11:52:41.566-04:00,-11.328125,-101.316750
2026-08-26T11:52:41.566-04:00,-11.132812,-112.641151
2026-08-26T11:52:41.566-04:00,-10.937500,-97.584602
2026-08-26T11:52:41.566-04:00,-10.742188,-94.502548
2026-08-26T11:52:41.566-04:00,-10.546875,-95.261528
2026-08-26T11:52:41.566-04:00,-10.351562,-100.337669
2026-08-26T11:52:41.566-04:00,-10.156250,-101.955017
2026-08-26T11:52:41.566-04:00,-9.960938,-99.435768
2026-08-26T11:52:41.566-04:00,-9.765625,-104.853813
2026-08-26T11:52:41.566-04:00,-9.570312,-114.582764
2026-08-26T11:52:41.566-04:00,-9.375000,-122.800308
2026-08-26T11:52:41.566-04:00,-9.179688,-114.591248
2026-08-26T11:52:41.566-04:00,-8.984375,-106.414223
2026-08-26T11:52:41.566-04:00,-8.789062,-99.204788
2026-08-26T11:52:41.566-04:00,-8.593750,-98.509659
2026-08-26T11:52:41.566-04:00,-8.398438,-105.982300
2026-08-26T11:52:41.566-04:00,-8.203125,-101.458244
2026-08-26T11:52:41.566-04:00,-8.007812,-96.767792
2026-08-26T11:52:41.566-04:00,-7.812500,-97.572510
2026-08-26T11:52:41.566-04:00,-7.617188,-101.495468
2026-08-26T11:52:41.566-04:00,-7.421875,-98.725555
2026-08-26T11:52:41.566-04:00,-7.226562,-93.315079
2026-08-26T11:52:41.566-04:00,-7.031250,-94.061058
2026-08-26T11:52:41.566-04:00,-6.835938,-102.220070
2026-08-26T11:52:41.566-04:00,-6.640625,-92.556458
2026-08-26T11:52:41.566-04:00,-6.445312,-94.936615
2026-08-26T11:52:41.566-04:00,-6.250000,-91.764618
2026-08-26T11:52:41.566-04:00,-6.054688,-87.820778
2026-08-26T11:52:41.566-04:00,-5.859375,-88.312149
2026-08-26T11:52:41.566-04:00,-5.664062,-92.523560
2026-08-26T11:52:41.566-04:00,-5.468750,-104.892212
2026-08-26T11:52:41.566-04:00,-5.273438,-88.987183
2026-08-26T11:52:41.566-04:00,-5.078125,-86.285034
2026-08-26T11:52:41.566-04:00,-4.882812,-88.345825
2026-08-26T11:52:41.566-04:00,-4.687500,-89.583496
2026-08-26T11:52:41.566-04:00,-4.492188,-89.661339
2026-08-26T11:52:41.566-04:00,-4.296875,-94.885620
2026-08-26T11:52:41.566-04:00,-4.101562,-88.582314
2026-08-26T11:52:41.566-04:00,-3.906250,-81.294975
2026-08-26T11:52:41.566-04:00,-3.710938,-78.909424
2026-08-26T11:52:41.566-04:00,-3.515625,-78.383499
2026-08-26T11:52:41.566-04:00,-3.320312,-78.235138
2026-08-26T11:52:41.566-04:00,-3.125000,-77.103752
2026-08-26T11:52:41.566-04:00,-2.929688,-76.920670
2026-08-26T11:52:41.566-04:00,-2.734375,-76.056999
2026-08-26T11:52:41.566-04:00,-2.539062,-74.399384
2026-08-26T11:52:41.566-04:00,-2.343750,-73.783867
2026-08-26T11:52:41.566-04:00,-2.148438,-74.856956
2026-08-26T11:52:41.566-04:00,-1.953125,-73.957520
2026-08-26T11:52:41.566-04:00,-1.757812,-72.547211
2026-08-26T11:52:41.566-04:00,-1.562500,-72.358757
2026-08-26T11:52:41.566-04:00,-1.367188,-70.604462
2026-08-26T11:52:41.566-04:00,-1.171875,-71.508034
2026-08-26T11:52:41.566-04:00,-0.976562,-72.338120
2026-08-26T11:52:41.566-04:00,-0.781250,-62.766190
2026-08-26T11:52:41.566-04:00,-0.585938,-61.218636
2026-08-26T11:52:41.566-04:00,-0.390625,-68.336197
2026-08-26T11:52:41.566-04:00,-0.195312,-73.946320
2026-08-26T11:52:41.566-04:00,0.000000,-68.477997
2026-08-26T11:52:41.566-04:00,0.195312,-73.946320
2026-08-26T11:52:41.566-04:00,0.390625,-68.336197
2026-08-26T11:52:41.566-04:00,0.585938,-61.218636
2026-08-26T11:52:41.566-04:00,0.781250,-62.766190
2026-08-26T11:52:41.566-04:00,0.976562,-72.338120
2026-08-26T11:52:41.566-04:00,1.171875,-71.508034
2026-08-26T11:52:41.566-04:00,1.367188,-70.604462
2026-08-26T11:52:41.566-04:00,1.562500,-72.358757
2026-08-26T11:52:41.566-04:00,1.757812,-72.547211
2026-08-26T11:52:41.566-04:00,1.953125,-73.957520
2026-08-26T11:52:41.566-04:00,2.148438,-74.856956
2026-08-26T11:52:41.566-04:00,2.343750,-73.783867
2026-08-26T11:52:41.566-04:00,2.539062,-74.399384
2026-08-26T11:52:41.566-04:00,2.734375,-76.056999
2026-08-26T11:52:41.566-04:00,2.929688,-76.920670
2026-08-26T11:52:41.566-04:00,3.125000,-77.103752
2026-08-26T11:52:41.566-04:00,3.320312,-78.235138
2026-08-26T11:52:41.566-04:00,3.515625,-78.383499
2026-08-26T11:52:41.566-04:00,3.710938,-78.909424
2026-08-26T11:52:41.566-04:00,3.906250,-81.294975
2026-08-26T11:52:41.566-04:00,4.101562,-88.582314
2026-08-26T11:52:41.566-04:00,4.296875,-94.885620
2026-08-26T11:52:41.566-04:00,4.492188,-89.661339
2026-08-26T11:52:41.566-04:00,4.687500,-89.583496
2026-08-26T11:52:41.566-04:00,4.882812,-88.345825
2026-08-26T11:52:41.566-04:00,5.078125,-86.285034
2026-08-26T11:52:41.566-04:00,5.273438,-88.987183
2026-08-26T11:52:41.566-04:00,5.468750,-104.892212
2026-08-26T11:52:41.566-04:00,5.664062,-92.523560
2026-08-26T11:52:41.566-04:00,5.859375,-88.312149
2026-08-26T11:52:41.566-04:00,6.054688,-87.820778
2026-08-26T11:52:41.566-04:00,6.250000,-91.764618
2026-08-26T11:52:41.566-04:00,6.445312,-94.936615
2026-08-26T11:52:41.566-04:00,6.640625,-92.556458
2026-08-26T11:52:41.566-04:00,6.835938,-102.220070
2026-08-26T11:52:41.566-04:00,7.031250,-94.061058
2026-08-26T11:52:41.566-04:00,7.226562,-93.315079
2026-08-26T11:52:41.566-04:00,7.421875,-98.725555
2026-08-26T11:52:41.566-04:00,7.617188,-101.495468
2026-08-26T11:52:41.566-04:00,7.812500,-97.572510
2026-08-26T11:52:41.566-04:00,8.007812,-96.767792
2026-08-26T11:52:41.566-04:00,8.203125,-101.458244
2026-08-26T11:52:41.566-04:00,8.398438,-105.982300
2026-08-26T11:52:41.566-04:00,8.593750,-98.509659
2026-08-26T11:52:41.566-04:00,8.789062,-99.204788
2026-08-26T11:52:41.566-04:00,8.984375,-106.414223
2026-08-26T11:52:41.566-04:00,9.179688,-114.591248
2026-08-26T11:52:41.566-04:00,9.375000,-122.800308
2026-08-26T11:52:41.566-04:00,9.570312,-114.582764
2026-08-26T11:52:41.566-04:00,9.765625,-104.853813
2026-08-26T11:52:41.566-04:00,9.960938,-99.435768
2026-08-26T11:52:41.566-04:00,10.156250,-101.955017
2026-08-26T11:52:41.566-04:00,10.351562,-100.337669
2026-08-26T11:52:41.566-04:00,10.546875,-95.261528
2026-08-26T11:52:41.566-04:00,10.742188,-94.502548
2026-08-26T11:52:41.566-04:00,10.937500,-97.584602
2026-08-26T11:52:41.566-04:00,11.132812,-112.641151
2026-08-26T11:52:41.566-04:00,11.328125,-101.316750
2026-08-26T11:52:41.566-04:00,11.523438,-97.413872
2026-08-26T11:52:41.566-04:00,11.718750,-98.106346
2026-08-26T11:52:41.566-04:00,11.914062,-98.786995
2026-08-26T11:52:41.566-04:00,12.109375,-96.718384
2026-08-26T11:52:41.566-04:00,12.304688,-97.228004
2026-08-26T11:52:41.566-04:00,12.500000,-106.422737
2026-08-26T11:52:41.566-04:00,12.695312,-98.339073
2026-08-26T11:52:41.566-04:00,12.890625,-96.654472
2026-08-26T11:52:41.566-04:00,13.085938,-102.147552
2026-08-26T11:52:41.566-04:00,13.281250,-113.768539
2026-08-26T11:52:41.566-04:00,13.476562,-104.062492
2026-08-26T11:52:41.566-04:00,13.671875,-102.290009
2026-08-26T11:52:41.566-04:00,13.867188,-97.346657
2026-08-26T11:52:41.566-04:00,14.062500,-96.317146
2026-08-26T11:52:41.566-04:00,14.257812,-99.610405
2026-08-26T11:52:41.566-04:00,14.453125,-105.804375
2026-08-26T11:52:41.566-04:00,14.648438,-104.384377
2026-08-26T11:52:41.566-04:00,14.843750,-104.828232
2026-08-26T11:52:41.566-04:00,15.039062,-104.220085
2026-08-26T11:52:41.566-04:00,15.234375,-101.059341
2026-08-26T11:52:41.566-04:00,15.429688,-101.657883
2026-08-26T11:52:41.566-04:00,15.625000,-106.065666
2026-08-26T11:52:41.566-04:00,15.820312,-128.003632
2026-08-26T11:52:41.566-04:00,16.015625,-114.677124
2026-08-26T11:52:41.566-04:00,16.210938,-118.768250
2026-08-26T11:52:41.566-04:00,16.406250,-111.719780
2026-08-26T11:52:41.566-04:00,16.601562,-104.800842
2026-08-26T11:52:41.566-04:00,16.796875,-101.904022
2026-08-26T11:52:41.566-04:00,16.992188,-103.896683
2026-08-26T11:52:41.566-04:00,17.187500,-112.172096
2026-08-26T11:52:41.566-04:00,17.382812,-116.783890
2026-08-26T11:52:41.566-04:00,17.578125,-108.083633
2026-08-26T11:52:41.566-04:00,17.773438,-107.034576
2026-08-26T11:52:41.566-04:00,17.968750,-110.075104
2026-08-26T11:52:41.566-04:00,18.164062,-114.555008
2026-08-26T11:52:41.566-04:00,18.359375,-106.513893
2026-08-26T11:52:41.566-04:00,18.554688,-100.741486
2026-08-26T11:52:41.566-04:00,18.750000,-101.703606
2026-08-26T11:52:41.566-04:00,18.945312,-110.505280
2026-08-26T11:52:41.566-04:00,19.140625,-122.411545
2026-08-26T11:52:41.566-04:00,19.335938,-122.302254
2026-08-26T11:52:41.566-04:00,19.531250,-111.737244
2026-08-26T11:52:41.566-04:00,19.726562,-108.696304
2026-08-26T11:52:41.566-04:00,19.921875,-107.697159
2026-08-26T11:52:42.112-04:00,-19.921875,-108.997154
2026-08-26T11:52:42.112-04:00,-19.726562,-109.833786
2026-08-26T11:52:42.112-04:00,-19.531250,-112.639221
2026-08-26T11:52:42.112-04:00,-19.335938,-118.877151
2026-08-26T11:52:42.112-04:00,-19.140625,-116.174469
2026-08-26T11:52:42.112-04:00,-18.945312,-107.336189
2026-08-26T11:52:42.112-04:00,-18.750000,-102.010384
2026-08-26T11:52:42.112-04:00,-18.554688,-101.166382
2026-08-26T11:52:42.112-04:00,-18.359375,-103.978035
2026-08-26T11:52:42.112-04:00,-18.164062,-108.652534
2026-08-26T11:52:42.112-04:00,-17.968750,-115.243912
2026-08-26T11:52:42.112-04:00,-17.773438,-108.638145
2026-08-26T11:52:42.112-04:00,-17.578125,-106.849281
2026-08-26T11:52:42.112-04:00,-17.382812,-112.844879
2026-08-26T11:52:42.112-04:00,-17.187500,-116.575485
2026-08-26T11:52:42.112-04:00,-16.992188,-104.401543
2026-08-26T11:52:42.112-04:00,-16.796875,-102.418602
2026-08-26T11:52:42.112-04:00,-16.601562,-106.067192
2026-08-26T11:52:42.112-04:00,-16.406250,-120.342064
2026-08-26T11:52:42.112-04:00,-16.210938,-124.030899
2026-08-26T11:52:42.112-04:00,-16.015625,-115.264145
2026-08-26T11:52:42.112-04:00,-15.820312,-111.615540
2026-08-26T11:52:42.112-04:00,-15.625000,-105.551498
2026-08-26T11:52:42.112-04:00,-15.429688,-101.076294
2026-08-26T11:52:42.112-04:00,-15.234375,-99.289001
2026-08-26T11:52:42.112-04:00,-15.039062,-99.992897
2026-08-26T11:52:42.112-04:00,-14.843750,-100.768417
2026-08-26T11:52:42.112-04:00,-14.648438,-100.711220
2026-08-26T11:52:42.112-04:00,-14.453125,-99.974442
2026-08-26T11:52:42.112-04:00,-14.257812,-97.635262
2026-08-26T11:52:42.112-04:00,-14.062500,-96.112549
2026-08-26T11:52:42.112-04:00,-13.867188,-98.488754
2026-08-26T11:52:42.112-04:00,-13.671875,-114.474579
2026-08-26T11:52:42.112-04:00,-13.476562,-105.475800
2026-08-26T11:52:42.112-04:00,-13.281250,-104.477776
2026-08-26T11:52:42.112-04:00,-13.085938,-101.665161
2026-08-26T11:52:42.112-04:00,-12.890625,-97.028885
2026-08-26T11:52:42.112-04:00,-12.695312,-97.365715
2026-08-26T11:52:42.112-04:00,-12.500000,-101.192535
2026-08-26T11:52:42.112-04:00,-12.304688,-97.402542
2026-08-26T11:52:42.112-04:00,-12.109375,-97.237656
2026-08-26T11:52:42.112-04:00,-11.914062,-96.445465
2026-08-26T11:52:42.112-04:00,-11.718750,-95.716133
2026-08-26T11:52:42.112-04:00,-11.523438,-96.254562
2026-08-26T11:52:42.112-04:00,-11.328125,-99.373100
2026-08-26T11:52:42.112-04:00,-11.132812,-101.703156
2026-08-26T11:52:42.112-04:00,-10.937500,-98.309189
2026-08-26T11:52:42.112-04:00,-10.742188,-97.028137
2026-08-26T11:52:42.112-04:00,-10.546875,-97.734901
2026-08-26T11:52:42.112-04:00,-10.351562,-102.004135
2026-08-26T11:52:42.112-04:00,-10.156250,-103.246574
2026-08-26T11:52:42.112-04:00,-9.960938,-97.944611
2026-08-26T11:52:42.112-04:00,-9.765625,-100.294662
2026-08-26T11:52:42.112-04:00,-9.570312,-106.519165
2026-08-26T11:52:42.112-04:00,-9.375000,-113.510986
2026-08-26T11:52:42.112-04:00,-9.179688,-115.326385
2026-08-26T11:52:42.112-04:00,-8.984375,-112.126022
2026-08-26T11:52:42.112-04:00,-8.789062,-99.800812
2026-08-26T11:52:42.112-04:00,-8.593750,-98.723831
2026-08-26T11:52:42.112-04:00,-8.398438,-102.220757
2026-08-26T11:52:42.112-04:00,-8.203125,-100.384514
2026-08-26T11:52:42.112-04:00,-8.007812,-97.401413
2026-08-26T11:52:42.112-04:00,-7.812500,-99.618233
2026-08-26T11:52:42.112-04:00,-7.617188,-111.725677
2026-08-26T11:52:42.112-04:00,-7.421875,-106.264725
2026-08-26T11:52:42.112-04:00,-7.226562,-96.737404
2026-08-26T11:52:42.112-04:00,-7.031250,-94.467361
2026-08-26T11:52:42.112-04:00,-6.835938,-96.614456
2026-08-26T11:52:42.112-04:00,-6.640625,-92.460976
2026-08-26T11:52:42.112-04:00,-6.445312,-97.599503
2026-08-26T11:52:42.112-04:00,-6.250000,-93.711166
2026-08-26T11:52:42.112-04:00,-6.054688,-90.586998
2026-08-26T11:52:42.112-04:00,-5.859375,-91.600769
2026-08-26T11:52:42.112-04:00,-5.664062,-91.573456
2026-08-26T11:52:42.112-04:00,-5.468750,-91.761864
2026-08-26T11:52:42.112-04:00,-5.273438,-88.185661
2026-08-26T11:52:42.112-04:00,-5.078125,-87.772453
2026-08-26T11:52:42.112-04:00,-4.882812,-95.208862
2026-08-26T11:52:42.112-04:00,-4.687500,-93.948822
2026-08-26T11:52:42.112-04:00,-4.492188,-90.509201
2026-08-26T11:52:42.112-04:00,-4.296875,-93.179977
2026-08-26T11:52:42.112-04:00,-4.101562,-88.642441
2026-08-26T11:52:42.112-04:00,-3.906250,-83.973076
2026-08-26T11:52:42.112-04:00,-3.710938,-82.049500
2026-08-26T11:52:42.112-04:00,-3.515625,-82.363091
2026-08-26T11:52:42.112-04:00,-3.320312,-87.978119
2026-08-26T11:52:42.112-04:00,-3.125000,-83.583412
2026-08-26T11:52:42.112-04:00,-2.929688,-88.148270
2026-08-26T11:52:42.112-04:00,-2.734375,-85.294662
2026-08-26T11:52:42.112-04:00,-2.539062,-82.519264
2026-08-26T11:52:42.112-04:00,-2.343750,-78.485672
2026-08-26T11:52:42.112-04:00,-2.148438,-82.929626
2026-08-26T11:52:42.112-04:00,-1.953125,-79.851135
2026-08-26T11:52:42.112-04:00,-1.757812,-78.084412
2026-08-26T11:52:42.112-04:00,-1.562500,-85.644012
2026-08-26T11:52:42.112-04:00,-1.367188,-77.144524
2026-08-26T11:52:42.112-04:00,-1.171875,-79.009109
2026-08-26T11:52:42.112-04:00,-0.976562,-79.104805
2026-08-26T11:52:42.112-04:00,-0.781250,-66.232750
2026-08-26T11:52:42.112-04:00,-0.585938,-61.965080
2026-08-26T11:52:42.112-04:00,-0.390625,-65.865730
2026-08-26T11:52:42.112-04:00,-0.195312,-71.681137
2026-08-26T11:52:42.112-04:00,0.000000,-66.039291
2026-08-26T11:52:42.112-04:00,0.195312,-71.681137
2026-08-26T11:52:42.112-04:00,0.390625,-65.865730
2026-08-26T11:52:42.112-04:00,0.585938,-61.965080
2026-08-26T11:52:42.112-04:00,0.781250,-66.232750
2026-08-26T11:52:42.112-04:00,0.976562,-79.104805
2026-08-26T11:52:42.112-04:00,1.171875,-79.009109
2026-08-26T11:52:42.112-04:00,1.367188,-77.144524
2026-08-26T11:52:42.112-04:00,1.562500,-85.644012
2026-08-26T11:52:42.112-04:00,1.757812,-78.084412
2026-08-26T11:52:42.112-04:00,1.953125,-79.851135
2026-08-26T11:52:42.112-04:00,2.148438,-82.929626
2026-08-26T11:52:42.112-04:00,2.343750,-78.485672
2026-08-26T11:52:42.112-04:00,2.539062,-82.519264
2026-08-26T11:52:42.112-04:00,2.734375,-85.294662
2026-08-26T11:52:42.112-04:00,2.929688,-88.148270
2026-08-26T11:52:42.112-04:00,3.125000,-83.583412
2026-08-26T11:52:42.112-04:00,3.320312,-87.978119
2026-08-26T11:52:42.112-04:00,3.515625,-82.363091
2026-08-26T11:52:42.112-04:00,3.710938,-82.049500
2026-08-26T11:52:42.112-04:00,3.906250,-83.973076
2026-08-26T11:52:42.112-04:00,4.101562,-88.642441
2026-08-26T11:52:42.112-04:00,4.296875,-93.179977
2026-08-26T11:52:42.112-04:00,4.492188,-90.509201
2026-08-26T11:52:42.112-04:00,4.687500,-93.948822
2026-08-26T11:52:42.112-04:00,4.882812,-95.208862
2026-08-26T11:52:42.112-04:00,5.078125,-87.772453
2026-08-26T11:52:42.112-04:00,5.273438,-88.185661
2026-08-26T11:52:42.112-04:00,5.468750,-91.761864
2026-08-26T11:52:42.112-04:00,5.664062,-91.573456
2026-08-26T11:52:42.112-04:00,5.859375,-91.600769
2026-08-26T11:52:42.112-04:00,6.054688,-90.586998
2026-08-26T11:52:42.112-04:00,6.250000,-93.711166
2026-08-26T11:52:42.112-04:00,6.445312,-97.599503
2026-08-26T11:52:42.112-04:00,6.640625,-92.460976
2026-08-26T11:52:42.112-04:00,6.835938,-96.614456
2026-08-26T11:52:42.112-04:00,7.031250,-94.467361
2026-08-26T11:52:42.112-04:00,7.226562,-96.737404
2026-08-26T11:52:42.112-04:00,7.421875,-106.264725
2026-08-26T11:52:42.112-04:00,7.617188,-111.725677
2026-08-26T11:52:42.112-04:00,7.812500,-99.618233
2026-08-26T11:52:42.112-04:00,8.007812,-97.401413
2026-08-26T11:52:42.112-04:00,8.203125,-100.384514
2026-08-26T11:52:42.112-04:00,8.398438,-102.220757
2026-08-26T11:52:42.112-04:00,8.593750,-98.723831
2026-08-26T11:52:42.112-04:00,8.789062,-99.800812
2026-08-26T11:52:42.112-04:00,8.984375,-112.126022
2026-08-26T11:52:42.112-04:00,9.179688,-115.326385
2026-08-26T11:52:42.112-04:00,9.375000,-113.510986
2026-08-26T11:52:42.112-04:00,9.570312,-106.519165
2026-08-26T11:52:42.112-04:00,9.765625,-100.294662
2026-08-26T11:52:42.112-04:00,9.960938,-97.944611
2026-08-26T11:52:42.112-04:00,10.156250,-103.246574
2026-08-26T11:52:42.112-04:00,10.351562,-102.004135
2026-08-26T11:52:42.112-04:00,10.546875,-97.734901
2026-08-26T11:52:42.112-04:00,10.742188,-97.028137
2026-08-26T11:52:42.112-04:00,10.937500,-98.309189
2026-08-26T11:52:42.112-04:00,11.132812,-101.703156
2026-08-26T11:52:42.112-04:00,11.328125,-99.373100
2026-08-26T11:52:42.112-04:00,11.523438,-96.254562
2026-08-26T11:52:42.112-04:00,11.718750,-95.716133
2026-08-26T11:52:42.112-04:00,11.914062,-96.445465
2026-08-26T11:52:42.112-04:00,12.109375,-97.237656
2026-08-26T11:52:42.112-04:00,12.304688,-97.402542
2026-08-26T11:52:42.112-04:00,12.500000,-101.192535
2026-08-26T11:52:42.112-04:00,12.695312,-97.365715
2026-08-26T11:52:42.112-04:00,12.890625,-97.028885
2026-08-26T11:52:42.112-04:00,13.085938,-101.665161
2026-08-26T11:52:42.112-04:00,13.281250,-104.477776
2026-08-26T11:52:42.112-04:00,13.476562,-105.475800
2026-08-26T11:52:42.112-04:00,13.671875,-114.474579
2026-08-26T11:52:42.112-04:00,13.867188,-98.488754
2026-08-26T11:52:42.112-04:00,14.062500,-96.112549
2026-08-26T11:52:42.112-04:00,14.257812,-97.635262
2026-08-26T11:52:42.112-04:00,14.453125,-99.974442
2026-08-26T11:52:42.112-04:00,14.648438,-100.711220
2026-08-26T11:52:42.112-04:00,14.843750,-100.768417
2026-08-26T11:52:42.112-04:00,15.039062,-99.992897
2026-08-26T11:52:42.112-04:00,15.234375,-99.289001
2026-08-26T11:52:42.112-04:00,15.429688,-101.076294
2026-08-26T11:52:42.112-04:00,15.625000,-105.551498
2026-08-26T11:52:42.112-04:00,15.820312,-111.615540
2026-08-26T11:52:42.112-04:00,16.015625,-115.264145
2026-08-26T11:52:42.112-04:00,16.210938,-124.030899
2026-08-26T11:52:42.112-04:00,16.406250,-120.342064
2026-08-26T11:52:42.112-04:00,16.601562,-106.067192
2026-08-26T11:52:42.112-04:00,16.796875,-102.418602
2026-08-26T11:52:42.112-04:00,16.992188,-104.401543
2026-08-26T11:52:42.112-04:00,17.187500,-116.575485
2026-08-26T11:52:42.112-04:00,17.382812,-112.844879
2026-08-26T11:52:42.112-04:00,17.578125,-106.849281
2026-08-26T11:52:42.112-04:00,17.773438,-108.638145
2026-08-26T11:52:42.112-04:00,17.968750,-115.243912
2026-08-26T11:52:42.112-04:00,18.164062,-108.652534
2026-08-26T11:52:42.112-04:00,18.359375,-103.978035
2026-08-26T11:52:42.112-04:00,18.554688,-101.166382
2026-08-26T11:52:42.112-04:00,18.750000,-102.010384
2026-08-26T11:52:42.112-04:00,18.945312,-107.336189
2026-08-26T11:52:42.112-04:00,19.140625,-116.174469
2026-08-26T11:52:42.112-04:00,19.335938,-118.877151
2026-08-26T11:52:42.112-04:00,19.531250,-112.639221
2026-08-26T11:52:42.112-04:00,19.726562,-109.833786
2026-08-26T11:52:42.112-04:00,19.921875,-108.997154
2026-08-26T11:52:42.659-04:00,-19.921875,-116.919243
2026-08-26T11:52:42.659-04:00,-19.726562,-113.524437
2026-08-26T11:52:42.659-04:00,-19.531250,-115.674347
2026-08-26T11:52:42.659-04:00,-19.335938,-116.981110
2026-08-26T11:52:42.659-04:00,-19.140625,-111.611618
2026-08-26T11:52:42.659-04:00,-18.945312,-106.700546
2026-08-26T11:52:42.659-04:00,-18.750000,-103.810059
2026-08-26T11:52:42.659-04:00,-18.554688,-103.593643
2026-08-26T11:52:42.659-04:00,-18.359375,-105.254097
2026-08-26T11:52:42.659-04:00,-18.164062,-106.802788
2026-08-26T11:52:42.659-04:00,-17.968750,-113.444000
2026-08-26T11:52:42.659-04:00,-17.773438,-107.641129
2026-08-26T11:52:42.659-04:00,-17.578125,-105.767792
2026-08-26T11:52:42.659-04:00,-17.382812,-108.344536
2026-08-26T11:52:42.659-04:00,-17.187500,-108.277672
2026-08-26T11:52:42.659-04:00,-16.992188,-104.311203
2026-08-26T11:52:42.659-04:00,-16.796875,-104.629669
2026-08-26T11:52:42.659-04:00,-16.601562,-107.443504
2026-08-26T11:52:42.659-04:00,-16.406250,-112.116508
2026-08-26T11:52:42.659-04:00,-16.210938,-112.367058
2026-08-26T11:52:42.659-04:00,-16.015625,-108.289803
2026-08-26T11:52:42.659-04:00,-15.820312,-106.543381
2026-08-26T11:52:42.659-04:00,-15.625000,-107.946762
2026-08-26T11:52:42.659-04:00,-15.429688,-103.434212
2026-08-26T11:52:42.659-04:00,-15.234375,-100.017738
2026-08-26T11:52:42.659-04:00,-15.039062,-100.733566
2026-08-26T11:52:42.659-04:00,-14.843750,-101.967041
2026-08-26T11:52:42.659-04:00,-14.648438,-101.345360
2026-08-26T11:52:42.659-04:00,-14.453125,-100.478989
2026-08-26T11:52:42.659-04:00,-14.257812,-99.863892
2026-08-26T11:52:42.659-04:00,-14.062500,-98.261658
2026-08-26T11:52:42.659-04:00,-13.867188,-98.946724
2026-08-26T11:52:42.659-04:00,-13.671875,-102.609024
2026-08-26T11:52:42.659-04:00,-13.476562,-102.899971
2026-08-26T11:52:42.659-04:00,-13.281250,-104.546577
2026-08-26T11:52:42.659-04:00,-13.085938,-107.553482
2026-08-26T11:52:42.659-04:00,-12.890625,-98.437576
2026-08-26T11:52:42.659-04:00,-12.695312,-95.207336
2026-08-26T11:52:42.659-04:00,-12.500000,-95.345871
2026-08-26T11:52:42.659-04:00,-12.304688,-98.178856
2026-08-26T11:52:42.659-04:00,-12.109375,-105.309113
2026-08-26T11:52:42.659-04:00,-11.914062,-98.141907
2026-08-26T11:52:42.659-04:00,-11.718750,-97.524902
2026-08-26T11:52:42.659-04:00,-11.523438,-97.743004
2026-08-26T11:52:42.659-04:00,-11.328125,-100.018661
2026-08-26T11:52:42.659-04:00,-11.132812,-104.133408
2026-08-26T11:52:42.659-04:00,-10.937500,-100.567001
2026-08-26T11:52:42.659-04:00,-10.742188,-102.727043
2026-08-26T11:52:42.659-04:00,-10.546875,-103.694733
2026-08-26T11:52:42.659-04:00,-10.351562,-99.257019
2026-08-26T11:52:42.659-04:00,-10.156250,-98.217613
2026-08-26T11:52:42.659-04:00,-9.960938,-96.792061
2026-08-26T11:52:42.659-04:00,-9.765625,-97.922508
2026-08-26T11:52:42.659-04:00,-9.570312,-102.524483
2026-08-26T11:52:42.659-04:00,-9.375000,-109.090759
2026-08-26T11:52:42.659-04:00,-9.179688,-111.002464
2026-08-26T11:52:42.659-04:00,-8.984375,-105.263474
2026-08-26T11:52:42.659-04:00,-8.789062,-98.670395
2026-08-26T11:52:42.659-04:00,-8.593750,-99.000977
2026-08-26T11:52:42.659-04:00,-8.398438,-111.043152
2026-08-26T11:52:42.659-04:00,-8.203125,-102.360725
2026-08-26T11:52:42.659-04:00,-8.007812,-99.094223
2026-08-26T11:52:42.659-04:00,-7.812500,-101.634766
2026-08-26T11:52:42.659-04:00,-7.617188,-109.490723
2026-08-26T11:52:42.659-04:00,-7.421875,-111.948006
2026-08-26T11:52:42.659-04:00,-7.226562,-100.392075
2026-08-26T11:52:42.659-04:00,-7.031250,-93.747185
2026-08-26T11:52:42.659-04:00,-6.835938,-91.152275
2026-08-26T11:52:42.659-04:00,-6.640625,-90.374176
2026-08-26T11:52:42.659-04:00,-6.445312,-91.562988
2026-08-26T11:52:42.659-04:00,-6.250000,-91.883240
2026-08-26T11:52:42.659-04:00,-6.054688,-94.571465
2026-08-26T11:52:42.659-04:00,-5.859375,-103.520012
2026-08-26T11:52:42.659-04:00,-5.664062,-92.849747
2026-08-26T11:52:42.659-04:00,-5.468750,-91.002365
2026-08-26T11:52:42.659-04:00,-5.273438,-89.475037
2026-08-26T11:52:42.659-04:00,-5.078125,-89.109558
2026-08-26T11:52:42.659-04:00,-4.882812,-94.842186
2026-08-26T11:52:42.659-04:00,-4.687500,-95.533157
2026-08-26T11:52:42.659-04:00,-4.492188,-93.856163
2026-08-26T11:52:42.659-04:00,-4.296875,-89.982918
2026-08-26T11:52:42.659-04:00,-4.101562,-87.141510
2026-08-26T11:52:42.659-04:00,-3.906250,-89.727203
2026-08-26T11:52:42.659-04:00,-3.710938,-89.293282
2026-08-26T11:52:42.659-04:00,-3.515625,-85.878517
2026-08-26T11:52:42.659-04:00,-3.320312,-92.079964
2026-08-26T11:52:42.659-04:00,-3.125000,-87.188026
2026-08-26T11:52:42.659-04:00,-2.929688,-91.713478
2026-08-26T11:52:42.659-04:00,-2.734375,-91.556915
2026-08-26T11:52:42.659-04:00,-2.539062,-91.934822
2026-08-26T11:52:42.659-04:00,-2.343750,-82.187378
2026-08-26T11:52:42.659-04:00,-2.148438,-85.936340
2026-08-26T11:52:42.659-04:00,-1.953125,-83.239677
2026-08-26T11:52:42.659-04:00,-1.757812,-81.938522
2026-08-26T11:52:42.659-04:00,-1.562500,-85.639969
2026-08-26T11:52:42.659-04:00,-1.367188,-81.126419
2026-08-26T11:52:42.659-04:00,-1.171875,-83.048820
2026-08-26T11:52:42.659-04:00,-0.976562,-80.611588
2026-08-26T11:52:42.659-04:00,-0.781250,-68.296844
2026-08-26T11:52:42.659-04:00,-0.585938,-62.296787
2026-08-26T11:52:42.659-04:00,-0.390625,-61.428074
2026-08-26T11:52:42.659-04:00,-0.195312,-62.294380
2026-08-26T11:52:42.659-04:00,0.000000,-61.719078
2026-08-26T11:52:42.659-04:00,0.195312,-62.294380
2026-08-26T11:52:42.659-04:00,0.390625,-61.428074
2026-08-26T11:52:42.659-04:00,0.585938,-62.296787
2026-08-26T11:52:42.659-04:00,0.781250,-68.296844
2026-08-26T11:52:42.659-04:00,0.976562,-80.611588
2026-08-26T11:52:42.659-04:00,1.171875,-83.048820
2026-08-26T11:52:42.659-04:00,1.367188,-81.126419
2026-08-26T11:52:42.659-04:00,1.562500,-85.639969
2026-08-26T11:52:42.659-04:00,1.757812,-81.938522
2026-08-26T11:52:42.659-04:00,1.953125,-83.239677
2026-08-26T11:52:42.659-04:00,2.148438,-85.936340
2026-08-26T11:52:42.659-04:00,2.343750,-82.187378
2026-08-26T11:52:42.659-04:00,2.539062,-91.934822
2026-08-26T11:52:42.659-04:00,2.734375,-91.556915
2026-08-26T11:52:42.659-04:00,2.929688,-91.713478
2026-08-26T11:52:42.659-04:00,3.125000,-87.188026
2026-08-26T11:52:42.659-04:00,3.320312,-92.079964
2026-08-26T11:52:42.659-04:00,3.515625,-85.878517
2026-08-26T11:52:42.659-04:00,3.710938,-89.293282
2026-08-26T11:52:42.659-04:00,3.906250,-89.727203
2026-08-26T11:52:42.659-04:00,4.101562,-87.141510
2026-08-26T11:52:42.659-04:00,4.296875,-89.982918
2026-08-26T11:52:42.659-04:00,4.492188,-93.856163
2026-08-26T11:52:42.659-04:00,4.687500,-95.533157
2026-08-26T11:52:42.659-04:00,4.882812,-94.842186
2026-08-26T11:52:42.659-04:00,5.078125,-89.109558
2026-08-26T11:52:42.659-04:00,5.273438,-89.475037
2026-08-26T11:52:42.659-04:00,5.468750,-91.002365
2026-08-26T11:52:42.659-04:00,5.664062,-92.849747
2026-08-26T11:52:42.659-04:00,5.859375,-103.520012
2026-08-26T11:52:42.659-04:00,6.054688,-94.571465
2026-08-26T11:52:42.659-04:00,6.250000,-91.883240
2026-08-26T11:52:42.659-04:00,6.445312,-91.562988
2026-08-26T11:52:42.659-04:00,6.640625,-90.374176
2026-08-26T11:52:42.659-04:00,6.835938,-91.152275
2026-08-26T11:52:42.659-04:00,7.031250,-93.747185
2026-08-26T11:52:42.659-04:00,7.226562,-100.392075
2026-08-26T11:52:42.659-04:00,7.421875,-111.948006
2026-08-26T11:52:42.659-04:00,7.617188,-109.490723
2026-08-26T11:52:42.659-04:00,7.812500,-101.634766
2026-08-26T11:52:42.659-04:00,8.007812,-99.094223
2026-08-26T11:52:42.659-04:00,8.203125,-102.360725
2026-08-26T11:52:42.659-04:00,8.398438,-111.043152
2026-08-26T11:52:42.659-04:00,8.593750,-99.000977
2026-08-26T11:52:42.659-04:00,8.789062,-98.670395
2026-08-26T11:52:42.659-04:00,8.984375,-105.263474
2026-08-26T11:52:42.659-04:00,9.179688,-111.002464
2026-08-26T11:52:42.659-04:00,9.375000,-109.090759
2026-08-26T11:52:42.659-04:00,9.570312,-102.524483
2026-08-26T11:52:42.659-04:00,9.765625,-97.922508
2026-08-26T11:52:42.659-04:00,9.960938,-96.792061
2026-08-26T11:52:42.659-04:00,10.156250,-98.217613
2026-08-26T11:52:42.659-04:00,10.351562,-99.257019
2026-08-26T11:52:42.659-04:00,10.546875,-103.694733
2026-08-26T11:52:42.659-04:00,10.742188,-102.727043
2026-08-26T11:52:42.659-04:00,10.937500,-100.567001
2026-08-26T11:52:42.659-04:00,11.132812,-104.133408
2026-08-26T11:52:42.659-04:00,11.328125,-100.018661
2026-08-26T11:52:42.659-04:00,11.523438,-97.743004
2026-08-26T11:52:42.659-04:00,11.718750,-97.524902
2026-08-26T11:52:42.659-04:00,11.914062,-98.141907
2026-08-26T11:52:42.659-04:00,12.109375,-105.309113
2026-08-26T11:52:42.659-04:00,12.304688,-98.178856
2026-08-26T11:52:42.659-04:00,12.500000,-95.345871
2026-08-26T11:52:42.659-04:00,12.695312,-95.207336
2026-08-26T11:52:42.659-04:00,12.890625,-98.437576
2026-08-26T11:52:42.659-04:00,13.085938,-107.553482
2026-08-26T11:52:42.659-04:00,13.281250,-104.546577
2026-08-26T11:52:42.659-04:00,13.476562,-102.899971
2026-08-26T11:52:42.659-04:00,13.671875,-102.609024
2026-08-26T11:52:42.659-04:00,13.867188,-98.946724
2026-08-26T11:52:42.659-04:00,14.062500,-98.261658
2026-08-26T11:52:42.659-04:00,14.257812,-99.863892
2026-08-26T11:52:42.659-04:00,14.453125,-100.478989
2026-08-26T11:52:42.659-04:00,14.648438,-101.345360
2026-08-26T11:52:42.659-04:00,14.843750,-101.967041
2026-08-26T11:52:42.659-04:00,15.039062,-100.733566
2026-08-26T11:52:42.659-04:00,15.234375,-100.017738
2026-08-26T11:52:42.659-04:00,15.429688,-103.434212
2026-08-26T11:52:42.659-04:00,15.625000,-107.946762
2026-08-26T11:52:42.659-04:00,15.820312,-106.543381
2026-08-26T11:52:42.659-04:00,16.015625,-108.289803
2026-08-26T11:52:42.659-04:00,16.210938,-112.367058
2026-08-26T11:52:42.659-04:00,16.406250,-112.116508
2026-08-26T11:52:42.659-04:00,16.601562,-107.443504
2026-08-26T11:52:42.659-04:00,16.796875,-104.629669
2026-08-26T11:52:42.659-04:00,16.992188,-104.311203
2026-08-26T11:52:42.659-04:00,17.187500,-108.277672
2026-08-26T11:52:42.659-04:00,17.382812,-108.344536
2026-08-26T11:52:42.659-04:00,17.578125,-105.767792
2026-08-26T11:52:42.659-04:00,17.773438,-107.641129
2026-08-26T11:52:42.659-04:00,17.968750,-113.444000
2026-08-26T11:52:42.659-04:00,18.164062,-106.802788
2026-08-26T11:52:42.659-04:00,18.359375,-105.254097
2026-08-26T11:52:42.659-04:00,18.554688,-103.593643
2026-08-26T11:52:42.659-04:00,18.750000,-103.810059
2026-08-26T11:52:42.659-04:00,18.945312,-106.700546
2026-08-26T11:52:42.659-04:00,19.140625,-111.611618
2026-08-26T11:52:42.659-04:00,19.335938,-116.981110
2026-08-26T11:52:42.659-04:00,19.531250,-115.674347
2026-08-26T11:52:42.659-04:00,19.726562,-113.524437
2026-08-26T11:52:42.659-04:00,19.921875,-116.919243
2026-08-26T11:52:43.206-04:00,-19.921875,-118.970123
2026-08-26T11:52:43.206-04:00,-19.726562,-115.252731
2026-08-26T11:52:43.206-04:00,-19.531250,-118.772903
2026-08-26T11:52:43.206-04:00,-19.335938,-119.887093
2026-08-26T11:52:43.206-04:00,-19.140625,-110.491409
2026-08-26T11:52:43.206-04:00,-18.945312,-109.762955
2026-08-26T11:52:43.206-04:00,-18.750000,-108.985863
2026-08-26T11:52:43.206-04:00,-18.554688,-107.690475
2026-08-26T11:52:43.206-04:00,-18.359375,-115.982742
2026-08-26T11:52:43.206-04:00,-18.164062,-105.614548
2026-08-26T11:52:43.206-04:00,-17.968750,-104.916008
2026-08-26T11:52:43.206-04:00,-17.773438,-105.204857
2026-08-26T11:52:43.206-04:00,-17.578125,-106.820572
2026-08-26T11:52:43.206-04:00,-17.382812,-108.536346
2026-08-26T11:52:43.206-04:00,-17.187500,-106.014442
2026-08-26T11:52:43.206-04:00,-16.992188,-105.145523
2026-08-26T11:52:43.206-04:00,-16.796875,-110.256920
2026-08-26T11:52:43.206-04:00,-16.601562,-112.442780
2026-08-26T11:52:43.206-04:00,-16.406250,-108.892639
2026-08-26T11:52:43.206-04:00,-16.210938,-105.672386
2026-08-26T11:52:43.206-04:00,-16.015625,-103.325081
2026-08-26T11:52:43.206-04:00,-15.820312,-104.239594
2026-08-26T11:52:43.206-04:00,-15.625000,-114.771408
2026-08-26T11:52:43.206-04:00,-15.429688,-105.666237
2026-08-26T11:52:43.206-04:00,-15.234375,-102.408722
2026-08-26T11:52:43.206-04:00,-15.039062,-106.786926
2026-08-26T11:52:43.206-04:00,-14.843750,-109.120522
2026-08-26T11:52:43.206-04:00,-14.648438,-107.052849
2026-08-26T11:52:43.206-04:00,-14.453125,-104.829979
2026-08-26T11:52:43.206-04:00,-14.257812,-109.879906
2026-08-26T11:52:43.206-04:00,-14.062500,-102.867050
2026-08-26T11:52:43.206-04:00,-13.867188,-101.518875
2026-08-26T11:52:43.206-04:00,-13.671875,-100.945816
2026-08-26T11:52:43.206-04:00,-13.476562,-101.452110
2026-08-26T11:52:43.206-04:00,-13.281250,-105.552483
2026-08-26T11:52:43.206-04:00,-13.085938,-110.723457
2026-08-26T11:52:43.206-04:00,-12.890625,-100.073883
2026-08-26T11:52:43.206-04:00,-12.695312,-95.423035
2026-08-26T11:52:43.206-04:00,-12.500000,-94.331703
2026-08-26T11:52:43.206-04:00,-12.304688,-97.172501
2026-08-26T11:52:43.206-04:00,-12.109375,-103.000404
2026-08-26T11:52:43.206-04:00,-11.914062,-99.861183
2026-08-26T11:52:43.206-04:00,-11.718750,-106.040634
2026-08-26T11:52:43.206-04:00,-11.523438,-102.051468
2026-08-26T11:52:43.206-04:00,-11.328125,-102.106178
2026-08-26T11:52:43.206-04:00,-11.132812,-116.067795
2026-08-26T11:52:43.206-04:00,-10.937500,-102.172348
2026-08-26T11:52:43.206-04:00,-10.742188,-103.582993
2026-08-26T11:52:43.206-04:00,-10.546875,-104.123840
2026-08-26T11:52:43.206-04:00,-10.351562,-99.182976
2026-08-26T11:52:43.206-04:00,-10.156250,-99.000534
2026-08-26T11:52:43.206-04:00,-9.960938,-98.141029
2026-08-26T11:52:43.206-04:00,-9.765625,-98.051872
2026-08-26T11:52:43.206-04:00,-9.570312,-101.020157
2026-08-26T11:52:43.206-04:00,-9.375000,-110.906227
2026-08-26T11:52:43.206-04:00,-9.179688,-110.177231
2026-08-26T11:52:43.206-04:00,-8.984375,-101.177505
2026-08-26T11:52:43.206-04:00,-8.789062,-97.349060
2026-08-26T11:52:43.206-04:00,-8.593750,-98.012054
2026-08-26T11:52:43.206-04:00,-8.398438,-103.614594
2026-08-26T11:52:43.206-04:00,-8.203125,-102.834702
2026-08-26T11:52:43.206-04:00,-8.007812,-102.563660
2026-08-26T11:52:43.206-04:00,-7.812500,-103.797745
2026-08-26T11:52:43.206-04:00,-7.617188,-111.057655
2026-08-26T11:52:43.206-04:00,-7.421875,-118.984726
2026-08-26T11:52:43.206-04:00,-7.226562,-104.282425
2026-08-26T11:52:43.206-04:00,-7.031250,-94.312439
2026-08-26T11:52:43.206-04:00,-6.835938,-90.823204
2026-08-26T11:52:43.206-04:00,-6.640625,-90.345116
2026-08-26T11:52:43.206-04:00,-6.445312,-92.057640
2026-08-26T11:52:43.206-04:00,-6.250000,-93.499077
2026-08-26T11:52:43.206-04:00,-6.054688,-95.271637
2026-08-26T11:52:43.206-04:00,-5.859375,-98.344963
2026-08-26T11:52:43.206-04:00,-5.664062,-94.598480
2026-08-26T11:52:43.206-04:00,-5.468750,-96.128998
2026-08-26T11:52:43.206-04:00,-5.273438,-95.230591
2026-08-26T11:52:43.206-04:00,-5.078125,-90.570076
2026-08-26T11:52:43.206-04:00,-4.882812,-90.927231
2026-08-26T11:52:43.206-04:00,-4.687500,-94.185577
2026-08-26T11:52:43.206-04:00,-4.492188,-115.111893
2026-08-26T11:52:43.206-04:00,-4.296875,-90.651093
2026-08-26T11:52:43.206-04:00,-4.101562,-87.532211
2026-08-26T11:52:43.206-04:00,-3.906250,-91.455086
2026-08-26T11:52:43.206-04:00,-3.710938,-91.367638
2026-08-26T11:52:43.206-04:00,-3.515625,-86.312729
2026-08-26T11:52:43.206-04:00,-3.320312,-85.830460
2026-08-26T11:52:43.206-04:00,-3.125000,-86.475632
2026-08-26T11:52:43.206-04:00,-2.929688,-86.853592
2026-08-26T11:52:43.206-04:00,-2.734375,-87.102821
2026-08-26T11:52:43.206-04:00,-2.539062,-85.152428
2026-08-26T11:52:43.206-04:00,-2.343750,-82.552765
2026-08-26T11:52:43.206-04:00,-2.148438,-82.913300
2026-08-26T11:52:43.206-04:00,-1.953125,-83.113510
2026-08-26T11:52:43.206-04:00,-1.757812,-83.886215
2026-08-26T11:52:43.206-04:00,-1.562500,-85.125092
2026-08-26T11:52:43.206-04:00,-1.367188,-82.056198
2026-08-26T11:52:43.206-04:00,-1.171875,-84.192459
2026-08-26T11:52:43.206-04:00,-0.976562,-81.483704
2026-08-26T11:52:43.206-04:00,-0.781250,-71.093254
2026-08-26T11:52:43.206-04:00,-0.585938,-63.789124
2026-08-26T11:52:43.206-04:00,-0.390625,-59.833340
2026-08-26T11:52:43.206-04:00,-0.195312,-59.740696
2026-08-26T11:52:43.206-04:00,0.000000,-60.875916
2026-08-26T11:52:43.206-04:00,0.195312,-59.740696
2026-08-26T11:52:43.206-04:00,0.390625,-59.833340
2026-08-26T11:52:43.206-04:00,0.585938,-63.789124
2026-08-26T11:52:43.206-04:00,0.781250,-71.093254
2026-08-26T11:52:43.206-04:00,0.976562,-81.483704
2026-08-26T11:52:43.206-04:00,1.171875,-84.192459
2026-08-26T11:52:43.206-04:00,1.367188,-82.056198
2026-08-26T11:52:43.206-04:00,1.562500,-85.125092
2026-08-26T11:52:43.206-04:00,1.757812,-83.886215
2026-08-26T11:52:43.206-04:00,1.953125,-83.113510
2026-08-26T11:52:43.206-04:00,2.148438,-82.913300
2026-08-26T11:52:43.206-04:00,2.343750,-82.552765
2026-08-26T11:52:43.206-04:00,2.539062,-85.152428
2026-08-26T11:52:43.206-04:00,2.734375,-87.102821
2026-08-26T11:52:43.206-04:00,2.929688,-86.853592
2026-08-26T11:52:43.206-04:00,3.125000,-86.475632
2026-08-26T11:52:43.206-04:00,3.320312,-85.830460
2026-08-26T11:52:43.206-04:00,3.515625,-86.312729
2026-08-26T11:52:43.206-04:00,3.710938,-91.367638
2026-08-26T11:52:43.206-04:00,3.906250,-91.455086
2026-08-26T11:52:43.206-04:00,4.101562,-87.532211
2026-08-26T11:52:43.206-04:00,4.296875,-90.651093
2026-08-26T11:52:43.206-04:00,4.492188,-115.111893
2026-08-26T11:52:43.206-04:00,4.687500,-94.185577
2026-08-26T11:52:43.206-04:00,4.882812,-90.927231
2026-08-26T11:52:43.206-04:00,5.078125,-90.570076
2026-08-26T11:52:43.206-04:00,5.273438,-95.230591
2026-08-26T11:52:43.206-04:00,5.468750,-96.128998
2026-08-26T11:52:43.206-04:00,5.664062,-94.598480
2026-08-26T11:52:43.206-04:00,5.859375,-98.344963
2026-08-26T11:52:43.206-04:00,6.054688,-95.271637
2026-08-26T11:52:43.206-04:00,6.250000,-93.499077
2026-08-26T11:52:43.206-04:00,6.445312,-92.057640
2026-08-26T11:52:43.206-04:00,6.640625,-90.345116
2026-08-26T11:52:43.206-04:00,6.835938,-90.823204
2026-08-26T11:52:43.206-04:00,7.031250,-94.312439
2026-08-26T11:52:43.206-04:00,7.226562,-104.282425
2026-08-26T11:52:43.206-04:00,7.421875,-118.984726
2026-08-26T11:52:43.206-04:00,7.617188,-111.057655
2026-08-26T11:52:43.206-04:00,7.812500,-103.797745
2026-08-26T11:52:43.206-04:00,8.007812,-102.563660
2026-08-26T11:52:43.206-04:00,8.203125,-102.834702
2026-08-26T11:52:43.206-04:00,8.398438,-103.614594
2026-08-26T11:52:43.206-04:00,8.593750,-98.012054
2026-08-26T11:52:43.206-04:00,8.789062,-97.349060
2026-08-26T11:52:43.206-04:00,8.984375,-101.177505
2026-08-26T11:52:43.206-04:00,9.179688,-110.177231
2026-08-26T11:52:43.206-04:00,9.375000,-110.906227
2026-08-26T11:52:43.206-04:00,9.570312,-101.020157
2026-08-26T11:52:43.206-04:00,9.765625,-98.051872
2026-08-26T11:52:43.206-04:00,9.960938,-98.141029
2026-08-26T11:52:43.206-04:00,10.156250,-99.000534
2026-08-26T11:52:43.206-04:00,10.351562,-99.182976
2026-08-26T11:52:43.206-04:00,10.546875,-104.123840
2026-08-26T11:52:43.206-04:00,10.742188,-103.582993
2026-08-26T11:52:43.206-04:00,10.937500,-102.172348
2026-08-26T11:52:43.206-04:00,11.132812,-116.067795
2026-08-26T11:52:43.206-04:00,11.328125,-102.106178
2026-08-26T11:52:43.206-04:00,11.523438,-102.051468
2026-08-26T11:52:43.206-04:00,11.718750,-106.040634
2026-08-26T11:52:43.206-04:00,11.914062,-99.861183
2026-08-26T11:52:43.206-04:00,12.109375,-103.000404
2026-08-26T11:52:43.206-04:00,12.304688,-97.172501
2026-08-26T11:52:43.206-04:00,12.500000,-94.331703
2026-08-26T11:52:43.206-04:00,12.695312,-95.423035
2026-08-26T11:52:43.206-04:00,12.890625,-100.073883
2026-08-26T11:52:43.206-04:00,13.085938,-110.723457
2026-08-26T11:52:43.206-04:00,13.281250,-105.552483
2026-08-26T11:52:43.206-04:00,13.476562,-101.452110
2026-08-26T11:52:43.206-04:00,13.671875,-100.945816
2026-08-26T11:52:43.206-04:00,13.867188,-101.518875
2026-08-26T11:52:43.206-04:00,14.062500,-102.867050
2026-08-26T11:52:43.206-04:00,14.257812,-109.879906
2026-08-26T11:52:43.206-04:00,14.453125,-104.829979
2026-08-26T11:52:43.206-04:00,14.648438,-107.052849
2026-08-26T11:52:43.206-04:00,14.843750,-109.120522
2026-08-26T11:52:43.206-04:00,15.039062,-106.786926
2026-08-26T11:52:43.206-04:00,15.234375,-102.408722
2026-08-26T11:52:43.206-04:00,15.429688,-105.666237
2026-08-26T11:52:43.206-04:00,15.625000,-114.771408
2026-08-26T11:52:43.206-04:00,15.820312,-104.239594
2026-08-26T11:52:43.206-04:00,16.015625,-103.325081
2026-08-26T11:52:43.206-04:00,16.210938,-105.672386
2026-08-26T11:52:43.206-04:00,16.406250,-108.892639
2026-08-26T11:52:43.206-04:00,16.601562,-112.442780
2026-08-26T11:52:43.206-04:00,16.796875,-110.256920
2026-08-26T11:52:43.206-04:00,16.992188,-105.145523
2026-08-26T11:52:43.206-04:00,17.187500,-106.014442
2026-08-26T11:52:43.206-04:00,17.382812,-108.536346
2026-08-26T11:52:43.206-04:00,17.578125,-106.820572
2026-08-26T11:52:43.206-04:00,17.773438,-105.204857
2026-08-26T11:52:43.206-04:00,17.968750,-104.916008
2026-08-26T11:52:43.206-04:00,18.164062,-105.614548
2026-08-26T11:52:43.206-04:00,18.359375,-115.982742
2026-08-26T11:52:43.206-04:00,18.554688,-107.690475
2026-08-26T11:52:43.206-04:00,18.750000,-108.985863
2026-08-26T11:52:43.206-04:00,18.945312,-109.762955
2026-08-26T11:52:43.206-04:00,19.140625,-110.491409
2026-08-26T11:52:43.206-04:00,19.335938,-119.887093
2026-08-26T11:52:43.206-04:00,19.531250,-118.772903
2026-08-26T11:52:43.206-04:00,19.726562,-115.252731
2026-08-26T11:52:43.206-04:00,19.921875,-118.970123
2026-08-26T11:52:43.752-04:00,-19.921875,-112.331322
2026-08-26T11:52:43.752-04:00,-19.726562,-114.798317
2026-08-26T11:52:43.752-04:00,-19.531250,-116.276665
2026-08-26T11:52:43.752-04:00,-19.335938,-113.828445
2026-08-26T11:52:43.752-04:00,-19.140625,-110.200111
2026-08-26T11:52:43.752-04:00,-18.945312,-113.867836
2026-08-26T11:52:43.752-04:00,-18.750000,-115.342194
2026-08-26T11:52:43.752-04:00,-18.554688,-107.807831
2026-08-26T11:52:43.752-04:00,-18.359375,-108.810432
2026-08-26T11:52:43.752-04:00,-18.164062,-103.382080
2026-08-26T11:52:43.752-04:00,-17.968750,-102.780518
2026-08-26T11:52:43.752-04:00,-17.773438,-106.518677
2026-08-26T11:52:43.752-04:00,-17.578125,-110.761192
2026-08-26T11:52:43.752-04:00,-17.382812,-120.977219
2026-08-26T11:52:43.752-04:00,-17.187500,-107.175323
2026-08-26T11:52:43.752-04:00,-16.992188,-105.685532
2026-08-26T11:52:43.752-04:00,-16.796875,-116.351456
2026-08-26T11:52:43.752-04:00,-16.601562,-120.453331
2026-08-26T11:52:43.752-04:00,-16.406250,-111.202957
2026-08-26T11:52:43.752-04:00,-16.210938,-102.879860
2026-08-26T11:52:43.752-04:00,-16.015625,-101.119041
2026-08-26T11:52:43.752-04:00,-15.820312,-103.151009
2026-08-26T11:52:43.752-04:00,-15.625000,-106.056519
2026-08-26T11:52:43.752-04:00,-15.429688,-103.964531
2026-08-26T11:52:43.752-04:00,-15.234375,-103.749893
2026-08-26T11:52:43.752-04:00,-15.039062,-117.570946
2026-08-26T11:52:43.752-04:00,-14.843750,-113.999321
2026-08-26T11:52:43.752-04:00,-14.648438,-111.051414
2026-08-26T11:52:43.752-04:00,-14.453125,-106.551193
2026-08-26T11:52:43.752-04:00,-14.257812,-110.876343
2026-08-26T11:52:43.752-04:00,-14.062500,-106.959190
2026-08-26T11:52:43.752-04:00,-13.867188,-110.254974
2026-08-26T11:52:43.752-04:00,-13.671875,-103.757858
2026-08-26T11:52:43.752-04:00,-13.476562,-102.634415
2026-08-26T11:52:43.752-04:00,-13.281250,-105.272682
2026-08-26T11:52:43.752-04:00,-13.085938,-108.102753
2026-08-26T11:52:43.752-04:00,-12.890625,-102.091148
2026-08-26T11:52:43.752-04:00,-12.695312,-98.189735
2026-08-26T11:52:43.752-04:00,-12.500000,-96.469032
2026-08-26T11:52:43.752-04:00,-12.304688,-95.410851
2026-08-26T11:52:43.752-04:00,-12.109375,-96.181267
2026-08-26T11:52:43.752-04:00,-11.914062,-99.005737
2026-08-26T11:52:43.752-04:00,-11.718750,-108.900269
2026-08-26T11:52:43.752-04:00,-11.523438,-105.938026
2026-08-26T11:52:43.752-04:00,-11.328125,-102.832253
2026-08-26T11:52:43.752-04:00,-11.132812,-102.274323
2026-08-26T11:52:43.752-04:00,-10.937500,-100.922302
2026-08-26T11:52:43.752-04:00,-10.742188,-100.938538
2026-08-26T11:52:43.752-04:00,-10.546875,-100.005188
2026-08-26T11:52:43.752-04:00,-10.351562,-100.323029
2026-08-26T11:52:43.752-04:00,-10.156250,-107.753822
2026-08-26T11:52:43.752-04:00,-9.960938,-102.562897
2026-08-26T11:52:43.752-04:00,-9.765625,-101.375969
2026-08-26T11:52:43.752-04:00,-9.570312,-101.153412
2026-08-26T11:52:43.752-04:00,-9.375000,-103.976402
2026-08-26T11:52:43.752-04:00,-9.179688,-103.649323
2026-08-26T11:52:43.752-04:00,-8.984375,-99.971916
2026-08-26T11:52:43.752-04:00,-8.789062,-98.213425
2026-08-26T11:52:43.752-04:00,-8.593750,-97.277252
2026-08-26T11:52:43.752-04:00,-8.398438,-99.140701
2026-08-26T11:52:43.752-04:00,-8.203125,-104.840836
2026-08-26T11:52:43.752-04:00,-8.007812,-109.978531
2026-08-26T11:52:43.752-04:00,-7.812500,-108.071098
2026-08-26T11:52:43.752-04:00,-7.617188,-106.574059
2026-08-26T11:52:43.752-04:00,-7.421875,-109.755112
2026-08-26T11:52:43.752-04:00,-7.226562,-102.224007
2026-08-26T11:52:43.752-04:00,-7.031250,-95.314117
2026-08-26T11:52:43.752-04:00,-6.835938,-94.048309
2026-08-26T11:52:43.752-04:00,-6.640625,-93.207687
2026-08-26T11:52:43.752-04:00,-6.445312,-97.075409
2026-08-26T11:52:43.752-04:00,-6.250000,-100.306366
2026-08-26T11:52:43.752-04:00,-6.054688,-95.095917
2026-08-26T11:52:43.752-04:00,-5.859375,-96.441071
2026-08-26T11:52:43.752-04:00,-5.664062,-96.981308
2026-08-26T11:52:43.752-04:00,-5.468750,-100.145424
2026-08-26T11:52:43.752-04:00,-5.273438,-99.261978
2026-08-26T11:52:43.752-04:00,-5.078125,-92.995224
2026-08-26T11:52:43.752-04:00,-4.882812,-92.060852
2026-08-26T11:52:43.752-04:00,-4.687500,-92.125885
2026-08-26T11:52:43.752-04:00,-4.492188,-93.661568
2026-08-26T11:52:43.752-04:00,-4.296875,-90.809448
2026-08-26T11:52:43.752-04:00,-4.101562,-89.223755
2026-08-26T11:52:43.752-04:00,-3.906250,-88.749161
2026-08-26T11:52:43.752-04:00,-3.710938,-89.964821
2026-08-26T11:52:43.752-04:00,-3.515625,-87.897552
2026-08-26T11:52:43.752-04:00,-3.320312,-85.811630
2026-08-26T11:52:43.752-04:00,-3.125000,-89.532974
2026-08-26T11:52:43.752-04:00,-2.929688,-88.374359
2026-08-26T11:52:43.752-04:00,-2.734375,-85.329132
2026-08-26T11:52:43.752-04:00,-2.539062,-85.374001
2026-08-26T11:52:43.752-04:00,-2.343750,-83.488403
2026-08-26T11:52:43.752-04:00,-2.148438,-85.707024
2026-08-26T11:52:43.752-04:00,-1.953125,-87.572617
2026-08-26T11:52:43.752-04:00,-1.757812,-85.204277
2026-08-26T11:52:43.752-04:00,-1.562500,-95.037064
2026-08-26T11:52:43.752-04:00,-1.367188,-82.193871
2026-08-26T11:52:43.752-04:00,-1.171875,-83.704498
2026-08-26T11:52:43.752-04:00,-0.976562,-81.556915
2026-08-26T11:52:43.752-04:00,-0.781250,-76.357353
2026-08-26T11:52:43.752-04:00,-0.585938,-67.708954
2026-08-26T11:52:43.752-04:00,-0.390625,-60.179657
2026-08-26T11:52:43.752-04:00,-0.195312,-60.179985
2026-08-26T11:52:43.752-04:00,0.000000,-70.031189
2026-08-26T11:52:43.752-04:00,0.195312,-60.179985
2026-08-26T11:52:43.752-04:00,0.390625,-60.179657
2026-08-26T11:52:43.752-04:00,0.585938,-67.708954
2026-08-26T11:52:43.752-04:00,0.781250,-76.357353
2026-08-26T11:52:43.752-04:00,0.976562,-81.556915
2026-08-26T11:52:43.752-04:00,1.171875,-83.704498
2026-08-26T11:52:43.752-04:00,1.367188,-82.193871
2026-08-26T11:52:43.752-04:00,1.562500,-95.037064
2026-08-26T11:52:43.752-04:00,1.757812,-85.204277
2026-08-26T11:52:43.752-04:00,1.953125,-87.572617
2026-08-26T11:52:43.752-04:00,2.148438,-85.707024
2026-08-26T11:52:43.752-04:00,2.343750,-83.488403
2026-08-26T11:52:43.752-04:00,2.539062,-85.374001
2026-08-26T11:52:43.752-04:00,2.734375,-85.329132
2026-08-26T11:52:43.752-04:00,2.929688,-88.374359
2026-08-26T11:52:43.752-04:00,3.125000,-89.532974
2026-08-26T11:52:43.752-04:00,3.320312,-85.811630
2026-08-26T11:52:43.752-04:00,3.515625,-87.897552
2026-08-26T11:52:43.752-04:00,3.710938,-89.964821
2026-08-26T11:52:43.752-04:00,3.906250,-88.749161
2026-08-26T11:52:43.752-04:00,4.101562,-89.223755
2026-08-26T11:52:43.752-04:00,4.296875,-90.809448
2026-08-26T11:52:43.752-04:00,4.492188,-93.661568
2026-08-26T11:52:43.752-04:00,4.687500,-92.125885
2026-08-26T11:52:43.752-04:00,4.882812,-92.060852
2026-08-26T11:52:43.752-04:00,5.078125,-92.995224
2026-08-26T11:52:43.752-04:00,5.273438,-99.261978
2026-08-26T11:52:43.752-04:00,5.468750,-100.145424
2026-08-26T11:52:43.752-04:00,5.664062,-96.981308
2026-08-26T11:52:43.752-04:00,5.859375,-96.441071
2026-08-26T11:52:43.752-04:00,6.054688,-95.095917
2026-08-26T11:52:43.752-04:00,6.250000,-100.306366
2026-08-26T11:52:43.752-04:00,6.445312,-97.075409
2026-08-26T11:52:43.752-04:00,6.640625,-93.207687
2026-08-26T11:52:43.752-04:00,6.835938,-94.048309
2026-08-26T11:52:43.752-04:00,7.031250,-95.314117
2026-08-26T11:52:43.752-04:00,7.226562,-102.224007
2026-08-26T11:52:43.752-04:00,7.421875,-109.755112
2026-08-26T11:52:43.752-04:00,7.617188,-106.574059
2026-08-26T11:52:43.752-04:00,7.812500,-108.071098
2026-08-26T11:52:43.752-04:00,8.007812,-109.978531
2026-08-26T11:52:43.752-04:00,8.203125,-104.840836
2026-08-26T11:52:43.752-04:00,8.398438,-99.140701
2026-08-26T11:52:43.752-04:00,8.593750,-97.277252
2026-08-26T11:52:43.752-04:00,8.789062,-98.213425
2026-08-26T11:52:43.752-04:00,8.984375,-99.971916
2026-08-26T11:52:43.752-04:00,9.179688,-103.649323
2026-08-26T11:52:43.752-04:00,9.375000,-103.976402
2026-08-26T11:52:43.752-04:00,9.570312,-101.153412
2026-08-26T11:52:43.752-04:00,9.765625,-101.375969
2026-08-26T11:52:43.752-04:00,9.960938,-102.562897
2026-08-26T11:52:43.752-04:00,10.156250,-107.753822
2026-08-26T11:52:43.752-04:00,10.351562,-100.323029
2026-08-26T11:52:43.752-04:00,10.546875,-100.005188
2026-08-26T11:52:43.752-04:00,10.742188,-100.938538
2026-08-26T11:52:43.752-04:00,10.937500,-100.922302
2026-08-26T11:52:43.752-04:00,11.132812,-102.274323
2026-08-26T11:52:43.752-04:00,11.328125,-102.832253
2026-08-26T11:52:43.752-04:00,11.523438,-105.938026
2026-08-26T11:52:43.752-04:00,11.718750,-108.900269
2026-08-26T11:52:43.752-04:00,11.914062,-99.005737
2026-08-26T11:52:43.752-04:00,12.109375,-96.181267
2026-08-26T11:52:43.752-04:00,12.304688,-95.410851
2026-08-26T11:52:43.752-04:00,12.500000,-96.469032
2026-08-26T11:52:43.752-04:00,12.695312,-98.189735
2026-08-26T11:52:43.752-04:00,12.890625,-102.091148
2026-08-26T11:52:43.752-04:00,13.085938,-108.102753
2026-08-26T11:52:43.752-04:00,13.281250,-105.272682
2026-08-26T11:52:43.752-04:00,13.476562,-102.634415
2026-08-26T11:52:43.752-04:00,13.671875,-103.757858
2026-08-26T11:52:43.752-04:00,13.867188,-110.254974
2026-08-26T11:52:43.752-04:00,14.062500,-106.959190
2026-08-26T11:52:43.752-04:00,14.257812,-110.876343
2026-08-26T11:52:43.752-04:00,14.453125,-106.551193
2026-08-26T11:52:43.752-04:00,14.648438,-111.051414
2026-08-26T11:52:43.752-04:00,14.843750,-113.999321
2026-08-26T11:52:43.752-04:00,15.039062,-117.570946
2026-08-26T11:52:43.752-04:00,15.234375,-103.749893
2026-08-26T11:52:43.752-04:00,15.429688,-103.964531
2026-08-26T11:52:43.752-04:00,15.625000,-106.056519
2026-08-26T11:52:43.752-04:00,15.820312,-103.151009
2026-08-26T11:52:43.752-04:00,16.015625,-101.119041
2026-08-26T11:52:43.752-04:00,16.210938,-102.879860
2026-08-26T11:52:43.752-04:00,16.406250,-111.202957
2026-08-26T11:52:43.752-04:00,16.601562,-120.453331
2026-08-26T11:52:43.752-04:00,16.796875,-116.351456
2026-08-26T11:52:43.752-04:00,16.992188,-105.685532
2026-08-26T11:52:43.752-04:00,17.187500,-107.175323
2026-08-26T11:52:43.752-04:00,17.382812,-120.977219
2026-08-26T11:52:43.752-04:00,17.578125,-110.761192
2026-08-26T11:52:43.752-04:00,17.773438,-106.518677
2026-08-26T11:52:43.752-04:00,17.968750,-102.780518
2026-08-26T11:52:43.752-04:00,18.164062,-103.382080
2026-08-26T11:52:43.752-04:00,18.359375,-108.810432
2026-08-26T11:52:43.752-04:00,18.554688,-107.807831
2026-08-26T11:52:43.752-04:00,18.750000,-115.342194
2026-08-26T11:52:43.752-04:00,18.945312,-113.867836
2026-08-26T11:52:43.752-04:00,19.140625,-110.200111
2026-08-26T11:52:43.752-04:00,19.335938,-113.828445
2026-08-26T11:52:43.752-04:00,19.531250,-116.276665
2026-08-26T11:52:43.752-04:00,19.726562,-114.798317
2026-08-26T11:52:43.752-04:00,19.921875,-112.331322
2026-08-26T11:52:44.297-04:00,-19.921875,-112.693069
2026-08-26T11:52:44.297-04:00,-19.726562,-117.139099
2026-08-26T11:52:44.297-04:00,-19.531250,-120.228088
2026-08-26T11:52:44.297-04:00,-19.335938,-112.148476
2026-08-26T11:52:44.297-04:00,-19.140625,-110.537712
2026-08-26T11:52:44.297-04:00,-18.945312,-111.882324
2026-08-26T11:52:44.297-04:00,-18.750000,-110.162766
2026-08-26T11:52:44.297-04:00,-18.554688,-105.598076
2026-08-26T11:52:44.297-04:00,-18.359375,-102.852020
2026-08-26T11:52:44.297-04:00,-18.164062,-101.156174
2026-08-26T11:52:44.297-04:00,-17.968750,-102.796692
2026-08-26T11:52:44.297-04:00,-17.773438,-112.352676
2026-08-26T11:52:44.297-04:00,-17.578125,-115.302879
2026-08-26T11:52:44.297-04:00,-17.382812,-113.247665
2026-08-26T11:52:44.297-04:00,-17.187500,-106.509254
2026-08-26T11:52:44.297-04:00,-16.992188,-104.488335
2026-08-26T11:52:44.297-04:00,-16.796875,-107.824081
2026-08-26T11:52:44.297-04:00,-16.601562,-112.115585
2026-08-26T11:52:44.297-04:00,-16.406250,-107.283340
2026-08-26T11:52:44.297-04:00,-16.210938,-101.168640
2026-08-26T11:52:44.297-04:00,-16.015625,-101.173691
2026-08-26T11:52:44.297-04:00,-15.820312,-105.432747
2026-08-26T11:52:44.297-04:00,-15.625000,-107.510559
2026-08-26T11:52:44.297-04:00,-15.429688,-104.742661
2026-08-26T11:52:44.297-04:00,-15.234375,-102.591438
2026-08-26T11:52:44.297-04:00,-15.039062,-104.563095
2026-08-26T11:52:44.297-04:00,-14.843750,-105.672211
2026-08-26T11:52:44.297-04:00,-14.648438,-104.853806
2026-08-26T11:52:44.297-04:00,-14.453125,-104.966698
2026-08-26T11:52:44.297-04:00,-14.257812,-105.277542
2026-08-26T11:52:44.297-04:00,-14.062500,-106.554405
2026-08-26T11:52:44.297-04:00,-13.867188,-112.202873
2026-08-26T11:52:44.297-04:00,-13.671875,-107.209816
2026-08-26T11:52:44.297-04:00,-13.476562,-107.118118
2026-08-26T11:52:44.297-04:00,-13.281250,-106.079315
2026-08-26T11:52:44.297-04:00,-13.085938,-128.210327
2026-08-26T11:52:44.297-04:00,-12.890625,-104.389923
2026-08-26T11:52:44.297-04:00,-12.695312,-104.018700
2026-08-26T11:52:44.297-04:00,-12.500000,-103.277702
2026-08-26T11:52:44.297-04:00,-12.304688,-96.611771
2026-08-26T11:52:44.297-04:00,-12.109375,-94.602859
2026-08-26T11:52:44.297-04:00,-11.914062,-96.736259
2026-08-26T11:52:44.297-04:00,-11.718750,-102.764175
2026-08-26T11:52:44.297-04:00,-11.523438,-114.010040
2026-08-26T11:52:44.297-04:00,-11.328125,-104.554962
2026-08-26T11:52:44.297-04:00,-11.132812,-100.182129
2026-08-26T11:52:44.297-04:00,-10.937500,-101.046814
2026-08-26T11:52:44.297-04:00,-10.742188,-104.781960
2026-08-26T11:52:44.297-04:00,-10.546875,-100.210129
2026-08-26T11:52:44.297-04:00,-10.351562,-100.123962
2026-08-26T11:52:44.297-04:00,-10.156250,-107.490395
2026-08-26T11:52:44.297-04:00,-9.960938,-105.707207
2026-08-26T11:52:44.297-04:00,-9.765625,-112.269943
2026-08-26T11:52:44.297-04:00,-9.570312,-103.269531
2026-08-26T11:52:44.297-04:00,-9.375000,-101.224350
2026-08-26T11:52:44.297-04:00,-9.179688,-100.665710
2026-08-26T11:52:44.297-04:00,-8.984375,-101.960335
2026-08-26T11:52:44.297-04:00,-8.789062,-104.029907
2026-08-26T11:52:44.297-04:00,-8.593750,-98.792427
2026-08-26T11:52:44.297-04:00,-8.398438,-97.891388
2026-08-26T11:52:44.297-04:00,-8.203125,-104.905884
2026-08-26T11:52:44.297-04:00,-8.007812,-111.779373
2026-08-26T11:52:44.297-04:00,-7.812500,-124.251038
2026-08-26T11:52:44.297-04:00,-7.617188,-103.304001
2026-08-26T11:52:44.297-04:00,-7.421875,-100.347710
2026-08-26T11:52:44.297-04:00,-7.226562,-97.595825
2026-08-26T11:52:44.297-04:00,-7.031250,-97.058624
2026-08-26T11:52:44.297-04:00,-6.835938,-104.063644
2026-08-26T11:52:44.297-04:00,-6.640625,-97.676613
2026-08-26T11:52:44.297-04:00,-6.445312,-97.429092
2026-08-26T11:52:44.297-04:00,-6.250000,-98.858635
2026-08-26T11:52:44.297-04:00,-6.054688,-95.416939
2026-08-26T11:52:44.297-04:00,-5.859375,-101.447067
2026-08-26T11:52:44.297-04:00,-5.664062,-102.089264
2026-08-26T11:52:44.297-04:00,-5.468750,-97.406189
2026-08-26T11:52:44.297-04:00,-5.273438,-95.764351
2026-08-26T11:52:44.297-04:00,-5.078125,-96.353470
2026-08-26T11:52:44.297-04:00,-4.882812,-99.484856
2026-08-26T11:52:44.297-04:00,-4.687500,-91.551674
2026-08-26T11:52:44.297-04:00,-4.492188,-89.409706
2026-08-26T11:52:44.297-04:00,-4.296875,-92.648628
2026-08-26T11:52:44.297-04:00,-4.101562,-95.182877
2026-08-26T11:52:44.297-04:00,-3.906250,-88.466003
2026-08-26T11:52:44.297-04:00,-3.710938,-94.578491
2026-08-26T11:52:44.297-04:00,-3.515625,-92.001427
2026-08-26T11:52:44.297-04:00,-3.320312,-86.305359
2026-08-26T11:52:44.297-04:00,-3.125000,-92.104805
2026-08-26T11:52:44.297-04:00,-2.929688,-89.402039
2026-08-26T11:52:44.297-04:00,-2.734375,-85.460693
2026-08-26T11:52:44.297-04:00,-2.539062,-95.071045
2026-08-26T11:52:44.297-04:00,-2.343750,-85.293312
2026-08-26T11:52:44.297-04:00,-2.148438,-84.248314
2026-08-26T11:52:44.297-04:00,-1.953125,-85.307053
2026-08-26T11:52:44.297-04:00,-1.757812,-80.659073
2026-08-26T11:52:44.297-04:00,-1.562500,-80.765045
2026-08-26T11:52:44.297-04:00,-1.367188,-79.903503
2026-08-26T11:52:44.297-04:00,-1.171875,-87.953873
2026-08-26T11:52:44.297-04:00,-0.976562,-85.941124
2026-08-26T11:52:44.297-04:00,-0.781250,-85.251892
2026-08-26T11:52:44.297-04:00,-0.585938,-72.165009
2026-08-26T11:52:44.297-04:00,-0.390625,-60.620384
2026-08-26T11:52:44.297-04:00,-0.195312,-58.747726
2026-08-26T11:52:44.297-04:00,0.000000,-62.801567
2026-08-26T11:52:44.297-04:00,0.195312,-58.747726
2026-08-26T11:52:44.297-04:00,0.390625,-60.620384
2026-08-26T11:52:44.297-04:00,0.585938,-72.165009
2026-08-26T11:52:44.297-04:00,0.781250,-85.251892
2026-08-26T11:52:44.297-04:00,0.976562,-85.941124
2026-08-26T11:52:44.297-04:00,1.171875,-87.953873
2026-08-26T11:52:44.297-04:00,1.367188,-79.903503
2026-08-26T11:52:44.297-04:00,1.562500,-80.765045
2026-08-26T11:52:44.297-04:00,1.757812,-80.659073
2026-08-26T11:52:44.297-04:00,1.953125,-85.307053
2026-08-26T11:52:44.297-04:00,2.148438,-84.248314
2026-08-26T11:52:44.297-04:00,2.343750,-85.293312
2026-08-26T11:52:44.297-04:00,2.539062,-95.071045
2026-08-26T11:52:44.297-04:00,2.734375,-85.460693
2026-08-26T11:52:44.297-04:00,2.929688,-89.402039
2026-08-26T11:52:44.297-04:00,3.125000,-92.104805
2026-08-26T11:52:44.297-04:00,3.320312,-86.305359
2026-08-26T11:52:44.297-04:00,3.515625,-92.001427
2026-08-26T11:52:44.297-04:00,3.710938,-94.578491
2026-08-26T11:52:44.297-04:00,3.906250,-88.466003
2026-08-26T11:52:44.297-04:00,4.101562,-95.182877
2026-08-26T11:52:44.297-04:00,4.296875,-92.648628
2026-08-26T11:52:44.297-04:00,4.492188,-89.409706
2026-08-26T11:52:44.297-04:00,4.687500,-91.551674
2026-08-26T11:52:44.297-04:00,4.882812,-99.484856
2026-08-26T11:52:44.297-04:00,5.078125,-96.353470
2026-08-26T11:52:44.297-04:00,5.273438,-95.764351
2026-08-26T11:52:44.297-04:00,5.468750,-97.406189
2026-08-26T11:52:44.297-04:00,5.664062,-102.089264
2026-08-26T11:52:44.297-04:00,5.859375,-101.447067
2026-08-26T11:52:44.297-04:00,6.054688,-95.416939
2026-08-26T11:52:44.297-04:00,6.250000,-98.858635
2026-08-26T11:52:44.297-04:00,6.445312,-97.429092
2026-08-26T11:52:44.297-04:00,6.640625,-97.676613
2026-08-26T11:52:44.297-04:00,6.835938,-104.063644
2026-08-26T11:52:44.297-04:00,7.031250,-97.058624
2026-08-26T11:52:44.297-04:00,7.226562,-97.595825
2026-08-26T11:52:44.297-04:00,7.421875,-100.347710
2026-08-26T11:52:44.297-04:00,7.617188,-103.304001
2026-08-26T11:52:44.297-04:00,7.812500,-124.251038
2026-08-26T11:52:44.297-04:00,8.007812,-111.779373
2026-08-26T11:52:44.297-04:00,8.203125,-104.905884
2026-08-26T11:52:44.297-04:00,8.398438,-97.891388
2026-08-26T11:52:44.297-04:00,8.593750,-98.792427
2026-08-26T11:52:44.297-04:00,8.789062,-104.029907
2026-08-26T11:52:44.297-04:00,8.984375,-101.960335
2026-08-26T11:52:44.297-04:00,9.179688,-100.665710
2026-08-26T11:52:44.297-04:00,9.375000,-101.224350
2026-08-26T11:52:44.297-04:00,9.570312,-103.269531
2026-08-26T11:52:44.297-04:00,9.765625,-112.269943
2026-08-26T11:52:44.297-04:00,9.960938,-105.707207
2026-08-26T11:52:44.297-04:00,10.156250,-107.490395
2026-08-26T11:52:44.297-04:00,10.351562,-100.123962
2026-08-26T11:52:44.297-04:00,10.546875,-100.210129
2026-08-26T11:52:44.297-04:00,10.742188,-104.781960
2026-08-26T11:52:44.297-04:00,10.937500,-101.046814
2026-08-26T11:52:44.297-04:00,11.132812,-100.182129
2026-08-26T11:52:44.297-04:00,11.328125,-104.554962
2026-08-26T11:52:44.297-04:00,11.523438,-114.010040
2026-08-26T11:52:44.297-04:00,11.718750,-102.764175
2026-08-26T11:52:44.297-04:00,11.914062,-96.736259
2026-08-26T11:52:44.297-04:00,12.109375,-94.602859
2026-08-26T11:52:44.297-04:00,12.304688,-96.611771
2026-08-26T11:52:44.297-04:00,12.500000,-103.277702
2026-08-26T11:52:44.297-04:00,12.695312,-104.018700
2026-08-26T11:52:44.297-04:00,12.890625,-104.389923
2026-08-26T11:52:44.297-04:00,13.085938,-128.210327
2026-08-26T11:52:44.297-04:00,13.281250,-106.079315
2026-08-26T11:52:44.297-04:00,13.476562,-107.118118
2026-08-26T11:52:44.297-04:00,13.671875,-107.209816
2026-08-26T11:52:44.297-04:00,13.867188,-112.202873
2026-08-26T11:52:44.297-04:00,14.062500,-106.554405
2026-08-26T11:52:44.297-04:00,14.257812,-105.277542
2026-08-26T11:52:44.297-04:00,14.453125,-104.966698
2026-08-26T11:52:44.297-04:00,14.648438,-104.853806
2026-08-26T11:52:44.297-04:00,14.843750,-105.672211
2026-08-26T11:52:44.297-04:00,15.039062,-104.563095
2026-08-26T11:52:44.297-04:00,15.234375,-102.591438
2026-08-26T11:52:44.297-04:00,15.429688,-104.742661
2026-08-26T11:52:44.297-04:00,15.625000,-107.510559
2026-08-26T11:52:44.297-04:00,15.820312,-105.432747
2026-08-26T11:52:44.297-04:00,16.015625,-101.173691
2026-08-26T11:52:44.297-04:00,16.210938,-101.168640
2026-08-26T11:52:44.297-04:00,16.406250,-107.283340
2026-08-26T11:52:44.297-04:00,16.601562,-112.115585
2026-08-26T11:52:44.297-04:00,16.796875,-107.824081
2026-08-26T11:52:44.297-04:00,16.992188,-104.488335
2026-08-26T11:52:44.297-04:00,17.187500,-106.509254
2026-08-26T11:52:44.297-04:00,17.382812,-113.247665
2026-08-26T11:52:44.297-04:00,17.578125,-115.302879
2026-08-26T11:52:44.297-04:00,17.773438,-112.352676
2026-08-26T11:52:44.297-04:00,17.968750,-102.796692
2026-08-26T11:52:44.297-04:00,18.164062,-101.156174
2026-08-26T11:52:44.297-04:00,18.359375,-102.852020
2026-08-26T11:52:44.297-04:00,18.554688,-105.598076
2026-08-26T11:52:44.297-04:00,18.750000,-110.162766
2026-08-26T11:52:44.297-04:00,18.945312,-111.882324
2026-08-26T11:52:44.297-04:00,19.140625,-110.537712
2026-08-26T11:52:44.297-04:00,19.335938,-112.148476
2026-08-26T11:52:44.297-04:00,19.531250,-120.228088
2026-08-26T11:52:44.297-04:00,19.726562,-117.139099
2026-08-26T11:52:44.297-04:00,19.921875,-112.693069
2026-08-26T11:52:44.843-04:00,-19.921875,-116.759125
2026-08-26T11:52:44.843-04:00,-19.726562,-116.617363
2026-08-26T11:52:44.843-04:00,-19.531250,-117.596863
2026-08-26T11:52:44.843-04:00,-19.335938,-111.432068
2026-08-26T11:52:44.843-04:00,-19.140625,-113.403381
2026-08-26T11:52:44.843-04:00,-18.945312,-114.579559
2026-08-26T11:52:44.843-04:00,-18.750000,-110.646561
2026-08-26T11:52:44.843-04:00,-18.554688,-105.480957
2026-08-26T11:52:44.843-04:00,-18.359375,-102.151993
2026-08-26T11:52:44.843-04:00,-18.164062,-101.324806
2026-08-26T11:52:44.843-04:00,-17.968750,-103.141296
2026-08-26T11:52:44.843-04:00,-17.773438,-109.849945
2026-08-26T11:52:44.843-04:00,-17.578125,-112.868652
2026-08-26T11:52:44.843-04:00,-17.382812,-108.740143
2026-08-26T11:52:44.843-04:00,-17.187500,-105.340416
2026-08-26T11:52:44.843-04:00,-16.992188,-104.246536
2026-08-26T11:52:44.843-04:00,-16.796875,-104.503006
2026-08-26T11:52:44.843-04:00,-16.601562,-104.625893
2026-08-26T11:52:44.843-04:00,-16.406250,-102.289818
2026-08-26T11:52:44.843-04:00,-16.210938,-100.236267
2026-08-26T11:52:44.843-04:00,-16.015625,-102.678711
2026-08-26T11:52:44.843-04:00,-15.820312,-114.398621
2026-08-26T11:52:44.843-04:00,-15.625000,-115.581772
2026-08-26T11:52:44.843-04:00,-15.429688,-110.462418
2026-08-26T11:52:44.843-04:00,-15.234375,-101.948837
2026-08-26T11:52:44.843-04:00,-15.039062,-100.145683
2026-08-26T11:52:44.843-04:00,-14.843750,-100.888435
2026-08-26T11:52:44.843-04:00,-14.648438,-102.485344
2026-08-26T11:52:44.843-04:00,-14.453125,-107.161041
2026-08-26T11:52:44.843-04:00,-14.257812,-106.698387
2026-08-26T11:52:44.843-04:00,-14.062500,-103.125961
2026-08-26T11:52:44.843-04:00,-13.867188,-103.744751
2026-08-26T11:52:44.843-04:00,-13.671875,-108.057098
2026-08-26T11:52:44.843-04:00,-13.476562,-113.517845
2026-08-26T11:52:44.843-04:00,-13.281250,-104.492050
2026-08-26T11:52:44.843-04:00,-13.085938,-104.687050
2026-08-26T11:52:44.843-04:00,-12.890625,-104.053352
2026-08-26T11:52:44.843-04:00,-12.695312,-110.712166
2026-08-26T11:52:44.843-04:00,-12.500000,-111.460045
2026-08-26T11:52:44.843-04:00,-12.304688,-99.451324
2026-08-26T11:52:44.843-04:00,-12.109375,-95.472046
2026-08-26T11:52:44.843-04:00,-11.914062,-95.883598
2026-08-26T11:52:44.843-04:00,-11.718750,-100.578011
2026-08-26T11:52:44.843-04:00,-11.523438,-110.157692
2026-08-26T11:52:44.843-04:00,-11.328125,-105.809998
2026-08-26T11:52:44.843-04:00,-11.132812,-100.247383
2026-08-26T11:52:44.843-04:00,-10.937500,-101.513374
2026-08-26T11:52:44.843-04:00,-10.742188,-114.635010
2026-08-26T11:52:44.843-04:00,-10.546875,-101.353180
2026-08-26T11:52:44.843-04:00,-10.351562,-98.608635
2026-08-26T11:52:44.843-04:00,-10.156250,-99.698677
2026-08-26T11:52:44.843-04:00,-9.960938,-103.187073
2026-08-26T11:52:44.843-04:00,-9.765625,-108.952797
2026-08-26T11:52:44.843-04:00,-9.570312,-106.444046
2026-08-26T11:52:44.843-04:00,-9.375000,-103.095184
2026-08-26T11:52:44.843-04:00,-9.179688,-101.220474
2026-08-26T11:52:44.843-04:00,-8.984375,-105.931839
2026-08-26T11:52:44.843-04:00,-8.789062,-119.594650
2026-08-26T11:52:44.843-04:00,-8.593750,-101.632614
2026-08-26T11:52:44.843-04:00,-8.398438,-97.043243
2026-08-26T11:52:44.843-04:00,-8.203125,-98.493073
2026-08-26T11:52:44.843-04:00,-8.007812,-101.821701
2026-08-26T11:52:44.843-04:00,-7.812500,-102.671463
2026-08-26T11:52:44.843-04:00,-7.617188,-98.953621
2026-08-26T11:52:44.843-04:00,-7.421875,-96.496628
2026-08-26T11:52:44.843-04:00,-7.226562,-96.497009
2026-08-26T11:52:44.843-04:00,-7.031250,-99.287125
2026-08-26T11:52:44.843-04:00,-6.835938,-104.871185
2026-08-26T11:52:44.843-04:00,-6.640625,-98.994987
2026-08-26T11:52:44.843-04:00,-6.445312,-95.233902
2026-08-26T11:52:44.843-04:00,-6.250000,-94.434158
2026-08-26T11:52:44.843-04:00,-6.054688,-95.073807
2026-08-26T11:52:44.843-04:00,-5.859375,-100.330719
2026-08-26T11:52:44.843-04:00,-5.664062,-101.371475
2026-08-26T11:52:44.843-04:00,-5.468750,-97.957222
2026-08-26T11:52:44.843-04:00,-5.273438,-96.555573
2026-08-26T11:52:44.843-04:00,-5.078125,-97.713234
2026-08-26T11:52:44.843-04:00,-4.882812,-101.403435
2026-08-26T11:52:44.843-04:00,-4.687500,-92.048386
2026-08-26T11:52:44.843-04:00,-4.492188,-88.252625
2026-08-26T11:52:44.843-04:00,-4.296875,-89.757393
2026-08-26T11:52:44.843-04:00,-4.101562,-90.630913
2026-08-26T11:52:44.843-04:00,-3.906250,-86.777863
2026-08-26T11:52:44.843-04:00,-3.710938,-89.840172
2026-08-26T11:52:44.843-04:00,-3.515625,-89.610588
2026-08-26T11:52:44.843-04:00,-3.320312,-86.090965
2026-08-26T11:52:44.843-04:00,-3.125000,-85.761833
2026-08-26T11:52:44.843-04:00,-2.929688,-85.108185
2026-08-26T11:52:44.843-04:00,-2.734375,-84.912498
2026-08-26T11:52:44.843-04:00,-2.539062,-87.710838
2026-08-26T11:52:44.843-04:00,-2.343750,-82.910690
2026-08-26T11:52:44.843-04:00,-2.148438,-79.050209
2026-08-26T11:52:44.843-04:00,-1.953125,-77.490913
2026-08-26T11:52:44.843-04:00,-1.757812,-76.117973
2026-08-26T11:52:44.843-04:00,-1.562500,-76.112190
2026-08-26T11:52:44.843-04:00,-1.367188,-77.178581
2026-08-26T11:52:44.843-04:00,-1.171875,-80.572350
2026-08-26T11:52:44.843-04:00,-0.976562,-83.341660
2026-08-26T11:52:44.843-04:00,-0.781250,-87.521118
2026-08-26T11:52:44.843-04:00,-0.585938,-70.699394
2026-08-26T11:52:44.843-04:00,-0.390625,-60.119648
2026-08-26T11:52:44.843-04:00,-0.195312,-56.420540
2026-08-26T11:52:44.843-04:00,0.000000,-56.074871
2026-08-26T11:52:44.843-04:00,0.195312,-56.420540
2026-08-26T11:52:44.843-04:00,0.390625,-60.119648
2026-08-26T11:52:44.843-04:00,0.585938,-70.699394
2026-08-26T11:52:44.843-04:00,0.781250,-87.521118
2026-08-26T11:52:44.843-04:00,0.976562,-83.341660
2026-08-26T11:52:44.843-04:00,1.171875,-80.572350
2026-08-26T11:52:44.843-04:00,1.367188,-77.178581
2026-08-26T11:52:44.843-04:00,1.562500,-76.112190
2026-08-26T11:52:44.843-04:00,1.757812,-76.117973
2026-08-26T11:52:44.843-04:00,1.953125,-77.490913
2026-08-26T11:52:44.843-04:00,2.148438,-79.050209
2026-08-26T11:52:44.843-04:00,2.343750,-82.910690
2026-08-26T11:52:44.843-04:00,2.539062,-87.710838
2026-08-26T11:52:44.843-04:00,2.734375,-84.912498
2026-08-26T11:52:44.843-04:00,2.929688,-85.108185
2026-08-26T11:52:44.843-04:00,3.125000,-85.761833
2026-08-26T11:52:44.843-04:00,3.320312,-86.090965
2026-08-26T11:52:44.843-04:00,3.515625,-89.610588
2026-08-26T11:52:44.843-04:00,3.710938,-89.840172
2026-08-26T11:52:44.843-04:00,3.906250,-86.777863
2026-08-26T11:52:44.843-04:00,4.101562,-90.630913
2026-08-26T11:52:44.843-04:00,4.296875,-89.757393
2026-08-26T11:52:44.843-04:00,4.492188,-88.252625
2026-08-26T11:52:44.843-04:00,4.687500,-92.048386
2026-08-26T11:52:44.843-04:00,4.882812,-101.403435
2026-08-26T11:52:44.843-04:00,5.078125,-97.713234
2026-08-26T11:52:44.843-04:00,5.273438,-96.555573
2026-08-26T11:52:44.843-04:00,5.468750,-97.957222
2026-08-26T11:52:44.843-04:00,5.664062,-101.371475
2026-08-26T11:52:44.843-04:00,5.859375,-100.330719
2026-08-26T11:52:44.843-04:00,6.054688,-95.073807
2026-08-26T11:52:44.843-04:00,6.250000,-94.434158
2026-08-26T11:52:44.843-04:00,6.445312,-95.233902
2026-08-26T11:52:44.843-04:00,6.640625,-98.994987
2026-08-26T11:52:44.843-04:00,6.835938,-104.871185
2026-08-26T11:52:44.843-04:00,7.031250,-99.287125
2026-08-26T11:52:44.843-04:00,7.226562,-96.497009
2026-08-26T11:52:44.843-04:00,7.421875,-96.496628
2026-08-26T11:52:44.843-04:00,7.617188,-98.953621
2026-08-26T11:52:44.843-04:00,7.812500,-102.671463
2026-08-26T11:52:44.843-04:00,8.007812,-101.821701
2026-08-26T11:52:44.843-04:00,8.203125,-98.493073
2026-08-26T11:52:44.843-04:00,8.398438,-97.043243
2026-08-26T11:52:44.843-04:00,8.593750,-101.632614
2026-08-26T11:52:44.843-04:00,8.789062,-119.594650
2026-08-26T11:52:44.843-04:00,8.984375,-105.931839
2026-08-26T11:52:44.843-04:00,9.179688,-101.220474
2026-08-26T11:52:44.843-04:00,9.375000,-103.095184
2026-08-26T11:52:44.843-04:00,9.570312,-106.444046
2026-08-26T11:52:44.843-04:00,9.765625,-108.952797
2026-08-26T11:52:44.843-04:00,9.960938,-103.187073
2026-08-26T11:52:44.843-04:00,10.156250,-99.698677
2026-08-26T11:52:44.843-04:00,10.351562,-98.608635
2026-08-26T11:52:44.843-04:00,10.546875,-101.353180
2026-08-26T11:52:44.843-04:00,10.742188,-114.635010
2026-08-26T11:52:44.843-04:00,10.937500,-101.513374
2026-08-26T11:52:44.843-04:00,11.132812,-100.247383
2026-08-26T11:52:44.843-04:00,11.328125,-105.809998
2026-08-26T11:52:44.843-04:00,11.523438,-110.157692
2026-08-26T11:52:44.843-04:00,11.718750,-100.578011
2026-08-26T11:52:44.843-04:00,11.914062,-95.883598
2026-08-26T11:52:44.843-04:00,12.109375,-95.472046
2026-08-26T11:52:44.843-04:00,12.304688,-99.451324
2026-08-26T11:52:44.843-04:00,12.500000,-111.460045
2026-08-26T11:52:44.843-04:00,12.695312,-110.712166
2026-08-26T11:52:44.843-04:00,12.890625,-104.053352
2026-08-26T11:52:44.843-04:00,13.085938,-104.687050
2026-08-26T11:52:44.843-04:00,13.281250,-104.492050
2026-08-26T11:52:44.843-04:00,13.476562,-113.517845
2026-08-26T11:52:44.843-04:00,13.671875,-108.057098
2026-08-26T11:52:44.843-04:00,13.867188,-103.744751
2026-08-26T11:52:44.843-04:00,14.062500,-103.125961
2026-08-26T11:52:44.843-04:00,14.257812,-106.698387
2026-08-26T11:52:44.843-04:00,14.453125,-107.161041
2026-08-26T11:52:44.843-04:00,14.648438,-102.485344
2026-08-26T11:52:44.843-04:00,14.843750,-100.888435
2026-08-26T11:52:44.843-04:00,15.039062,-100.145683
2026-08-26T11:52:44.843-04:00,15.234375,-101.948837
2026-08-26T11:52:44.843-04:00,15.429688,-110.462418
2026-08-26T11:52:44.843-04:00,15.625000,-115.581772
2026-08-26T11:52:44.843-04:00,15.820312,-114.398621
2026-08-26T11:52:44.843-04:00,16.015625,-102.678711
2026-08-26T11:52:44.843-04:00,16.210938,-100.236267
2026-08-26T11:52:44.843-04:00,16.406250,-102.289818
2026-08-26T11:52:44.843-04:00,16.601562,-104.625893
2026-08-26T11:52:44.843-04:00,16.796875,-104.503006
2026-08-26T11:52:44.843-04:00,16.992188,-104.246536
2026-08-26T11:52:44.843-04:00,17.187500,-105.340416
2026-08-26T11:52:44.843-04:00,17.382812,-108.740143
2026-08-26T11:52:44.843-04:00,17.578125,-112.868652
2026-08-26T11:52:44.843-04:00,17.773438,-109.849945
2026-08-26T11:52:44.843-04:00,17.968750,-103.141296
2026-08-26T11:52:44.843-04:00,18.164062,-101.324806
2026-08-26T11:52:44.843-04:00,18.359375,-102.151993
2026-08-26T11:52:44.843-04:00,18.554688,-105.480957
2026-08-26T11:52:44.843-04:00,18.750000,-110.646561
2026-08-26T11:52:44.843-04:00,18.945312,-114.579559
2026-08-26T11:52:44.843-04:00,19.140625,-113.403381
2026-08-26T11:52:44.843-04:00,19.335938,-111.432068
2026-08-26T11:52:44.843-04:00,19.531250,-117.596863
2026-08-26T11:52:44.843-04:00,19.726562,-116.617363
2026-08-26T11:52:44.843-04:00,19.921875,-116.759125
2026-08-26T11:52:45.389-04:00,-19.921875,-122.859283
2026-08-26T11:52:45.389-04:00,-19.726562,-114.711594
2026-08-26T11:52:45.389-04:00,-19.531250,-111.038071
2026-08-26T11:52:45.389-04:00,-19.335938,-109.634277
2026-08-26T11:52:45.389-04:00,-19.140625,-116.887436
2026-08-26T11:52:45.389-04:00,-18.945312,-118.647156
2026-08-26T11:52:45.389-04:00,-18.750000,-120.297997
2026-08-26T11:52:45.389-04:00,-18.554688,-107.610199
2026-08-26T11:52:45.389-04:00,-18.359375,-104.542465
2026-08-26T11:52:45.389-04:00,-18.164062,-105.182114
2026-08-26T11:52:45.389-04:00,-17.968750,-104.303146
2026-08-26T11:52:45.389-04:00,-17.773438,-107.193687
2026-08-26T11:52:45.389-04:00,-17.578125,-112.684700
2026-08-26T11:52:45.389-04:00,-17.382812,-109.971710
2026-08-26T11:52:45.389-04:00,-17.187500,-106.192749
2026-08-26T11:52:45.389-04:00,-16.992188,-108.141975
2026-08-26T11:52:45.389-04:00,-16.796875,-105.796860
2026-08-26T11:52:45.389-04:00,-16.601562,-103.380844
2026-08-26T11:52:45.389-04:00,-16.406250,-102.187080
2026-08-26T11:52:45.389-04:00,-16.210938,-100.801865
2026-08-26T11:52:45.389-04:00,-16.015625,-103.799896
2026-08-26T11:52:45.389-04:00,-15.820312,-112.817726
2026-08-26T11:52:45.389-04:00,-15.625000,-117.146927
2026-08-26T11:52:45.389-04:00,-15.429688,-111.927658
2026-08-26T11:52:45.389-04:00,-15.234375,-101.399956
2026-08-26T11:52:45.389-04:00,-15.039062,-99.018616
2026-08-26T11:52:45.389-04:00,-14.843750,-100.946930
2026-08-26T11:52:45.389-04:00,-14.648438,-102.918900
2026-08-26T11:52:45.389-04:00,-14.453125,-108.337646
2026-08-26T11:52:45.389-04:00,-14.257812,-107.278229
2026-08-26T11:52:45.389-04:00,-14.062500,-100.845268
2026-08-26T11:52:45.389-04:00,-13.867188,-100.745605
2026-08-26T11:52:45.389-04:00,-13.671875,-104.112915
2026-08-26T11:52:45.389-04:00,-13.476562,-105.573494
2026-08-26T11:52:45.389-04:00,-13.281250,-102.054359
2026-08-26T11:52:45.389-04:00,-13.085938,-100.531906
2026-08-26T11:52:45.389-04:00,-12.890625,-102.732964
2026-08-26T11:52:45.389-04:00,-12.695312,-111.004066
2026-08-26T11:52:45.389-04:00,-12.500000,-112.918442
2026-08-26T11:52:45.389-04:00,-12.304688,-101.596329
2026-08-26T11:52:45.389-04:00,-12.109375,-98.634964
2026-08-26T11:52:45.389-04:00,-11.914062,-97.509033
2026-08-26T11:52:45.389-04:00,-11.718750,-98.466331
2026-08-26T11:52:45.389-04:00,-11.523438,-104.421616
2026-08-26T11:52:45.389-04:00,-11.328125,-113.728729
2026-08-26T11:52:45.389-04:00,-11.132812,-99.728203
2026-08-26T11:52:45.389-04:00,-10.937500,-99.563370
2026-08-26T11:52:45.389-04:00,-10.742188,-103.447578
2026-08-26T11:52:45.389-04:00,-10.546875,-102.758209
2026-08-26T11:52:45.389-04:00,-10.351562,-99.140923
2026-08-26T11:52:45.389-04:00,-10.156250,-97.508347
2026-08-26T11:52:45.389-04:00,-9.960938,-99.084534
2026-08-26T11:52:45.389-04:00,-9.765625,-103.173065
2026-08-26T11:52:45.389-04:00,-9.570312,-115.210503
2026-08-26T11:52:45.389-04:00,-9.375000,-107.014015
2026-08-26T11:52:45.389-04:00,-9.179688,-102.698013
2026-08-26T11:52:45.389-04:00,-8.984375,-106.569107
2026-08-26T11:52:45.389-04:00,-8.789062,-116.077225
2026-08-26T11:52:45.389-04:00,-8.593750,-103.168602
2026-08-26T11:52:45.389-04:00,-8.398438,-97.005142
2026-08-26T11:52:45.389-04:00,-8.203125,-95.432053
2026-08-26T11:52:45.389-04:00,-8.007812,-96.625961
2026-08-26T11:52:45.389-04:00,-7.812500,-98.239433
2026-08-26T11:52:45.389-04:00,-7.617188,-97.488495
2026-08-26T11:52:45.389-04:00,-7.421875,-95.883751
2026-08-26T11:52:45.389-04:00,-7.226562,-98.381058
2026-08-26T11:52:45.389-04:00,-7.031250,-104.348999
2026-08-26T11:52:45.389-04:00,-6.835938,-102.024155
2026-08-26T11:52:45.389-04:00,-6.640625,-98.475197
2026-08-26T11:52:45.389-04:00,-6.445312,-95.942963
2026-08-26T11:52:45.389-04:00,-6.250000,-94.980888
2026-08-26T11:52:45.389-04:00,-6.054688,-95.647774
2026-08-26T11:52:45.389-04:00,-5.859375,-98.258636
2026-08-26T11:52:45.389-04:00,-5.664062,-99.420868
2026-08-26T11:52:45.389-04:00,-5.468750,-102.122719
2026-08-26T11:52:45.389-04:00,-5.273438,-101.792610
2026-08-26T11:52:45.389-04:00,-5.078125,-96.468132
2026-08-26T11:52:45.389-04:00,-4.882812,-95.926910
2026-08-26T11:52:45.389-04:00,-4.687500,-94.478165
2026-08-26T11:52:45.389-04:00,-4.492188,-88.970535
2026-08-26T11:52:45.389-04:00,-4.296875,-86.178116
2026-08-26T11:52:45.389-04:00,-4.101562,-84.979385
2026-08-26T11:52:45.389-04:00,-3.906250,-84.480713
2026-08-26T11:52:45.389-04:00,-3.710938,-87.080338
2026-08-26T11:52:45.389-04:00,-3.515625,-90.864456
2026-08-26T11:52:45.389-04:00,-3.320312,-87.412735
2026-08-26T11:52:45.389-04:00,-3.125000,-84.531258
2026-08-26T11:52:45.389-04:00,-2.929688,-84.311752
2026-08-26T11:52:45.389-04:00,-2.734375,-86.225502
2026-08-26T11:52:45.389-04:00,-2.539062,-85.117050
2026-08-26T11:52:45.389-04:00,-2.343750,-80.539925
2026-08-26T11:52:45.389-04:00,-2.148438,-76.837173
2026-08-26T11:52:45.389-04:00,-1.953125,-74.933701
2026-08-26T11:52:45.389-04:00,-1.757812,-74.767212
2026-08-26T11:52:45.389-04:00,-1.562500,-76.299965
2026-08-26T11:52:45.389-04:00,-1.367188,-77.380722
2026-08-26T11:52:45.389-04:00,-1.171875,-76.819740
2026-08-26T11:52:45.389-04:00,-0.976562,-77.987762
2026-08-26T11:52:45.389-04:00,-0.781250,-81.924454
2026-08-26T11:52:45.389-04:00,-0.585938,-67.915253
2026-08-26T11:52:45.389-04:00,-0.390625,-59.441242
2026-08-26T11:52:45.389-04:00,-0.195312,-56.105824
2026-08-26T11:52:45.389-04:00,0.000000,-55.473785
2026-08-26T11:52:45.389-04:00,0.195312,-56.105824
2026-08-26T11:52:45.389-04:00,0.390625,-59.441242
2026-08-26T11:52:45.389-04:00,0.585938,-67.915253
2026-08-26T11:52:45.389-04:00,0.781250,-81.924454
2026-08-26T11:52:45.389-04:00,0.976562,-77.987762
2026-08-26T11:52:45.389-04:00,1.171875,-76.819740
2026-08-26T11:52:45.389-04:00,1.367188,-77.380722
2026-08-26T11:52:45.389-04:00,1.562500,-76.299965
2026-08-26T11:52:45.389-04:00,1.757812,-74.767212
2026-08-26T11:52:45.389-04:00,1.953125,-74.933701
2026-08-26T11:52:45.389-04:00,2.148438,-76.837173
2026-08-26T11:52:45.389-04:00,2.343750,-80.539925
2026-08-26T11:52:45.389-04:00,2.539062,-85.117050
2026-08-26T11:52:45.389-04:00,2.734375,-86.225502
2026-08-26T11:52:45.389-04:00,2.929688,-84.311752
2026-08-26T11:52:45.389-04:00,3.125000,-84.531258
2026-08-26T11:52:45.389-04:00,3.320312,-87.412735
2026-08-26T11:52:45.389-04:00,3.515625,-90.864456
2026-08-26T11:52:45.389-04:00,3.710938,-87.080338
2026-08-26T11:52:45.389-04:00,3.906250,-84.480713
2026-08-26T11:52:45.389-04:00,4.101562,-84.979385
2026-08-26T11:52:45.389-04:00,4.296875,-86.178116
2026-08-26T11:52:45.389-04:00,4.492188,-88.970535
2026-08-26T11:52:45.389-04:00,4.687500,-94.478165
2026-08-26T11:52:45.389-04:00,4.882812,-95.926910
2026-08-26T11:52:45.389-04:00,5.078125,-96.468132
2026-08-26T11:52:45.389-04:00,5.273438,-101.792610
2026-08-26T11:52:45.389-04:00,5.468750,-102.122719
2026-08-26T11:52:45.389-04:00,5.664062,-99.420868
2026-08-26T11:52:45.389-04:00,5.859375,-98.258636
2026-08-26T11:52:45.389-04:00,6.054688,-95.647774
2026-08-26T11:52:45.389-04:00,6.250000,-94.980888
2026-08-26T11:52:45.389-04:00,6.445312,-95.942963
2026-08-26T11:52:45.389-04:00,6.640625,-98.475197
2026-08-26T11:52:45.389-04:00,6.835938,-102.024155
2026-08-26T11:52:45.389-04:00,7.031250,-104.348999
2026-08-26T11:52:45.389-04:00,7.226562,-98.381058
2026-08-26T11:52:45.389-04:00,7.421875,-95.883751
2026-08-26T11:52:45.389-04:00,7.617188,-97.488495
2026-08-26T11:52:45.389-04:00,7.812500,-98.239433
2026-08-26T11:52:45.389-04:00,8.007812,-96.625961
2026-08-26T11:52:45.389-04:00,8.203125,-95.432053
2026-08-26T11:52:45.389-04:00,8.398438,-97.005142
2026-08-26T11:52:45.389-04:00,8.593750,-103.168602
2026-08-26T11:52:45.389-04:00,8.789062,-116.077225
2026-08-26T11:52:45.389-04:00,8.984375,-106.569107
2026-08-26T11:52:45.389-04:00,9.179688,-102.698013
2026-08-26T11:52:45.389-04:00,9.375000,-107.014015
2026-08-26T11:52:45.389-04:00,9.570312,-115.210503
2026-08-26T11:52:45.389-04:00,9.765625,-103.173065
2026-08-26T11:52:45.389-04:00,9.960938,-99.084534
2026-08-26T11:52:45.389-04:00,10.156250,-97.508347
2026-08-26T11:52:45.389-04:00,10.351562,-99.140923
2026-08-26T11:52:45.389-04:00,10.546875,-102.758209
2026-08-26T11:52:45.389-04:00,10.742188,-103.447578
2026-08-26T11:52:45.389-04:00,10.937500,-99.563370
2026-08-26T11:52:45.389-04:00,11.132812,-99.728203
2026-08-26T11:52:45.389-04:00,11.328125,-113.728729
2026-08-26T11:52:45.389-04:00,11.523438,-104.421616
2026-08-26T11:52:45.389-04:00,11.718750,-98.466331
2026-08-26T11:52:45.389-04:00,11.914062,-97.509033
2026-08-26T11:52:45.389-04:00,12.109375,-98.634964
2026-08-26T11:52:45.389-04:00,12.304688,-101.596329
2026-08-26T11:52:45.389-04:00,12.500000,-112.918442
2026-08-26T11:52:45.389-04:00,12.695312,-111.004066
2026-08-26T11:52:45.389-04:00,12.890625,-102.732964
2026-08-26T11:52:45.389-04:00,13.085938,-100.531906
2026-08-26T11:52:45.389-04:00,13.281250,-102.054359
2026-08-26T11:52:45.389-04:00,13.476562,-105.573494
2026-08-26T11:52:45.389-04:00,13.671875,-104.112915
2026-08-26T11:52:45.389-04:00,13.867188,-100.745605
2026-08-26T11:52:45.389-04:00,14.062500,-100.845268
2026-08-26T11:52:45.389-04:00,14.257812,-107.278229
2026-08-26T11:52:45.389-04:00,14.453125,-108.337646
2026-08-26T11:52:45.389-04:00,14.648438,-102.918900
2026-08-26T11:52:45.389-04:00,14.843750,-100.946930
2026-08-26T11:52:45.389-04:00,15.039062,-99.018616
2026-08-26T11:52:45.389-04:00,15.234375,-101.399956
2026-08-26T11:52:45.389-04:00,15.429688,-111.927658
2026-08-26T11:52:45.389-04:00,15.625000,-117.146927
2026-08-26T11:52:45.389-04:00,15.820312,-112.817726
2026-08-26T11:52:45.389-04:00,16.015625,-103.799896
2026-08-26T11:52:45.389-04:00,16.210938,-100.801865
2026-08-26T11:52:45.389-04:00,16.406250,-102.187080
2026-08-26T11:52:45.389-04:00,16.601562,-103.380844
2026-08-26T11:52:45.389-04:00,16.796875,-105.796860
2026-08-26T11:52:45.389-04:00,16.992188,-108.141975
2026-08-26T11:52:45.389-04:00,17.187500,-106.192749
2026-08-26T11:52:45.389-04:00,17.382812,-109.971710
2026-08-26T11:52:45.389-04:00,17.578125,-112.684700
2026-08-26T11:52:45.389-04:00,17.773438,-107.193687
2026-08-26T11:52:45.389-04:00,17.968750,-104.303146
2026-08-26T11:52:45.389-04:00,18.164062,-105.182114
2026-08-26T11:52:45.389-04:00,18.359375,-104.542465
2026-08-26T11:52:45.389-04:00,18.554688,-107.610199
2026-08-26T11:52:45.389-04:00,18.750000,-120.297997
2026-08-26T11:52:45.389-04:00,18.945312,-118.647156
2026-08-26T11:52:45.389-04:00,19.140625,-116.887436
2026-08-26T11:52:45.389-04:00,19.335938,-109.634277
2026-08-26T11:52:45.389-04:00,19.531250,-111.038071
2026-08-26T11:52:45.389-04:00,19.726562,-114.711594
2026-08-26T11:52:45.389-04:00,19.921875,-122.859283
2026-08-26T11:52:45.936-04:00,-19.921875,-123.284370
2026-08-26T11:52:45.936-04:00,-19.726562,-115.432899
2026-08-26T11:52:45.936-04:00,-19.531250,-109.185143
2026-08-26T11:52:45.936-04:00,-19.335938,-107.415092
2026-08-26T11:52:45.936-04:00,-19.140625,-109.823273
2026-08-26T11:52:45.936-04:00,-18.945312,-112.238022
2026-08-26T11:52:45.936-04:00,-18.750000,-114.306198
2026-08-26T11:52:45.936-04:00,-18.554688,-107.527191
2026-08-26T11:52:45.936-04:00,-18.359375,-108.213715
2026-08-26T11:52:45.936-04:00,-18.164062,-119.538818
2026-08-26T11:52:45.936-04:00,-17.968750,-106.469688
2026-08-26T11:52:45.936-04:00,-17.773438,-107.461769
2026-08-26T11:52:45.936-04:00,-17.578125,-118.884384
2026-08-26T11:52:45.936-04:00,-17.382812,-112.932846
2026-08-26T11:52:45.936-04:00,-17.187500,-107.117271
2026-08-26T11:52:45.936-04:00,-16.992188,-114.385376
2026-08-26T11:52:45.936-04:00,-16.796875,-107.503014
2026-08-26T11:52:45.936-04:00,-16.601562,-105.520782
2026-08-26T11:52:45.936-04:00,-16.406250,-109.259018
2026-08-26T11:52:45.936-04:00,-16.210938,-102.169464
2026-08-26T11:52:45.936-04:00,-16.015625,-104.624474
2026-08-26T11:52:45.936-04:00,-15.820312,-114.370872
2026-08-26T11:52:45.936-04:00,-15.625000,-112.063225
2026-08-26T11:52:45.936-04:00,-15.429688,-106.272476
2026-08-26T11:52:45.936-04:00,-15.234375,-100.515518
2026-08-26T11:52:45.936-04:00,-15.039062,-99.352951
2026-08-26T11:52:45.936-04:00,-14.843750,-106.952400
2026-08-26T11:52:45.936-04:00,-14.648438,-105.759460
2026-08-26T11:52:45.936-04:00,-14.453125,-103.272240
2026-08-26T11:52:45.936-04:00,-14.257812,-102.252464
2026-08-26T11:52:45.936-04:00,-14.062500,-100.034142
2026-08-26T11:52:45.936-04:00,-13.867188,-100.339386
2026-08-26T11:52:45.936-04:00,-13.671875,-103.598984
2026-08-26T11:52:45.936-04:00,-13.476562,-107.320038
2026-08-26T11:52:45.936-04:00,-13.281250,-101.615715
2026-08-26T11:52:45.936-04:00,-13.085938,-99.259521
2026-08-26T11:52:45.936-04:00,-12.890625,-102.118042
2026-08-26T11:52:45.936-04:00,-12.695312,-108.439705
2026-08-26T11:52:45.936-04:00,-12.500000,-108.597427
2026-08-26T11:52:45.936-04:00,-12.304688,-102.768410
2026-08-26T11:52:45.936-04:00,-12.109375,-105.994720
2026-08-26T11:52:45.936-04:00,-11.914062,-102.511353
2026-08-26T11:52:45.936-04:00,-11.718750,-97.816696
2026-08-26T11:52:45.936-04:00,-11.523438,-99.186668
2026-08-26T11:52:45.936-04:00,-11.328125,-100.757401
2026-08-26T11:52:45.936-04:00,-11.132812,-96.905884
2026-08-26T11:52:45.936-04:00,-10.937500,-98.198151
2026-08-26T11:52:45.936-04:00,-10.742188,-105.878799
2026-08-26T11:52:45.936-04:00,-10.546875,-109.263306
2026-08-26T11:52:45.936-04:00,-10.351562,-102.924690
2026-08-26T11:52:45.936-04:00,-10.156250,-97.943588
2026-08-26T11:52:45.936-04:00,-9.960938,-97.798759
2026-08-26T11:52:45.936-04:00,-9.765625,-100.730095
2026-08-26T11:52:45.936-04:00,-9.570312,-106.534058
2026-08-26T11:52:45.936-04:00,-9.375000,-107.949593
2026-08-26T11:52:45.936-04:00,-9.179688,-104.428062
2026-08-26T11:52:45.936-04:00,-8.984375,-104.041962
2026-08-26T11:52:45.936-04:00,-8.789062,-109.541794
2026-08-26T11:52:45.936-04:00,-8.593750,-103.080978
2026-08-26T11:52:45.936-04:00,-8.398438,-99.170540
2026-08-26T11:52:45.936-04:00,-8.203125,-95.351364
2026-08-26T11:52:45.936-04:00,-8.007812,-95.279022
2026-08-26T11:52:45.936-04:00,-7.812500,-100.376282
2026-08-26T11:52:45.936-04:00,-7.617188,-101.602371
2026-08-26T11:52:45.936-04:00,-7.421875,-96.890144
2026-08-26T11:52:45.936-04:00,-7.226562,-100.112083
2026-08-26T11:52:45.936-04:00,-7.031250,-116.403564
2026-08-26T11:52:45.936-04:00,-6.835938,-105.694008
2026-08-26T11:52:45.936-04:00,-6.640625,-101.363663
2026-08-26T11:52:45.936-04:00,-6.445312,-99.904945
2026-08-26T11:52:45.936-04:00,-6.250000,-100.103981
2026-08-26T11:52:45.936-04:00,-6.054688,-98.084747
2026-08-26T11:52:45.936-04:00,-5.859375,-103.778091
2026-08-26T11:52:45.936-04:00,-5.664062,-101.132492
2026-08-26T11:52:45.936-04:00,-5.468750,-103.046806
2026-08-26T11:52:45.936-04:00,-5.273438,-103.081085
2026-08-26T11:52:45.936-04:00,-5.078125,-96.279716
2026-08-26T11:52:45.936-04:00,-4.882812,-96.072632
2026-08-26T11:52:45.936-04:00,-4.687500,-114.526169
2026-08-26T11:52:45.936-04:00,-4.492188,-90.737671
2026-08-26T11:52:45.936-04:00,-4.296875,-86.225327
2026-08-26T11:52:45.936-04:00,-4.101562,-84.521423
2026-08-26T11:52:45.936-04:00,-3.906250,-83.966049
2026-08-26T11:52:45.936-04:00,-3.710938,-87.198120
2026-08-26T11:52:45.936-04:00,-3.515625,-110.965683
2026-08-26T11:52:45.936-04:00,-3.320312,-90.230446
2026-08-26T11:52:45.936-04:00,-3.125000,-87.029488
2026-08-26T11:52:45.936-04:00,-2.929688,-86.299149
2026-08-26T11:52:45.936-04:00,-2.734375,-93.256775
2026-08-26T11:52:45.936-04:00,-2.539062,-88.903648
2026-08-26T11:52:45.936-04:00,-2.343750,-81.609352
2026-08-26T11:52:45.936-04:00,-2.148438,-78.047058
2026-08-26T11:52:45.936-04:00,-1.953125,-76.094398
2026-08-26T11:52:45.936-04:00,-1.757812,-76.773689
2026-08-26T11:52:45.936-04:00,-1.562500,-81.128159
2026-08-26T11:52:45.936-04:00,-1.367188,-84.114807
2026-08-26T11:52:45.936-04:00,-1.171875,-77.117630
2026-08-26T11:52:45.936-04:00,-0.976562,-74.158607
2026-08-26T11:52:45.936-04:00,-0.781250,-71.902779
2026-08-26T11:52:45.936-04:00,-0.585938,-65.385376
2026-08-26T11:52:45.936-04:00,-0.390625,-59.921432
2026-08-26T11:52:45.936-04:00,-0.195312,-58.560673
2026-08-26T11:52:45.936-04:00,0.000000,-59.651527
2026-08-26T11:52:45.936-04:00,0.195312,-58.560673
2026-08-26T11:52:45.936-04:00,0.390625,-59.921432
2026-08-26T11:52:45.936-04:00,0.585938,-65.385376
2026-08-26T11:52:45.936-04:00,0.781250,-71.902779
2026-08-26T11:52:45.936-04:00,0.976562,-74.158607
2026-08-26T11:52:45.936-04:00,1.171875,-77.117630
2026-08-26T11:52:45.936-04:00,1.367188,-84.114807
2026-08-26T11:52:45.936-04:00,1.562500,-81.128159
2026-08-26T11:52:45.936-04:00,1.757812,-76.773689
2026-08-26T11:52:45.936-04:00,1.953125,-76.094398
2026-08-26T11:52:45.936-04:00,2.148438,-78.047058
2026-08-26T11:52:45.936-04:00,2.343750,-81.609352
2026-08-26T11:52:45.936-04:00,2.539062,-88.903648
2026-08-26T11:52:45.936-04:00,2.734375,-93.256775
2026-08-26T11:52:45.936-04:00,2.929688,-86.299149
2026-08-26T11:52:45.936-04:00,3.125000,-87.029488
2026-08-26T11:52:45.936-04:00,3.320312,-90.230446
2026-08-26T11:52:45.936-04:00,3.515625,-110.965683
2026-08-26T11:52:45.936-04:00,3.710938,-87.198120
2026-08-26T11:52:45.936-04:00,3.906250,-83.966049
2026-08-26T11:52:45.936-04:00,4.101562,-84.521423
2026-08-26T11:52:45.936-04:00,4.296875,-86.225327
2026-08-26T11:52:45.936-04:00,4.492188,-90.737671
2026-08-26T11:52:45.936-04:00,4.687500,-114.526169
2026-08-26T11:52:45.936-04:00,4.882812,-96.072632
2026-08-26T11:52:45.936-04:00,5.078125,-96.279716
2026-08-26T11:52:45.936-04:00,5.273438,-103.081085
2026-08-26T11:52:45.936-04:00,5.468750,-103.046806
2026-08-26T11:52:45.936-04:00,5.664062,-101.132492
2026-08-26T11:52:45.936-04:00,5.859375,-103.778091
2026-08-26T11:52:45.936-04:00,6.054688,-98.084747
2026-08-26T11:52:45.936-04:00,6.250000,-100.103981
2026-08-26T11:52:45.936-04:00,6.445312,-99.904945
2026-08-26T11:52:45.936-04:00,6.640625,-101.363663
2026-08-26T11:52:45.936-04:00,6.835938,-105.694008
2026-08-26T11:52:45.936-04:00,7.031250,-116.403564
2026-08-26T11:52:45.936-04:00,7.226562,-100.112083
2026-08-26T11:52:45.936-04:00,7.421875,-96.890144
2026-08-26T11:52:45.936-04:00,7.617188,-101.602371
2026-08-26T11:52:45.936-04:00,7.812500,-100.376282
2026-08-26T11:52:45.936-04:00,8.007812,-95.279022
2026-08-26T11:52:45.936-04:00,8.203125,-95.351364
2026-08-26T11:52:45.936-04:00,8.398438,-99.170540
2026-08-26T11:52:45.936-04:00,8.593750,-103.080978
2026-08-26T11:52:45.936-04:00,8.789062,-109.541794
2026-08-26T11:52:45.936-04:00,8.984375,-104.041962
2026-08-26T11:52:45.936-04:00,9.179688,-104.428062
2026-08-26T11:52:45.936-04:00,9.375000,-107.949593
2026-08-26T11:52:45.936-04:00,9.570312,-106.534058
2026-08-26T11:52:45.936-04:00,9.765625,-100.730095
2026-08-26T11:52:45.936-04:00,9.960938,-97.798759
2026-08-26T11:52:45.936-04:00,10.156250,-97.943588
2026-08-26T11:52:45.936-04:00,10.351562,-102.924690
2026-08-26T11:52:45.936-04:00,10.546875,-109.263306
2026-08-26T11:52:45.936-04:00,10.742188,-105.878799
2026-08-26T11:52:45.936-04:00,10.937500,-98.198151
2026-08-26T11:52:45.936-04:00,11.132812,-96.905884
2026-08-26T11:52:45.936-04:00,11.328125,-100.757401
2026-08-26T11:52:45.936-04:00,11.523438,-99.186668
2026-08-26T11:52:45.936-04:00,11.718750,-97.816696
2026-08-26T11:52:45.936-04:00,11.914062,-102.511353
2026-08-26T11:52:45.936-04:00,12.109375,-105.994720
2026-08-26T11:52:45.936-04:00,12.304688,-102.768410
2026-08-26T11:52:45.936-04:00,12.500000,-108.597427
2026-08-26T11:52:45.936-04:00,12.695312,-108.439705
2026-08-26T11:52:45.936-04:00,12.890625,-102.118042
2026-08-26T11:52:45.936-04:00,13.085938,-99.259521
2026-08-26T11:52:45.936-04:00,13.281250,-101.615715
2026-08-26T11:52:45.936-04:00,13.476562,-107.320038
2026-08-26T11:52:45.936-04:00,13.671875,-103.598984
2026-08-26T11:52:45.936-04:00,13.867188,-100.339386
2026-08-26T11:52:45.936-04:00,14.062500,-100.034142
2026-08-26T11:52:45.936-04:00,14.257812,-102.252464
2026-08-26T11:52:45.936-04:00,14.453125,-103.272240
2026-08-26T11:52:45.936-04:00,14.648438,-105.759460
2026-08-26T11:52:45.936-04:00,14.843750,-106.952400
2026-08-26T11:52:45.936-04:00,15.039062,-99.352951
2026-08-26T11:52:45.936-04:00,15.234375,-100.515518
2026-08-26T11:52:45.936-04:00,15.429688,-106.272476
2026-08-26T11:52:45.936-04:00,15.625000,-112.063225
2026-08-26T11:52:45.936-04:00,15.820312,-114.370872
2026-08-26T11:52:45.936-04:00,16.015625,-104.624474
2026-08-26T11:52:45.936-04:00,16.210938,-102.169464
2026-08-26T11:52:45.936-04:00,16.406250,-109.259018
2026-08-26T11:52:45.936-04:00,16.601562,-105.520782
2026-08-26T11:52:45.936-04:00,16.796875,-107.503014
2026-08-26T11:52:45.936-04:00,16.992188,-114.385376
2026-08-26T11:52:45.936-04:00,17.187500,-107.117271
2026-08-26T11:52:45.936-04:00,17.382812,-112.932846
2026-08-26T11:52:45.936-04:00,17.578125,-118.884384
2026-08-26T11:52:45.936-04:00,17.773438,-107.461769
2026-08-26T11:52:45.936-04:00,17.968750,-106.469688
2026-08-26T11:52:45.936-04:00,18.164062,-119.538818
2026-08-26T11:52:45.936-04:00,18.359375,-108.213715
2026-08-26T11:52:45.936-04:00,18.554688,-107.527191
2026-08-26T11:52:45.936-04:00,18.750000,-114.306198
2026-08-26T11:52:45.936-04:00,18.945312,-112.238022
2026-08-26T11:52:45.936-04:00,19.140625,-109.823273
2026-08-26T11:52:45.936-04:00,19.335938,-107.415092
2026-08-26T11:52:45.936-04:00,19.531250,-109.185143
2026-08-26T11:52:45.936-04:00,19.726562,-115.432899
2026-08-26T11:52:45.936-04:00,19.921875,-123.284370
2026-08-26T11:52:46.482-04:00,-19.921875,-121.173248
2026-08-26T11:52:46.482-04:00,-19.726562,-120.255577
2026-08-26T11:52:46.482-04:00,-19.531250,-108.804436
2026-08-26T11:52:46.482-04:00,-19.335938,-106.741417
2026-08-26T11:52:46.482-04:00,-19.140625,-107.490120
2026-08-26T11:52:46.482-04:00,-18.945312,-107.901581
2026-08-26T11:52:46.482-04:00,-18.750000,-107.280312
2026-08-26T11:52:46.482-04:00,-18.554688,-106.239769
2026-08-26T11:52:46.482-04:00,-18.359375,-108.410561
2026-08-26T11:52:46.482-04:00,-18.164062,-111.197731
2026-08-26T11:52:46.482-04:00,-17.968750,-107.286636
2026-08-26T11:52:46.482-04:00,-17.773438,-107.832001
2026-08-26T11:52:46.482-04:00,-17.578125,-114.204369
2026-08-26T11:52:46.482-04:00,-17.382812,-113.191689
2026-08-26T11:52:46.482-04:00,-17.187500,-106.319649
2026-08-26T11:52:46.482-04:00,-16.992188,-105.096695
2026-08-26T11:52:46.482-04:00,-16.796875,-103.807228
2026-08-26T11:52:46.482-04:00,-16.601562,-105.019699
2026-08-26T11:52:46.482-04:00,-16.406250,-108.338135
2026-08-26T11:52:46.482-04:00,-16.210938,-101.863022
2026-08-26T11:52:46.482-04:00,-16.015625,-103.837845
2026-08-26T11:52:46.482-04:00,-15.820312,-115.677734
2026-08-26T11:52:46.482-04:00,-15.625000,-109.288246
2026-08-26T11:52:46.482-04:00,-15.429688,-106.401245
2026-08-26T11:52:46.482-04:00,-15.234375,-101.332413
2026-08-26T11:52:46.482-04:00,-15.039062,-99.138039
2026-08-26T11:52:46.482-04:00,-14.843750,-103.888130
2026-08-26T11:52:46.482-04:00,-14.648438,-103.897934
2026-08-26T11:52:46.482-04:00,-14.453125,-102.657990
2026-08-26T11:52:46.482-04:00,-14.257812,-102.814018
2026-08-26T11:52:46.482-04:00,-14.062500,-101.581657
2026-08-26T11:52:46.482-04:00,-13.867188,-103.027451
2026-08-26T11:52:46.482-04:00,-13.671875,-105.545799
2026-08-26T11:52:46.482-04:00,-13.476562,-118.082802
2026-08-26T11:52:46.482-04:00,-13.281250,-101.589394
2026-08-26T11:52:46.482-04:00,-13.085938,-98.970558
2026-08-26T11:52:46.482-04:00,-12.890625,-103.935738
2026-08-26T11:52:46.482-04:00,-12.695312,-110.045242
2026-08-26T11:52:46.482-04:00,-12.500000,-105.518143
2026-08-26T11:52:46.482-04:00,-12.304688,-102.952309
2026-08-26T11:52:46.482-04:00,-12.109375,-107.283279
2026-08-26T11:52:46.482-04:00,-11.914062,-104.420715
2026-08-26T11:52:46.482-04:00,-11.718750,-98.942169
2026-08-26T11:52:46.482-04:00,-11.523438,-96.462845
2026-08-26T11:52:46.482-04:00,-11.328125,-95.245064
2026-08-26T11:52:46.482-04:00,-11.132812,-94.483719
2026-08-26T11:52:46.482-04:00,-10.937500,-97.273987
2026-08-26T11:52:46.482-04:00,-10.742188,-108.665405
2026-08-26T11:52:46.482-04:00,-10.546875,-115.868370
2026-08-26T11:52:46.482-04:00,-10.351562,-107.504929
2026-08-26T11:52:46.482-04:00,-10.156250,-99.277718
2026-08-26T11:52:46.482-04:00,-9.960938,-100.160255
2026-08-26T11:52:46.482-04:00,-9.765625,-100.711212
2026-08-26T11:52:46.482-04:00,-9.570312,-101.567032
2026-08-26T11:52:46.482-04:00,-9.375000,-110.992264
2026-08-26T11:52:46.482-04:00,-9.179688,-104.686852
2026-08-26T11:52:46.482-04:00,-8.984375,-100.340759
2026-08-26T11:52:46.482-04:00,-8.789062,-101.526474
2026-08-26T11:52:46.482-04:00,-8.593750,-104.479691
2026-08-26T11:52:46.482-04:00,-8.398438,-107.463921
2026-08-26T11:52:46.482-04:00,-8.203125,-97.068245
2026-08-26T11:52:46.482-04:00,-8.007812,-95.481995
2026-08-26T11:52:46.482-04:00,-7.812500,-101.928902
2026-08-26T11:52:46.482-04:00,-7.617188,-104.288704
2026-08-26T11:52:46.482-04:00,-7.421875,-98.139297
2026-08-26T11:52:46.482-04:00,-7.226562,-98.319710
2026-08-26T11:52:46.482-04:00,-7.031250,-102.660446
2026-08-26T11:52:46.482-04:00,-6.835938,-112.506485
2026-08-26T11:52:46.482-04:00,-6.640625,-104.226242
2026-08-26T11:52:46.482-04:00,-6.445312,-103.438332
2026-08-26T11:52:46.482-04:00,-6.250000,-107.569847
2026-08-26T11:52:46.482-04:00,-6.054688,-99.273453
2026-08-26T11:52:46.482-04:00,-5.859375,-104.791023
2026-08-26T11:52:46.482-04:00,-5.664062,-100.289726
2026-08-26T11:52:46.482-04:00,-5.468750,-98.683586
2026-08-26T11:52:46.482-04:00,-5.273438,-100.466949
2026-08-26T11:52:46.482-04:00,-5.078125,-97.975685
2026-08-26T11:52:46.482-04:00,-4.882812,-95.024933
2026-08-26T11:52:46.482-04:00,-4.687500,-95.522186
2026-08-26T11:52:46.482-04:00,-4.492188,-91.344284
2026-08-26T11:52:46.482-04:00,-4.296875,-89.472580
2026-08-26T11:52:46.482-04:00,-4.101562,-88.903122
2026-08-26T11:52:46.482-04:00,-3.906250,-85.796616
2026-08-26T11:52:46.482-04:00,-3.710938,-86.298149
2026-08-26T11:52:46.482-04:00,-3.515625,-90.590149
2026-08-26T11:52:46.482-04:00,-3.320312,-92.422020
2026-08-26T11:52:46.482-04:00,-3.125000,-94.720551
2026-08-26T11:52:46.482-04:00,-2.929688,-89.019669
2026-08-26T11:52:46.482-04:00,-2.734375,-90.096481
2026-08-26T11:52:46.482-04:00,-2.539062,-88.177139
2026-08-26T11:52:46.482-04:00,-2.343750,-86.244522
2026-08-26T11:52:46.482-04:00,-2.148438,-83.007500
2026-08-26T11:52:46.482-04:00,-1.953125,-80.388870
2026-08-26T11:52:46.482-04:00,-1.757812,-81.228714
2026-08-26T11:52:46.482-04:00,-1.562500,-87.357483
2026-08-26T11:52:46.482-04:00,-1.367188,-93.469398
2026-08-26T11:52:46.482-04:00,-1.171875,-79.158081
2026-08-26T11:52:46.482-04:00,-0.976562,-73.731361
2026-08-26T11:52:46.482-04:00,-0.781250,-71.195229
2026-08-26T11:52:46.482-04:00,-0.585938,-66.525711
2026-08-26T11:52:46.482-04:00,-0.390625,-62.279633
2026-08-26T11:52:46.482-04:00,-0.195312,-63.088272
2026-08-26T11:52:46.482-04:00,0.000000,-75.214371
2026-08-26T11:52:46.482-04:00,0.195312,-63.088272
2026-08-26T11:52:46.482-04:00,0.390625,-62.279633
2026-08-26T11:52:46.482-04:00,0.585938,-66.525711
2026-08-26T11:52:46.482-04:00,0.781250,-71.195229
2026-08-26T11:52:46.482-04:00,0.976562,-73.731361
2026-08-26T11:52:46.482-04:00,1.171875,-79.158081
2026-08-26T11:52:46.482-04:00,1.367188,-93.469398
2026-08-26T11:52:46.482-04:00,1.562500,-87.357483
2026-08-26T11:52:46.482-04:00,1.757812,-81.228714
2026-08-26T11:52:46.482-04:00,1.953125,-80.388870
2026-08-26T11:52:46.482-04:00,2.148438,-83.007500
2026-08-26T11:52:46.482-04:00,2.343750,-86.244522
2026-08-26T11:52:46.482-04:00,2.539062,-88.177139
2026-08-26T11:52:46.482-04:00,2.734375,-90.096481
2026-08-26T11:52:46.482-04:00,2.929688,-89.019669
2026-08-26T11:52:46.482-04:00,3.125000,-94.720551
2026-08-26T11:52:46.482-04:00,3.320312,-92.422020
2026-08-26T11:52:46.482-04:00,3.515625,-90.590149
2026-08-26T11:52:46.482-04:00,3.710938,-86.298149
2026-08-26T11:52:46.482-04:00,3.906250,-85.796616
2026-08-26T11:52:46.482-04:00,4.101562,-88.903122
2026-08-26T11:52:46.482-04:00,4.296875,-89.472580
2026-08-26T11:52:46.482-04:00,4.492188,-91.344284
2026-08-26T11:52:46.482-04:00,4.687500,-95.522186
2026-08-26T11:52:46.482-04:00,4.882812,-95.024933
2026-08-26T11:52:46.482-04:00,5.078125,-97.975685
2026-08-26T11:52:46.482-04:00,5.273438,-100.466949
2026-08-26T11:52:46.482-04:00,5.468750,-98.683586
2026-08-26T11:52:46.482-04:00,5.664062,-100.289726
2026-08-26T11:52:46.482-04:00,5.859375,-104.791023
2026-08-26T11:52:46.482-04:00,6.054688,-99.273453
2026-08-26T11:52:46.482-04:00,6.250000,-107.569847
2026-08-26T11:52:46.482-04:00,6.445312,-103.438332
2026-08-26T11:52:46.482-04:00,6.640625,-104.226242
2026-08-26T11:52:46.482-04:00,6.835938,-112.506485
2026-08-26T11:52:46.482-04:00,7.031250,-102.660446
2026-08-26T11:52:46.482-04:00,7.226562,-98.319710
2026-08-26T11:52:46.482-04:00,7.421875,-98.139297
2026-08-26T11:52:46.482-04:00,7.617188,-104.288704
2026-08-26T11:52:46.482-04:00,7.812500,-101.928902
2026-08-26T11:52:46.482-04:00,8.007812,-95.481995
2026-08-26T11:52:46.482-04:00,8.203125,-97.068245
2026-08-26T11:52:46.482-04:00,8.398438,-107.463921
2026-08-26T11:52:46.482-04:00,8.593750,-104.479691
2026-08-26T11:52:46.482-04:00,8.789062,-101.526474
2026-08-26T11:52:46.482-04:00,8.984375,-100.340759
2026-08-26T11:52:46.482-04:00,9.179688,-104.686852
2026-08-26T11:52:46.482-04:00,9.375000,-110.992264
2026-08-26T11:52:46.482-04:00,9.570312,-101.567032
2026-08-26T11:52:46.482-04:00,9.765625,-100.711212
2026-08-26T11:52:46.482-04:00,9.960938,-100.160255
2026-08-26T11:52:46.482-04:00,10.156250,-99.277718
2026-08-26T11:52:46.482-04:00,10.351562,-107.504929
2026-08-26T11:52:46.482-04:00,10.546875,-115.868370
2026-08-26T11:52:46.482-04:00,10.742188,-108.665405
2026-08-26T11:52:46.482-04:00,10.937500,-97.273987
2026-08-26T11:52:46.482-04:00,11.132812,-94.483719
2026-08-26T11:52:46.482-04:00,11.328125,-95.245064
2026-08-26T11:52:46.482-04:00,11.523438,-96.462845
2026-08-26T11:52:46.482-04:00,11.718750,-98.942169
2026-08-26T11:52:46.482-04:00,11.914062,-104.420715
2026-08-26T11:52:46.482-04:00,12.109375,-107.283279
2026-08-26T11:52:46.482-04:00,12.304688,-102.952309
2026-08-26T11:52:46.482-04:00,12.500000,-105.518143
2026-08-26T11:52:46.482-04:00,12.695312,-110.045242
2026-08-26T11:52:46.482-04:00,12.890625,-103.935738
2026-08-26T11:52:46.482-04:00,13.085938,-98.970558
2026-08-26T11:52:46.482-04:00,13.281250,-101.589394
2026-08-26T11:52:46.482-04:00,13.476562,-118.082802
2026-08-26T11:52:46.482-04:00,13.671875,-105.545799
2026-08-26T11:52:46.482-04:00,13.867188,-103.027451
2026-08-26T11:52:46.482-04:00,14.062500,-101.581657
2026-08-26T11:52:46.482-04:00,14.257812,-102.814018
2026-08-26T11:52:46.482-04:00,14.453125,-102.657990
2026-08-26T11:52:46.482-04:00,14.648438,-103.897934
2026-08-26T11:52:46.482-04:00,14.843750,-103.888130
2026-08-26T11:52:46.482-04:00,15.039062,-99.138039
2026-08-26T11:52:46.482-04:00,15.234375,-101.332413
2026-08-26T11:52:46.482-04:00,15.429688,-106.401245
2026-08-26T11:52:46.482-04:00,15.625000,-109.288246
2026-08-26T11:52:46.482-04:00,15.820312,-115.677734
2026-08-26T11:52:46.482-04:00,16.015625,-103.837845
2026-08-26T11:52:46.482-04:00,16.210938,-101.863022
2026-08-26T11:52:46.482-04:00,16.406250,-108.338135
2026-08-26T11:52:46.482-04:00,16.601562,-105.019699
2026-08-26T11:52:46.482-04:00,16.796875,-103.807228
2026-08-26T11:52:46.482-04:00,16.992188,-105.096695
2026-08-26T11:52:46.482-04:00,17.187500,-106.319649
2026-08-26T11:52:46.482-04:00,17.382812,-113.191689
2026-08-26T11:52:46.482-04:00,17.578125,-114.204369
2026-08-26T11:52:46.482-04:00,17.773438,-107.832001
2026-08-26T11:52:46.482-04:00,17.968750,-107.286636
2026-08-26T11:52:46.482-04:00,18.164062,-111.197731
2026-08-26T11:52:46.482-04:00,18.359375,-108.410561
2026-08-26T11:52:46.482-04:00,18.554688,-106.239769
2026-08-26T11:52:46.482-04:00,18.750000,-107.280312
2026-08-26T11:52:46.482-04:00,18.945312,-107.901581
2026-08-26T11:52:46.482-04:00,19.140625,-107.490120
2026-08-26T11:52:46.482-04:00,19.335938,-106.741417
2026-08-26T11:52:46.482-04:00,19.531250,-108.804436
2026-08-26T11:52:46.482-04:00,19.726562,-120.255577
2026-08-26T11:52:46.482-04:00,19.921875,-121.173248
2026-08-26T11:52:47.027-04:00,-19.921875,-113.094650
2026-08-26T11:52:47.027-04:00,-19.726562,-112.465149
2026-08-26T11:52:47.027-04:00,-19.531250,-108.163300
2026-08-26T11:52:47.027-04:00,-19.335938,-108.786308
2026-08-26T11:52:47.027-04:00,-19.140625,-111.077469
2026-08-26T11:52:47.027-04:00,-18.945312,-107.956833
2026-08-26T11:52:47.027-04:00,-18.750000,-106.590469
2026-08-26T11:52:47.027-04:00,-18.554688,-107.059090
2026-08-26T11:52:47.027-04:00,-18.359375,-109.315865
2026-08-26T11:52:47.027-04:00,-18.164062,-110.846222
2026-08-26T11:52:47.027-04:00,-17.968750,-108.141136
2026-08-26T11:52:47.027-04:00,-17.773438,-108.297394
2026-08-26T11:52:47.027-04:00,-17.578125,-114.267548
2026-08-26T11:52:47.027-04:00,-17.382812,-115.883720
2026-08-26T11:52:47.027-04:00,-17.187500,-104.726097
2026-08-26T11:52:47.027-04:00,-16.992188,-102.006470
2026-08-26T11:52:47.027-04:00,-16.796875,-102.417519
2026-08-26T11:52:47.027-04:00,-16.601562,-103.281906
2026-08-26T11:52:47.027-04:00,-16.406250,-102.356705
2026-08-26T11:52:47.027-04:00,-16.210938,-100.455505
2026-08-26T11:52:47.027-04:00,-16.015625,-101.482910
2026-08-26T11:52:47.027-04:00,-15.820312,-105.195267
2026-08-26T11:52:47.027-04:00,-15.625000,-107.479370
2026-08-26T11:52:47.027-04:00,-15.429688,-116.846985
2026-08-26T11:52:47.027-04:00,-15.234375,-103.945450
2026-08-26T11:52:47.027-04:00,-15.039062,-98.603134
2026-08-26T11:52:47.027-04:00,-14.843750,-98.744400
2026-08-26T11:52:47.027-04:00,-14.648438,-100.627426
2026-08-26T11:52:47.027-04:00,-14.453125,-105.789734
2026-08-26T11:52:47.027-04:00,-14.257812,-110.314377
2026-08-26T11:52:47.027-04:00,-14.062500,-104.636978
2026-08-26T11:52:47.027-04:00,-13.867188,-111.244476
2026-08-26T11:52:47.027-04:00,-13.671875,-108.204758
2026-08-26T11:52:47.027-04:00,-13.476562,-104.061241
2026-08-26T11:52:47.027-04:00,-13.281250,-99.396599
2026-08-26T11:52:47.027-04:00,-13.085938,-98.514320
2026-08-26T11:52:47.027-04:00,-12.890625,-105.286621
2026-08-26T11:52:47.027-04:00,-12.695312,-115.075996
2026-08-26T11:52:47.027-04:00,-12.500000,-107.240067
2026-08-26T11:52:47.027-04:00,-12.304688,-103.002541
2026-08-26T11:52:47.027-04:00,-12.109375,-102.506287
2026-08-26T11:52:47.027-04:00,-11.914062,-104.988365
2026-08-26T11:52:47.027-04:00,-11.718750,-103.108147
2026-08-26T11:52:47.027-04:00,-11.523438,-97.324684
2026-08-26T11:52:47.027-04:00,-11.328125,-95.099030
2026-08-26T11:52:47.027-04:00,-11.132812,-94.291031
2026-08-26T11:52:47.027-04:00,-10.937500,-96.125488
2026-08-26T11:52:47.027-04:00,-10.742188,-101.800827
2026-08-26T11:52:47.027-04:00,-10.546875,-106.519485
2026-08-26T11:52:47.027-04:00,-10.351562,-102.848351
2026-08-26T11:52:47.027-04:00,-10.156250,-99.506599
2026-08-26T11:52:47.027-04:00,-9.960938,-106.048523
2026-08-26T11:52:47.027-04:00,-9.765625,-103.409943
2026-08-26T11:52:47.027-04:00,-9.570312,-98.061333
2026-08-26T11:52:47.027-04:00,-9.375000,-99.746353
2026-08-26T11:52:47.027-04:00,-9.179688,-99.061592
2026-08-26T11:52:47.027-04:00,-8.984375,-98.014381
2026-08-26T11:52:47.027-04:00,-8.789062,-99.823997
2026-08-26T11:52:47.027-04:00,-8.593750,-105.126175
2026-08-26T11:52:47.027-04:00,-8.398438,-107.561043
2026-08-26T11:52:47.027-04:00,-8.203125,-98.533173
2026-08-26T11:52:47.027-04:00,-8.007812,-95.717743
2026-08-26T11:52:47.027-04:00,-7.812500,-98.719650
2026-08-26T11:52:47.027-04:00,-7.617188,-103.470581
2026-08-26T11:52:47.027-04:00,-7.421875,-100.408333
2026-08-26T11:52:47.027-04:00,-7.226562,-97.331459
2026-08-26T11:52:47.027-04:00,-7.031250,-98.801659
2026-08-26T11:52:47.027-04:00,-6.835938,-101.980591
2026-08-26T11:52:47.027-04:00,-6.640625,-100.479553
2026-08-26T11:52:47.027-04:00,-6.445312,-99.902306
2026-08-26T11:52:47.027-04:00,-6.250000,-100.361023
2026-08-26T11:52:47.027-04:00,-6.054688,-98.430489
2026-08-26T11:52:47.027-04:00,-5.859375,-97.437485
2026-08-26T11:52:47.027-04:00,-5.664062,-96.221786
2026-08-26T11:52:47.027-04:00,-5.468750,-96.643860
2026-08-26T11:52:47.027-04:00,-5.273438,-103.890976
2026-08-26T11:52:47.027-04:00,-5.078125,-102.191071
2026-08-26T11:52:47.027-04:00,-4.882812,-93.722183
2026-08-26T11:52:47.027-04:00,-4.687500,-92.185059
2026-08-26T11:52:47.027-04:00,-4.492188,-94.574371
2026-08-26T11:52:47.027-04:00,-4.296875,-95.459373
2026-08-26T11:52:47.027-04:00,-4.101562,-107.066772
2026-08-26T11:52:47.027-04:00,-3.906250,-88.827164
2026-08-26T11:52:47.027-04:00,-3.710938,-86.136765
2026-08-26T11:52:47.027-04:00,-3.515625,-88.764740
2026-08-26T11:52:47.027-04:00,-3.320312,-94.552345
2026-08-26T11:52:47.027-04:00,-3.125000,-102.206047
2026-08-26T11:52:47.027-04:00,-2.929688,-90.984253
2026-08-26T11:52:47.027-04:00,-2.734375,-87.397446
2026-08-26T11:52:47.027-04:00,-2.539062,-86.777687
2026-08-26T11:52:47.027-04:00,-2.343750,-95.861443
2026-08-26T11:52:47.027-04:00,-2.148438,-88.930359
2026-08-26T11:52:47.027-04:00,-1.953125,-87.903976
2026-08-26T11:52:47.027-04:00,-1.757812,-87.281532
2026-08-26T11:52:47.027-04:00,-1.562500,-89.047890
2026-08-26T11:52:47.027-04:00,-1.367188,-96.374702
2026-08-26T11:52:47.027-04:00,-1.171875,-80.087936
2026-08-26T11:52:47.027-04:00,-0.976562,-75.403145
2026-08-26T11:52:47.027-04:00,-0.781250,-77.973572
2026-08-26T11:52:47.027-04:00,-0.585938,-71.929230
2026-08-26T11:52:47.027-04:00,-0.390625,-66.359802
2026-08-26T11:52:47.027-04:00,-0.195312,-65.950264
2026-08-26T11:52:47.027-04:00,0.000000,-68.977837
2026-08-26T11:52:47.027-04:00,0.195312,-65.950264
2026-08-26T11:52:47.027-04:00,0.390625,-66.359802
2026-08-26T11:52:47.027-04:00,0.585938,-71.929230
2026-08-26T11:52:47.027-04:00,0.781250,-77.973572
2026-08-26T11:52:47.027-04:00,0.976562,-75.403145
2026-08-26T11:52:47.027-04:00,1.171875,-80.087936
2026-08-26T11:52:47.027-04:00,1.367188,-96.374702
2026-08-26T11:52:47.027-04:00,1.562500,-89.047890
2026-08-26T11:52:47.027-04:00,1.757812,-87.281532
2026-08-26T11:52:47.027-04:00,1.953125,-87.903976
2026-08-26T11:52:47.027-04:00,2.148438,-88.930359
2026-08-26T11:52:47.027-04:00,2.343750,-95.861443
2026-08-26T11:52:47.027-04:00,2.539062,-86.777687
2026-08-26T11:52:47.027-04:00,2.734375,-87.397446
2026-08-26T11:52:47.027-04:00,2.929688,-90.984253
2026-08-26T11:52:47.027-04:00,3.125000,-102.206047
2026-08-26T11:52:47.027-04:00,3.320312,-94.552345
2026-08-26T11:52:47.027-04:00,3.515625,-88.764740
2026-08-26T11:52:47.027-04:00,3.710938,-86.136765
2026-08-26T11:52:47.027-04:00,3.906250,-88.827164
2026-08-26T11:52:47.027-04:00,4.101562,-107.066772
2026-08-26T11:52:47.027-04:00,4.296875,-95.459373
2026-08-26T11:52:47.027-04:00,4.492188,-94.574371
2026-08-26T11:52:47.027-04:00,4.687500,-92.185059
2026-08-26T11:52:47.027-04:00,4.882812,-93.722183
2026-08-26T11:52:47.027-04:00,5.078125,-102.191071
2026-08-26T11:52:47.027-04:00,5.273438,-103.890976
2026-08-26T11:52:47.027-04:00,5.468750,-96.643860
2026-08-26T11:52:47.027-04:00,5.664062,-96.221786
2026-08-26T11:52:47.027-04:00,5.859375,-97.437485
2026-08-26T11:52:47.027-04:00,6.054688,-98.430489
2026-08-26T11:52:47.027-04:00,6.250000,-100.361023
2026-08-26T11:52:47.027-04:00,6.445312,-99.902306
2026-08-26T11:52:47.027-04:00,6.640625,-100.479553
2026-08-26T11:52:47.027-04:00,6.835938,-101.980591
2026-08-26T11:52:47.027-04:00,7.031250,-98.801659
2026-08-26T11:52:47.027-04:00,7.226562,-97.331459
2026-08-26T11:52:47.027-04:00,7.421875,-100.408333
2026-08-26T11:52:47.027-04:00,7.617188,-103.470581
2026-08-26T11:52:47.027-04:00,7.812500,-98.719650
2026-08-26T11:52:47.027-04:00,8.007812,-95.717743
2026-08-26T11:52:47.027-04:00,8.203125,-98.533173
2026-08-26T11:52:47.027-04:00,8.398438,-107.561043
2026-08-26T11:52:47.027-04:00,8.593750,-105.126175
2026-08-26T11:52:47.027-04:00,8.789062,-99.823997
2026-08-26T11:52:47.027-04:00,8.984375,-98.014381
2026-08-26T11:52:47.027-04:00,9.179688,-99.061592
2026-08-26T11:52:47.027-04:00,9.375000,-99.746353
2026-08-26T11:52:47.027-04:00,9.570312,-98.061333
2026-08-26T11:52:47.027-04:00,9.765625,-103.409943
2026-08-26T11:52:47.027-04:00,9.960938,-106.048523
2026-08-26T11:52:47.027-04:00,10.156250,-99.506599
2026-08-26T11:52:47.027-04:00,10.351562,-102.848351
2026-08-26T11:52:47.027-04:00,10.546875,-106.519485
2026-08-26T11:52:47.027-04:00,10.742188,-101.800827
2026-08-26T11:52:47.027-04:00,10.937500,-96.125488
2026-08-26T11:52:47.027-04:00,11.132812,-94.291031
2026-08-26T11:52:47.027-04:00,11.328125,-95.099030
2026-08-26T11:52:47.027-04:00,11.523438,-97.324684
2026-08-26T11:52:47.027-04:00,11.718750,-103.108147
2026-08-26T11:52:47.027-04:00,11.914062,-104.988365
2026-08-26T11:52:47.027-04:00,12.109375,-102.506287
2026-08-26T11:52:47.027-04:00,12.304688,-103.002541
2026-08-26T11:52:47.027-04:00,12.500000,-107.240067
2026-08-26T11:52:47.027-04:00,12.695312,-115.075996
2026-08-26T11:52:47.027-04:00,12.890625,-105.286621
2026-08-26T11:52:47.027-04:00,13.085938,-98.514320
2026-08-26T11:52:47.027-04:00,13.281250,-99.396599
2026-08-26T11:52:47.027-04:00,13.476562,-104.061241
2026-08-26T11:52:47.027-04:00,13.671875,-108.204758
2026-08-26T11:52:47.027-04:00,13.867188,-111.244476
2026-08-26T11:52:47.027-04:00,14.062500,-104.636978
2026-08-26T11:52:47.027-04:00,14.257812,-110.314377
2026-08-26T11:52:47.027-04:00,14.453125,-105.789734
2026-08-26T11:52:47.027-04:00,14.648438,-100.627426
2026-08-26T11:52:47.027-04:00,14.843750,-98.744400
2026-08-26T11:52:47.027-04:00,15.039062,-98.603134
2026-08-26T11:52:47.027-04:00,15.234375,-103.945450
2026-08-26T11:52:47.027-04:00,15.429688,-116.846985
2026-08-26T11:52:47.027-04:00,15.625000,-107.479370
2026-08-26T11:52:47.027-04:00,15.820312,-105.195267
2026-08-26T11:52:47.027-04:00,16.015625,-101.482910
2026-08-26T11:52:47.027-04:00,16.210938,-100.455505
2026-08-26T11:52:47.027-04:00,16.406250,-102.356705
2026-08-26T11:52:47.027-04:00,16.601562,-103.281906
2026-08-26T11:52:47.027-04:00,16.796875,-102.417519
2026-08-26T11:52:47.027-04:00,16.992188,-102.006470
2026-08-26T11:52:47.027-04:00,17.187500,-104.726097
2026-08-26T11:52:47.027-04:00,17.382812,-115.883720
2026-08-26T11:52:47.027-04:00,17.578125,-114.267548
2026-08-26T11:52:47.027-04:00,17.773438,-108.297394
2026-08-26T11:52:47.027-04:00,17.968750,-108.141136
2026-08-26T11:52:47.027-04:00,18.164062,-110.846222
2026-08-26T11:52:47.027-04:00,18.359375,-109.315865
2026-08-26T11:52:47.027-04:00,18.554688,-107.059090
2026-08-26T11:52:47.027-04:00,18.750000,-106.590469
2026-08-26T11:52:47.027-04:00,18.945312,-107.956833
2026-08-26T11:52:47.027-04:00,19.140625,-111.077469
2026-08-26T11:52:47.027-04:00,19.335938,-108.786308
2026-08-26T11:52:47.027-04:00,19.531250,-108.163300
2026-08-26T11:52:47.027-04:00,19.726562,-112.465149
2026-08-26T11:52:47.027-04:00,19.921875,-113.094650
2026-08-26T11:52:47.574-04:00,-19.921875,-106.978035
2026-08-26T11:52:47.574-04:00,-19.726562,-107.802139
2026-08-26T11:52:47.574-04:00,-19.531250,-109.272247
2026-08-26T11:52:47.574-04:00,-19.335938,-112.171600
2026-08-26T11:52:47.574-04:00,-19.140625,-128.136002
2026-08-26T11:52:47.574-04:00,-18.945312,-110.171013
2026-08-26T11:52:47.574-04:00,-18.750000,-110.091026
2026-08-26T11:52:47.574-04:00,-18.554688,-111.338081
2026-08-26T11:52:47.574-04:00,-18.359375,-113.167488
2026-08-26T11:52:47.574-04:00,-18.164062,-123.689240
2026-08-26T11:52:47.574-04:00,-17.968750,-109.955826
2026-08-26T11:52:47.574-04:00,-17.773438,-110.552750
2026-08-26T11:52:47.574-04:00,-17.578125,-112.246887
2026-08-26T11:52:47.574-04:00,-17.382812,-108.427643
2026-08-26T11:52:47.574-04:00,-17.187500,-102.929039
2026-08-26T11:52:47.574-04:00,-16.992188,-101.952835
2026-08-26T11:52:47.574-04:00,-16.796875,-105.464943
2026-08-26T11:52:47.574-04:00,-16.601562,-106.768791
2026-08-26T11:52:47.574-04:00,-16.406250,-103.030487
2026-08-26T11:52:47.574-04:00,-16.210938,-101.044983
2026-08-26T11:52:47.574-04:00,-16.015625,-101.115646
2026-08-26T11:52:47.574-04:00,-15.820312,-103.725388
2026-08-26T11:52:47.574-04:00,-15.625000,-107.322151
2026-08-26T11:52:47.574-04:00,-15.429688,-110.966560
2026-08-26T11:52:47.574-04:00,-15.234375,-104.237633
2026-08-26T11:52:47.574-04:00,-15.039062,-99.038681
2026-08-26T11:52:47.574-04:00,-14.843750,-98.055054
2026-08-26T11:52:47.574-04:00,-14.648438,-100.466766
2026-08-26T11:52:47.574-04:00,-14.453125,-106.019867
2026-08-26T11:52:47.574-04:00,-14.257812,-108.929710
2026-08-26T11:52:47.574-04:00,-14.062500,-105.560272
2026-08-26T11:52:47.574-04:00,-13.867188,-110.673889
2026-08-26T11:52:47.574-04:00,-13.671875,-108.477852
2026-08-26T11:52:47.574-04:00,-13.476562,-102.457428
2026-08-26T11:52:47.574-04:00,-13.281250,-98.320938
2026-08-26T11:52:47.574-04:00,-13.085938,-97.888626
2026-08-26T11:52:47.574-04:00,-12.890625,-102.316093
2026-08-26T11:52:47.574-04:00,-12.695312,-108.910522
2026-08-26T11:52:47.574-04:00,-12.500000,-118.397629
2026-08-26T11:52:47.574-04:00,-12.304688,-103.785843
2026-08-26T11:52:47.574-04:00,-12.109375,-100.904877
2026-08-26T11:52:47.574-04:00,-11.914062,-107.433006
2026-08-26T11:52:47.574-04:00,-11.718750,-107.197563
2026-08-26T11:52:47.574-04:00,-11.523438,-100.319611
2026-08-26T11:52:47.574-04:00,-11.328125,-99.654739
2026-08-26T11:52:47.574-04:00,-11.132812,-97.104797
2026-08-26T11:52:47.574-04:00,-10.937500,-96.168213
2026-08-26T11:52:47.574-04:00,-10.742188,-100.476944
2026-08-26T11:52:47.574-04:00,-10.546875,-104.345627
2026-08-26T11:52:47.574-04:00,-10.351562,-100.620544
2026-08-26T11:52:47.574-04:00,-10.156250,-99.045837
2026-08-26T11:52:47.574-04:00,-9.960938,-100.916397
2026-08-26T11:52:47.574-04:00,-9.765625,-99.011223
2026-08-26T11:52:47.574-04:00,-9.570312,-95.266724
2026-08-26T11:52:47.574-04:00,-9.375000,-95.203690
2026-08-26T11:52:47.574-04:00,-9.179688,-96.819992
2026-08-26T11:52:47.574-04:00,-8.984375,-98.704926
2026-08-26T11:52:47.574-04:00,-8.789062,-101.028053
2026-08-26T11:52:47.574-04:00,-8.593750,-105.883446
2026-08-26T11:52:47.574-04:00,-8.398438,-107.501030
2026-08-26T11:52:47.574-04:00,-8.203125,-100.106575
2026-08-26T11:52:47.574-04:00,-8.007812,-96.260391
2026-08-26T11:52:47.574-04:00,-7.812500,-98.272545
2026-08-26T11:52:47.574-04:00,-7.617188,-110.797653
2026-08-26T11:52:47.574-04:00,-7.421875,-103.200928
2026-08-26T11:52:47.574-04:00,-7.226562,-97.897781
2026-08-26T11:52:47.574-04:00,-7.031250,-98.507118
2026-08-26T11:52:47.574-04:00,-6.835938,-100.149261
2026-08-26T11:52:47.574-04:00,-6.640625,-98.482971
2026-08-26T11:52:47.574-04:00,-6.445312,-97.717667
2026-08-26T11:52:47.574-04:00,-6.250000,-100.417549
2026-08-26T11:52:47.574-04:00,-6.054688,-100.667831
2026-08-26T11:52:47.574-04:00,-5.859375,-96.292435
2026-08-26T11:52:47.574-04:00,-5.664062,-95.057236
2026-08-26T11:52:47.574-04:00,-5.468750,-96.204590
2026-08-26T11:52:47.574-04:00,-5.273438,-100.135918
2026-08-26T11:52:47.574-04:00,-5.078125,-99.297630
2026-08-26T11:52:47.574-04:00,-4.882812,-93.427803
2026-08-26T11:52:47.574-04:00,-4.687500,-91.652191
2026-08-26T11:52:47.574-04:00,-4.492188,-99.908401
2026-08-26T11:52:47.574-04:00,-4.296875,-98.176048
2026-08-26T11:52:47.574-04:00,-4.101562,-94.806503
2026-08-26T11:52:47.574-04:00,-3.906250,-89.158737
2026-08-26T11:52:47.574-04:00,-3.710938,-87.427933
2026-08-26T11:52:47.574-04:00,-3.515625,-91.281593
2026-08-26T11:52:47.574-04:00,-3.320312,-96.168045
2026-08-26T11:52:47.574-04:00,-3.125000,-96.174057
2026-08-26T11:52:47.574-04:00,-2.929688,-92.872696
2026-08-26T11:52:47.574-04:00,-2.734375,-88.983345
2026-08-26T11:52:47.574-04:00,-2.539062,-86.819794
2026-08-26T11:52:47.574-04:00,-2.343750,-87.627632
2026-08-26T11:52:47.574-04:00,-2.148438,-87.330971
2026-08-26T11:52:47.574-04:00,-1.953125,-93.200951
2026-08-26T11:52:47.574-04:00,-1.757812,-90.851044
2026-08-26T11:52:47.574-04:00,-1.562500,-87.803505
2026-08-26T11:52:47.574-04:00,-1.367188,-87.956589
2026-08-26T11:52:47.574-04:00,-1.171875,-79.793961
2026-08-26T11:52:47.574-04:00,-0.976562,-77.256271
2026-08-26T11:52:47.574-04:00,-0.781250,-83.526878
2026-08-26T11:52:47.574-04:00,-0.585938,-76.592476
2026-08-26T11:52:47.574-04:00,-0.390625,-72.273254
2026-08-26T11:52:47.574-04:00,-0.195312,-68.803459
2026-08-26T11:52:47.574-04:00,0.000000,-67.130539
2026-08-26T11:52:47.574-04:00,0.195312,-68.803459
2026-08-26T11:52:47.574-04:00,0.390625,-72.273254
2026-08-26T11:52:47.574-04:00,0.585938,-76.592476
2026-08-26T11:52:47.574-04:00,0.781250,-83.526878
2026-08-26T11:52:47.574-04:00,0.976562,-77.256271
2026-08-26T11:52:47.574-04:00,1.171875,-79.793961
2026-08-26T11:52:47.574-04:00,1.367188,-87.956589
2026-08-26T11:52:47.574-04:00,1.562500,-87.803505
2026-08-26T11:52:47.574-04:00,1.757812,-90.851044
2026-08-26T11:52:47.574-04:00,1.953125,-93.200951
2026-08-26T11:52:47.574-04:00,2.148438,-87.330971
2026-08-26T11:52:47.574-04:00,2.343750,-87.627632
2026-08-26T11:52:47.574-04:00,2.539062,-86.819794
2026-08-26T11:52:47.574-04:00,2.734375,-88.983345
2026-08-26T11:52:47.574-04:00,2.929688,-92.872696
2026-08-26T11:52:47.574-04:00,3.125000,-96.174057
2026-08-26T11:52:47.574-04:00,3.320312,-96.168045
2026-08-26T11:52:47.574-04:00,3.515625,-91.281593
2026-08-26T11:52:47.574-04:00,3.710938,-87.427933
2026-08-26T11:52:47.574-04:00,3.906250,-89.158737
2026-08-26T11:52:47.574-04:00,4.101562,-94.806503
2026-08-26T11:52:47.574-04:00,4.296875,-98.176048
2026-08-26T11:52:47.574-04:00,4.492188,-99.908401
2026-08-26T11:52:47.574-04:00,4.687500,-91.652191
2026-08-26T11:52:47.574-04:00,4.882812,-93.427803
2026-08-26T11:52:47.574-04:00,5.078125,-99.297630
2026-08-26T11:52:47.574-04:00,5.273438,-100.135918
2026-08-26T11:52:47.574-04:00,5.468750,-96.204590
2026-08-26T11:52:47.574-04:00,5.664062,-95.057236
2026-08-26T11:52:47.574-04:00,5.859375,-96.292435
2026-08-26T11:52:47.574-04:00,6.054688,-100.667831
2026-08-26T11:52:47.574-04:00,6.250000,-100.417549
2026-08-26T11:52:47.574-04:00,6.445312,-97.717667
2026-08-26T11:52:47.574-04:00,6.640625,-98.482971
2026-08-26T11:52:47.574-04:00,6.835938,-100.149261
2026-08-26T11:52:47.574-04:00,7.031250,-98.507118
2026-08-26T11:52:47.574-04:00,7.226562,-97.897781
2026-08-26T11:52:47.574-04:00,7.421875,-103.200928
2026-08-26T11:52:47.574-04:00,7.617188,-110.797653
2026-08-26T11:52:47.574-04:00,7.812500,-98.272545
2026-08-26T11:52:47.574-04:00,8.007812,-96.260391
2026-08-26T11:52:47.574-04:00,8.203125,-100.106575
2026-08-26T11:52:47.574-04:00,8.398438,-107.501030
2026-08-26T11:52:47.574-04:00,8.593750,-105.883446
2026-08-26T11:52:47.574-04:00,8.789062,-101.028053
2026-08-26T11:52:47.574-04:00,8.984375,-98.704926
2026-08-26T11:52:47.574-04:00,9.179688,-96.819992
2026-08-26T11:52:47.574-04:00,9.375000,-95.203690
2026-08-26T11:52:47.574-04:00,9.570312,-95.266724
2026-08-26T11:52:47.574-04:00,9.765625,-99.011223
2026-08-26T11:52:47.574-04:00,9.960938,-100.916397
2026-08-26T11:52:47.574-04:00,10.156250,-99.045837
2026-08-26T11:52:47.574-04:00,10.351562,-100.620544
2026-08-26T11:52:47.574-04:00,10.546875,-104.345627
2026-08-26T11:52:47.574-04:00,10.742188,-100.476944
2026-08-26T11:52:47.574-04:00,10.937500,-96.168213
2026-08-26T11:52:47.574-04:00,11.132812,-97.104797
2026-08-26T11:52:47.574-04:00,11.328125,-99.654739
2026-08-26T11:52:47.574-04:00,11.523438,-100.319611
2026-08-26T11:52:47.574-04:00,11.718750,-107.197563
2026-08-26T11:52:47.574-04:00,11.914062,-107.433006
2026-08-26T11:52:47.574-04:00,12.109375,-100.904877
2026-08-26T11:52:47.574-04:00,12.304688,-103.785843
2026-08-26T11:52:47.574-04:00,12.500000,-118.397629
2026-08-26T11:52:47.574-04:00,12.695312,-108.910522
2026-08-26T11:52:47.574-04:00,12.890625,-102.316093
2026-08-26T11:52:47.574-04:00,13.085938,-97.888626
2026-08-26T11:52:47.574-04:00,13.281250,-98.320938
2026-08-26T11:52:47.574-04:00,13.476562,-102.457428
2026-08-26T11:52:47.574-04:00,13.671875,-108.477852
2026-08-26T11:52:47.574-04:00,13.867188,-110.673889
2026-08-26T11:52:47.574-04:00,14.062500,-105.560272
2026-08-26T11:52:47.574-04:00,14.257812,-108.929710
2026-08-26T11:52:47.574-04:00,14.453125,-106.019867
2026-08-26T11:52:47.574-04:00,14.648438,-100.466766
2026-08-26T11:52:47.574-04:00,14.843750,-98.055054
2026-08-26T11:52:47.574-04:00,15.039062,-99.038681
2026-08-26T11:52:47.574-04:00,15.234375,-104.237633
2026-08-26T11:52:47.574-04:00,15.429688,-110.966560
2026-08-26T11:52:47.574-04:00,15.625000,-107.322151
2026-08-26T11:52:47.574-04:00,15.820312,-103.725388
2026-08-26T11:52:47.574-04:00,16.015625,-101.115646
2026-08-26T11:52:47.574-04:00,16.210938,-101.044983
2026-08-26T11:52:47.574-04:00,16.406250,-103.030487
2026-08-26T11:52:47.574-04:00,16.601562,-106.768791
2026-08-26T11:52:47.574-04:00,16.796875,-105.464943
2026-08-26T11:52:47.574-04:00,16.992188,-101.952835
2026-08-26T11:52:47.574-04:00,17.187500,-102.929039
2026-08-26T11:52:47.574-04:00,17.382812,-108.427643
2026-08-26T11:52:47.574-04:00,17.578125,-112.246887
2026-08-26T11:52:47.574-04:00,17.773438,-110.552750
2026-08-26T11:52:47.574-04:00,17.968750,-109.955826
2026-08-26T11:52:47.574-04:00,18.164062,-123.689240
2026-08-26T11:52:47.574-04:00,18.359375,-113.167488
2026-08-26T11:52:47.574-04:00,18.554688,-111.338081
2026-08-26T11:52:47.574-04:00,18.750000,-110.091026
2026-08-26T11:52:47.574-04:00,18.945312,-110.171013
2026-08-26T11:52:47.574-04:00,19.140625,-128.136002
2026-08-26T11:52:47.574-04:00,19.335938,-112.171600
2026-08-26T11:52:47.574-04:00,19.531250,-109.272247
2026-08-26T11:52:47.574-04:00,19.726562,-107.802139
2026-08-26T11:52:47.574-04:00,19.921875,-106.978035
